TAP version 13
# Subtest: platform sessions validate and obsolete single-token shapes fail closed
ok 1 - platform sessions validate and obsolete single-token shapes fail closed
  ---
  duration_ms: 3.224875
  type: 'test'
  ...
# Subtest: session membership never bypasses JWT signature, expiry, algorithm or nbf
ok 2 - session membership never bypasses JWT signature, expiry, algorithm or nbf
  ---
  duration_ms: 1.595375
  type: 'test'
  ...
# Subtest: platform token metadata can shorten but cannot extend JWT expiration
ok 3 - platform token metadata can shorten but cannot extend JWT expiration
  ---
  duration_ms: 0.403875
  type: 'test'
  ...
# Subtest: passwords are salted and plaintext credentials are rejected
ok 4 - passwords are salted and plaintext credentials are rejected
  ---
  duration_ms: 235.947333
  type: 'test'
  ...
# Subtest: build verification accepts matching source and rejects stale or dirty artifacts
ok 5 - build verification accepts matching source and rejects stale or dirty artifacts
  ---
  duration_ms: 869.454708
  type: 'test'
  ...
# Subtest: archived release recipe preserves same-run artifact provenance without activation
ok 6 - archived release recipe preserves same-run artifact provenance without activation
  ---
  duration_ms: 19.03175
  type: 'test'
  ...
# Subtest: complete artifact manifests reject changed, missing, extra files and untracked build inputs
ok 7 - complete artifact manifests reject changed, missing, extra files and untracked build inputs
  ---
  duration_ms: 2499.009959
  type: 'test'
  ...
# Subtest: bridge API accepts Chinese log names and existing supported names
ok 8 - bridge API accepts Chinese log names and existing supported names
  ---
  duration_ms: 1.6965
  type: 'test'
  ...
# Subtest: bridge API still rejects unsafe relative names and excessive length
ok 9 - bridge API still rejects unsafe relative names and excessive length
  ---
  duration_ms: 0.83175
  type: 'test'
  ...
# Subtest: API restricts absolute log paths to the configured directory or /dev/null
ok 10 - API restricts absolute log paths to the configured directory or /dev/null
  ---
  duration_ms: 0.111458
  type: 'test'
  ...
# Subtest: cron validation accepts leading-zero schedules and legacy null labels
ok 11 - cron validation accepts leading-zero schedules and legacy null labels
  ---
  duration_ms: 67.71625
  type: 'test'
  ...
# Subtest: cron validation identifies invalid fields
ok 12 - cron validation identifies invalid fields
  ---
  duration_ms: 4.460209
  type: 'test'
  ...
# Subtest: today failures includes recovered and deleted tasks, excluding previous days and successes
ok 13 - today failures includes recovered and deleted tasks, excluding previous days and successes
  ---
  duration_ms: 358.910792
  type: 'test'
  ...
# Subtest: dependency listing marks cache entries missing from disk for reinstall
ok 14 - dependency listing marks cache entries missing from disk for reinstall
  ---
  duration_ms: 302.218417
  type: 'test'
  ...
# Subtest: container logging discards stdout and forwards startup errors without persistent copies
ok 15 - container logging discards stdout and forwards startup errors without persistent copies
  ---
  duration_ms: 10.778125
  type: 'test'
  ...
# Subtest: non-container installs keep the PM2 logging defaults
ok 16 - non-container installs keep the PM2 logging defaults
  ---
  duration_ms: 22.666125
  type: 'test'
  ...
# Subtest: scheduler submission failure settles and next Task identity can be submitted
ok 17 - scheduler submission failure settles and next Task identity can be submitted
  ---
  duration_ms: 4.549875
  type: 'test'
  ...
# Subtest: completion waits for slow log consumers and preserves the final output
ok 18 - completion waits for slow log consumers and preserves the final output
  ---
  duration_ms: 99.774083
  type: 'test'
  ...
# Subtest: exit is not completion, and UTF-8 split across writes remains intact
ok 19 - exit is not completion, and UTF-8 split across writes remains intact
  ---
  duration_ms: 14.193333
  type: 'test'
  ...
# Subtest: failed log sink drains large output instead of blocking the child
ok 20 - failed log sink drains large output instead of blocking the child
  ---
  duration_ms: 157.729959
  type: 'test'
  ...
# Subtest: PID response keeps queue capacity occupied until cleanup completes
ok 21 - PID response keeps queue capacity occupied until cleanup completes
  ---
  duration_ms: 604.254333
  type: 'test'
  ...
# Subtest: before/error/end callback failures settle and release capacity
ok 22 - before/error/end callback failures settle and release capacity
  ---
  duration_ms: 292.115625
  type: 'test'
  ...
# Subtest: concurrent writes and closes preserve all bytes, and failed files can be closed
ok 23 - concurrent writes and closes preserve all bytes, and failed files can be closed
  ---
  duration_ms: 166.977542
  type: 'test'
  ...
# Subtest: file access enforces directory boundaries, blacklist descendants and symlinks
ok 24 - file access enforces directory boundaries, blacklist descendants and symlinks
  ---
  duration_ms: 5.489292
  type: 'test'
  ...
# Subtest: readDirs preserves the recursive tree contract and ignores blocked entries
ok 25 - readDirs preserves the recursive tree contract and ignores blocked entries
  ---
  duration_ms: 112.319167
  type: 'test'
  ...
# Subtest: gRPC cron response preserves Sequelize model fields through protobuf serialization
ok 26 - gRPC cron response preserves Sequelize model fields through protobuf serialization
  ---
  duration_ms: 90.239917
  type: 'test'
  ...
# Subtest: legacy plain cron rows normalize absent repeated fields
ok 27 - legacy plain cron rows normalize absent repeated fields
  ---
  duration_ms: 0.214459
  type: 'test'
  ...
# Subtest: HTTP listener preserves private binding and releases its port after shutdown
ok 28 - HTTP listener preserves private binding and releases its port after shutdown
  ---
  duration_ms: 85.144417
  type: 'test'
  ...
# Subtest: custom cluster deployments can restore shared listening
ok 29 - custom cluster deployments can restore shared listening
  ---
  duration_ms: 5.606375
  type: 'test'
  ...
# Subtest: HTTP authentication protects init, scopes, expired sessions and config secrets
ok 30 - HTTP authentication protects init, scopes, expired sessions and config secrets
  ---
  duration_ms: 557.641792
  type: 'test'
  ...
# Subtest: HTTP binding 127.0.0.1 never broadens an explicit private address
ok 31 - HTTP binding 127.0.0.1 never broadens an explicit private address
  ---
  duration_ms: 21.657375
  type: 'test'
  ...
# Subtest: gRPC binding 127.0.0.1 never broadens an explicit private address
ok 32 - gRPC binding 127.0.0.1 never broadens an explicit private address
  ---
  duration_ms: 38.910584
  type: 'test'
  ...
# Subtest: HTTP binding ::1 never broadens an explicit private address
ok 33 - HTTP binding ::1 never broadens an explicit private address
  ---
  duration_ms: 8.985375
  type: 'test'
  ...
# Subtest: gRPC binding ::1 never broadens an explicit private address
ok 34 - gRPC binding ::1 never broadens an explicit private address
  ---
  duration_ms: 14.548292
  type: 'test'
  ...
# Subtest: HTTP binding 192.0.2.1 never broadens an explicit private address
ok 35 - HTTP binding 192.0.2.1 never broadens an explicit private address
  ---
  duration_ms: 21.6495
  type: 'test'
  ...
# Subtest: gRPC binding 192.0.2.1 never broadens an explicit private address
ok 36 - gRPC binding 192.0.2.1 never broadens an explicit private address
  ---
  duration_ms: 9.088084
  type: 'test'
  ...
# Subtest: HTTP binding :: never broadens an explicit private address
ok 37 - HTTP binding :: never broadens an explicit private address
  ---
  duration_ms: 31.197625
  type: 'test'
  ...
# Subtest: gRPC binding :: never broadens an explicit private address
ok 38 - gRPC binding :: never broadens an explicit private address
  ---
  duration_ms: 8.902208
  type: 'test'
  ...
# Subtest: log streams reject traversal, sibling prefixes and escaping symlinks before writing
ok 39 - log streams reject traversal, sibling prefixes and escaping symlinks before writing
  ---
  duration_ms: 71.340667
  type: 'test'
  ...
# Subtest: log initialization rejects unsafe paths before mkdir or file writes
ok 40 - log initialization rejects unsafe paths before mkdir or file writes
  ---
  duration_ms: 306.659292
  type: 'test'
  ...
# Subtest: manual execution rejects escaping log names before creating directories or spawning
ok 41 - manual execution rejects escaping log names before creating directories or spawning
  ---
  duration_ms: 1011.986209
  type: 'test'
  ...
# Subtest: log reader defaults to a bounded tail and supports incremental reads
ok 42 - log reader defaults to a bounded tail and supports incremental reads
  ---
  duration_ms: 10.430083
  type: 'test'
  ...
# Subtest: log reader enforces the maximum chunk size
ok 43 - log reader enforces the maximum chunk size
  ---
  duration_ms: 4.855291
  type: 'test'
  ...
# Subtest: log reader preserves UTF-8 characters across byte boundaries
ok 44 - log reader preserves UTF-8 characters across byte boundaries
  ---
  duration_ms: 37.788708
  type: 'test'
  ...
# Subtest: missing logs return an empty chunk
ok 45 - missing logs return an empty chunk
  ---
  duration_ms: 1.009291
  type: 'test'
  ...
# Subtest: manual execution captures a short child before slow status storage and flushes before release
ok 46 - manual execution captures a short child before slow status storage and flushes before release
  ---
  duration_ms: 1245.750167
  type: 'test'
  ...
# Subtest: metrics keep only the newest bounded samples
ok 47 - metrics keep only the newest bounded samples
  ---
  duration_ms: 22.293541
  type: 'test'
  ...
# Subtest: empty metric queries return finite aggregates
ok 48 - empty metric queries return finite aggregates
  ---
  duration_ms: 0.580417
  type: 'test'
  ...
# Subtest: health probes bypass request metric retention with or without base URL
ok 49 - health probes bypass request metric retention with or without base URL
  ---
  duration_ms: 0.732417
  type: 'test'
  ...
# Subtest: non-health requests keep bounded service metrics
ok 50 - non-health requests keep bounded service metrics
  ---
  duration_ms: 7.068666
  type: 'test'
  ...
# Subtest: ordinary request metrics are sampled instead of retained per request
ok 51 - ordinary request metrics are sampled instead of retained per request
  ---
  duration_ms: 0.442458
  type: 'test'
  ...
# Subtest: warm cache avoids pnpm, preserves spaces, and never evaluates cached text
ok 52 - warm cache avoids pnpm, preserves spaces, and never evaluates cached text
  ---
  duration_ms: 791.323917
  type: 'test'
  ...
# Subtest: config, environment, cwd, and executable changes invalidate discovery
ok 53 - config, environment, cwd, and executable changes invalidate discovery
  ---
  duration_ms: 1789.732625
  type: 'test'
  ...
# Subtest: expired or malformed records refresh and failed lookups are not cached
ok 54 - expired or malformed records refresh and failed lookups are not cached
  ---
  duration_ms: 1180.230542
  type: 'test'
  ...
# Subtest: disabled or unavailable cache falls back without changing discovery output
ok 55 - disabled or unavailable cache falls back without changing discovery output
  ---
  duration_ms: 724.934792
  type: 'test'
  ...
# Subtest: concurrent refreshes publish complete records and do not overwrite symlink targets
ok 56 - concurrent refreshes publish complete records and do not overwrite symlink targets
  ---
  duration_ms: 1242.904875
  type: 'test'
  ...
# Subtest: task entry tolerates discovery failure with errexit enabled
ok 57 - task entry tolerates discovery failure with errexit enabled
  ---
  duration_ms: 770.5645
  type: 'test'
  ...
# Subtest: simultaneous cold and expired lookups share one successful refresh
ok 58 - simultaneous cold and expired lookups share one successful refresh # SKIP
  ---
  duration_ms: 0.457584
  type: 'test'
  ...
# Subtest: waiters with different configuration do not reuse another key
ok 59 - waiters with different configuration do not reuse another key # SKIP
  ---
  duration_ms: 0.067791
  type: 'test'
  ...
# Subtest: lock timeout falls back while a holder is still alive
ok 60 - lock timeout falls back while a holder is still alive # SKIP
  ---
  duration_ms: 0.111958
  type: 'test'
  ...
# Subtest: absent or unsupported flock and unsafe lock paths preserve discovery
ok 61 - absent or unsupported flock and unsafe lock paths preserve discovery
  ---
  duration_ms: 3349.346583
  type: 'test'
  ...
# Subtest: failed refresh releases lock and does not publish a success
ok 62 - failed refresh releases lock and does not publish a success
  ---
  duration_ms: 987.432458
  type: 'test'
  ...
# Subtest: refresh leaves the caller file descriptor and umask unchanged
ok 63 - refresh leaves the caller file descriptor and umask unchanged
  ---
  duration_ms: 1149.198584
  type: 'test'
  ...
# Subtest: container APM policy keeps worker isolation and can restore all inherited probes
ok 64 - container APM policy keeps worker isolation and can restore all inherited probes
  ---
  duration_ms: 3.751
  type: 'test'
  ...
# Subtest: standalone PM2 monitoring stays enabled
ok 65 - standalone PM2 monitoring stays enabled
  ---
  duration_ms: 0.9185
  type: 'test'
  ...
# Subtest: termination accepts Linux exited state Z before PID reaping
ok 66 - termination accepts Linux exited state Z before PID reaping
  ---
  duration_ms: 33.372625
  type: 'test'
  ...
# Subtest: termination accepts Linux exited state X before PID reaping
ok 67 - termination accepts Linux exited state X before PID reaping
  ---
  duration_ms: 10.227083
  type: 'test'
  ...
# Subtest: termination accepts Linux exited state x before PID reaping
ok 68 - termination accepts Linux exited state x before PID reaping
  ---
  duration_ms: 17.450541
  type: 'test'
  ...
# Subtest: termination keeps waiting while the process is running
ok 69 - termination keeps waiting while the process is running
  ---
  duration_ms: 40.964292
  type: 'test'
  ...
# Subtest: a process disappearing during the procfs read is accepted
ok 70 - a process disappearing during the procfs read is accepted
  ---
  duration_ms: 9.852542
  type: 'test'
  ...
# Subtest: permission failures are not reported as successful termination
ok 71 - permission failures are not reported as successful termination
  ---
  duration_ms: 7.256209
  type: 'test'
  ...
# Subtest: rejects case variations under protected API namespaces
ok 72 - rejects case variations under protected API namespaces
  ---
  duration_ms: 1.047417
  type: 'test'
  ...
# Subtest: allows normalized protected paths and unrelated paths
ok 73 - allows normalized protected paths and unrelated paths
  ---
  duration_ms: 0.195583
  type: 'test'
  ...
# Subtest: ql log reads the requested system log history without PM2
ok 74 - ql log reads the requested system log history without PM2
  ---
  duration_ms: 28.728834
  type: 'test'
  ...
# Subtest: ql log follows the current Winston system log without PM2
ok 75 - ql log follows the current Winston system log without PM2
  ---
  duration_ms: 1010.212541
  type: 'test'
  ...
# Subtest: ql log reports when no persisted system log exists
ok 76 - ql log reports when no persisted system log exists
  ---
  duration_ms: 12.832375
  type: 'test'
  ...
# Subtest: retention policy defaults to disabled and clamps invalid values
ok 77 - retention policy defaults to disabled and clamps invalid values
  ---
  duration_ms: 0.90225
  type: 'test'
  ...
# Subtest: directory preview counts files recursively and ignores symlinks
ok 78 - directory preview counts files recursively and ignores symlinks
  ---
  duration_ms: 16.998791
  type: 'test'
  ...
# Subtest: cleanup previews first, protects running instances, and uses explicit options
ok 79 - cleanup previews first, protects running instances, and uses explicit options
  ---
  duration_ms: 67.003583
  type: 'test'
  ...
# Subtest: schedule health check uses the HTTP health endpoint and system logs
    # Subtest: returns serving for a healthy prefixed HTTP service
    ok 1 - returns serving for a healthy prefixed HTTP service
      ---
      duration_ms: 22.731
      type: 'test'
      ...
    # Subtest: reports recent system logs when HTTP startup fails
    ok 2 - reports recent system logs when HTTP startup fails
      ---
      duration_ms: 12.590167
      type: 'test'
      ...
    1..2
ok 80 - schedule health check uses the HTTP health endpoint and system logs
  ---
  duration_ms: 41.263417
  type: 'test'
  ...
# Subtest: scheduler lock survives nested file writes and releases after success
ok 81 - scheduler lock survives nested file writes and releases after success
  ---
  duration_ms: 52.211084
  type: 'test'
  ...
# Subtest: scheduler lock survives nested file writes and releases after failure
ok 82 - scheduler lock survives nested file writes and releases after failure
  ---
  duration_ms: 23.888625
  type: 'test'
  ...
# Subtest: recovery snapshot cannot overwrite concurrent create
ok 83 - recovery snapshot cannot overwrite concurrent create
  ---
  duration_ms: 529.196333
  type: 'test'
  ...
# Subtest: recovery snapshot cannot overwrite concurrent update
ok 84 - recovery snapshot cannot overwrite concurrent update
  ---
  duration_ms: 380.111875
  type: 'test'
  ...
# Subtest: recovery snapshot cannot overwrite concurrent remove
ok 85 - recovery snapshot cannot overwrite concurrent remove
  ---
  duration_ms: 293.150875
  type: 'test'
  ...
# Subtest: recovery snapshot cannot overwrite concurrent disabled
ok 86 - recovery snapshot cannot overwrite concurrent disabled
  ---
  duration_ms: 279.820708
  type: 'test'
  ...
# Subtest: recovery snapshot cannot overwrite concurrent enabled
ok 87 - recovery snapshot cannot overwrite concurrent enabled
  ---
  duration_ms: 309.017875
  type: 'test'
  ...
# Subtest: recovery waits for an admitted mutation to finish registration before reading the DB
ok 88 - recovery waits for an admitted mutation to finish registration before reading the DB
  ---
  duration_ms: 296.530209
  type: 'test'
  ...
# Subtest: create preserves scheduler 503 after rollback and releases its lock
ok 89 - create preserves scheduler 503 after rollback and releases its lock
  ---
  duration_ms: 205.287542
  type: 'test'
  ...
# Subtest: update preserves scheduler 503 after rollback and releases its lock
ok 90 - update preserves scheduler 503 after rollback and releases its lock
  ---
  duration_ms: 190.521833
  type: 'test'
  ...
# Subtest: enabled preserves scheduler 503 after rollback and releases its lock
ok 91 - enabled preserves scheduler 503 after rollback and releases its lock
  ---
  duration_ms: 134.156167
  type: 'test'
  ...
# Subtest: scheduler lock excludes a second OS process and leaves no lock after completion
ok 92 - scheduler lock excludes a second OS process and leaves no lock after completion
  ---
  duration_ms: 463.035584
  type: 'test'
  ...
# Subtest: update aborts on RPC 4 with deletion applied=false and reconciles the original DB
ok 93 - update aborts on RPC 4 with deletion applied=false and reconciles the original DB
  ---
  duration_ms: 208.059
  type: 'test'
  ...
# Subtest: update aborts on RPC 4 with deletion applied=true and reconciles the original DB
ok 94 - update aborts on RPC 4 with deletion applied=true and reconciles the original DB
  ---
  duration_ms: 120.513167
  type: 'test'
  ...
# Subtest: update aborts on RPC 14 with deletion applied=false and reconciles the original DB
ok 95 - update aborts on RPC 14 with deletion applied=false and reconciles the original DB
  ---
  duration_ms: 99.740416
  type: 'test'
  ...
# Subtest: update aborts on RPC 14 with deletion applied=true and reconciles the original DB
ok 96 - update aborts on RPC 14 with deletion applied=true and reconciles the original DB
  ---
  duration_ms: 147.319291
  type: 'test'
  ...
# Subtest: remove aborts on RPC 4 with deletion applied=false and reconciles the original DB
ok 97 - remove aborts on RPC 4 with deletion applied=false and reconciles the original DB
  ---
  duration_ms: 218.240125
  type: 'test'
  ...
# Subtest: remove aborts on RPC 4 with deletion applied=true and reconciles the original DB
ok 98 - remove aborts on RPC 4 with deletion applied=true and reconciles the original DB
  ---
  duration_ms: 186.626
  type: 'test'
  ...
# Subtest: remove aborts on RPC 14 with deletion applied=false and reconciles the original DB
ok 99 - remove aborts on RPC 14 with deletion applied=false and reconciles the original DB
  ---
  duration_ms: 153.868375
  type: 'test'
  ...
# Subtest: remove aborts on RPC 14 with deletion applied=true and reconciles the original DB
ok 100 - remove aborts on RPC 14 with deletion applied=true and reconciles the original DB
  ---
  duration_ms: 253.050792
  type: 'test'
  ...
# Subtest: disabled aborts on RPC 4 with deletion applied=false and reconciles the original DB
ok 101 - disabled aborts on RPC 4 with deletion applied=false and reconciles the original DB
  ---
  duration_ms: 222.241625
  type: 'test'
  ...
# Subtest: disabled aborts on RPC 4 with deletion applied=true and reconciles the original DB
ok 102 - disabled aborts on RPC 4 with deletion applied=true and reconciles the original DB
  ---
  duration_ms: 259.925667
  type: 'test'
  ...
# Subtest: disabled aborts on RPC 14 with deletion applied=false and reconciles the original DB
ok 103 - disabled aborts on RPC 14 with deletion applied=false and reconciles the original DB
  ---
  duration_ms: 262.166375
  type: 'test'
  ...
# Subtest: disabled aborts on RPC 14 with deletion applied=true and reconciles the original DB
ok 104 - disabled aborts on RPC 14 with deletion applied=true and reconciles the original DB
  ---
  duration_ms: 229.4655
  type: 'test'
  ...
# Subtest: configuration rollback cannot restore an obsolete manual queue token
ok 105 - configuration rollback cannot restore an obsolete manual queue token
  ---
  duration_ms: 331.923959
  type: 'test'
  ...
# Subtest: readiness stays false through failed restoration and retries without idle polling
ok 106 - readiness stays false through failed restoration and retries without idle polling
  ---
  duration_ms: 85.751708
  type: 'test'
  ...
# Subtest: single-flight recovery cannot mark an invalidated generation ready
ok 107 - single-flight recovery cannot mark an invalidated generation ready
  ---
  duration_ms: 37.280958
  type: 'test'
  ...
# Subtest: mutation waiting is bounded, a later recovery can succeed
ok 108 - mutation waiting is bounded, a later recovery can succeed
  ---
  duration_ms: 19.079833
  type: 'test'
  ...
# Subtest: probe failure immediately invalidates a previously ready scheduler
ok 109 - probe failure immediately invalidates a previously ready scheduler
  ---
  duration_ms: 43.649792
  type: 'test'
  ...
# Subtest: health checks actual gRPC transport without requiring Task projection restoration
ok 110 - health checks actual gRPC transport without requiring Task projection restoration
  ---
  duration_ms: 132.66625
  type: 'test'
  ...
# Subtest: recovery registration errors propagate while ordinary autosave retains file synchronization
ok 111 - recovery registration errors propagate while ordinary autosave retains file synchronization
  ---
  duration_ms: 8.888084
  type: 'test'
  ...
# Subtest: scheduler probe uses the cron channel and failed writes are not replayed
ok 112 - scheduler probe uses the cron channel and failed writes are not replayed
  ---
  duration_ms: 111.882666
  type: 'test'
  ...
# Subtest: scheduler health probe never calls back into HTTP health
ok 113 - scheduler health probe never calls back into HTTP health
  ---
  duration_ms: 11.31525
  type: 'test'
  ...
# Subtest: recovery reconciles a surviving scheduler after missed deletes and disables, including an empty DB
ok 114 - recovery reconciles a surviving scheduler after missed deletes and disables, including an empty DB
  ---
  duration_ms: 29.690083
  type: 'test'
  ...
# Subtest: invalid replacement leaves the previous schedule intact
ok 115 - invalid replacement leaves the previous schedule intact
  ---
  duration_ms: 28.366125
  type: 'test'
  ...
# Subtest: pre-RPC channel failures invalidate readiness and return 503 without executing or replaying writes
ok 116 - pre-RPC channel failures invalidate readiness and return 503 without executing or replaying writes
  ---
  duration_ms: 111.398833
  type: 'test'
  ...
# Subtest: addCron invalidates an uncertain timed-out write without replaying it
ok 117 - addCron invalidates an uncertain timed-out write without replaying it
  ---
  duration_ms: 154.013041
  type: 'test'
  ...
# Subtest: delCron invalidates an uncertain timed-out write without replaying it
ok 118 - delCron invalidates an uncertain timed-out write without replaying it
  ---
  duration_ms: 92.723875
  type: 'test'
  ...
# Subtest: valid token cache is read with one jq and reused without generation
ok 119 - valid token cache is read with one jq and reused without generation
  ---
  duration_ms: 1069.168792
  type: 'test'
  ...
# Subtest: expired, corrupt, missing or header-unsafe token cache refreshes under errexit
ok 120 - expired, corrupt, missing or header-unsafe token cache refreshes under errexit
  ---
  duration_ms: 975.213292
  type: 'test'
  ...
# Subtest: success with a message still parses once and stays silent
ok 121 - success with a message still parses once and stays silent
  ---
  duration_ms: 334.769709
  type: 'test'
  ...
# Subtest: status and statistics errors preserve multiline Unicode messages
ok 122 - status and statistics errors preserve multiline Unicode messages
  ---
  duration_ms: 510.710458
  type: 'test'
  ...
# Subtest: non-JSON errors fall back to raw text and absent messages retain legacy null
ok 123 - non-JSON errors fall back to raw text and absent messages retain legacy null
  ---
  duration_ms: 902.936917
  type: 'test'
  ...
# Subtest: statistics without a task id perform no JSON parsing
ok 124 - statistics without a task id perform no JSON parsing
  ---
  duration_ms: 11.267417
  type: 'test'
  ...
# Subtest: canonical success resets prior errors and matches jq missing-message semantics
ok 125 - canonical success resets prior errors and matches jq missing-message semantics
  ---
  duration_ms: 24.052083
  type: 'test'
  ...
# Subtest: noncanonical JSON always uses jq, including whitespace, duplicate keys and embedded success text
ok 126 - noncanonical JSON always uses jq, including whitespace, duplicate keys and embedded success text
  ---
  duration_ms: 1303.795
  type: 'test'
  ...
# Subtest: success-shaped invalid documents retain the raw-response error fallback
ok 127 - success-shaped invalid documents retain the raw-response error fallback
  ---
  duration_ms: 376.86525
  type: 'test'
  ...
# Subtest: WebSocket connections reject expired tokens and close when sessions are revoked
ok 128 - WebSocket connections reject expired tokens and close when sessions are revoked
  ---
  duration_ms: 1500.70275
  type: 'test'
  ...
# Subtest: subscription becomes idle and closes its log even when completion logging fails
ok 129 - subscription becomes idle and closes its log even when completion logging fails
  ---
  duration_ms: 795.144125
  type: 'test'
  ...
# Subtest: clearing a dependency cache marks installed entries for reinstall
ok 130 - clearing a dependency cache marks installed entries for reinstall
  ---
  duration_ms: 305.58525
  type: 'test'
  ...
# Subtest: Linux task timestamps share a snapshot and retain millisecond log names across midnight
ok 131 - Linux task timestamps share a snapshot and retain millisecond log names across midnight
  ---
  duration_ms: 28.464584
  type: 'test'
  ...
# Subtest: explicit log paths and output mode remain intact
ok 132 - explicit log paths and output mode remain intact
  ---
  duration_ms: 22.321667
  type: 'test'
  ...
# Subtest: task failure keeps exit code and minimum one-second runtime
ok 133 - task failure keeps exit code and minimum one-second runtime
  ---
  duration_ms: 14.341792
  type: 'test'
  ...
# Subtest: manual stop retains stopped message and exit status reporting
ok 134 - manual stop retains stopped message and exit status reporting
  ---
  duration_ms: 13.534791
  type: 'test'
  ...
# Subtest: macos keeps legacy time conversion helpers
ok 135 - macos keeps legacy time conversion helpers
  ---
  duration_ms: 31.170458
  type: 'test'
  ...
# Subtest: custom keeps legacy time conversion helpers
ok 136 - custom keeps legacy time conversion helpers
  ---
  duration_ms: 14.580042
  type: 'test'
  ...
# Subtest: initialization returns the username and password validation result
ok 137 - initialization returns the username and password validation result
  ---
  duration_ms: 205.907166
  type: 'test'
  ...
# Subtest: initialization checks state inside a serialized mutation
ok 138 - initialization checks state inside a serialized mutation
  ---
  duration_ms: 223.766125
  type: 'test'
  ...
# Subtest: password change revokes sessions and closes connected clients
ok 139 - password change revokes sessions and closes connected clients
  ---
  duration_ms: 306.328459
  type: 'test'
  ...
# Subtest: a concurrent old-password login cannot restore a session after reset
ok 140 - a concurrent old-password login cannot restore a session after reset
  ---
  duration_ms: 248.545917
  type: 'test'
  ...
# Subtest: plaintext passwords are rejected without conversion
ok 141 - plaintext passwords are rejected without conversion
  ---
  duration_ms: 91.4825
  type: 'test'
  ...
# Subtest: TOTP failures are counted serially and further attempts are throttled
ok 142 - TOTP failures are counted serially and further attempts are throttled
  ---
  duration_ms: 302.776917
  type: 'test'
  ...
# Subtest: TOTP challenge expires and valid codes cannot be reused in the same step
ok 143 - TOTP challenge expires and valid codes cannot be reused in the same step
  ---
  duration_ms: 349.928834
  type: 'test'
  ...
# Subtest: active two-factor secret cannot be silently replaced and disabling revokes sessions
ok 144 - active two-factor secret cannot be silently replaced and disabling revokes sessions
  ---
  duration_ms: 76.141542
  type: 'test'
  ...
# Subtest: unknown default credentials do not grant fresh initialization
ok 145 - unknown default credentials do not grant fresh initialization
  ---
  duration_ms: 34.19525
  type: 'test'
  ...
# Subtest: PM2-managed primary disables only inherited worker APM and keeps worker metadata
ok 146 - PM2-managed primary disables only inherited worker APM and keeps worker metadata
  ---
  duration_ms: 1.928833
  type: 'test'
  ...
# Subtest: worker APM opt-in restores inherited PM2 settings, including explicit disable
ok 147 - worker APM opt-in restores inherited PM2 settings, including explicit disable
  ---
  duration_ms: 0.878875
  type: 'test'
  ...
# Subtest: standalone startup does not introduce a PM2-specific override
ok 148 - standalone startup does not introduce a PM2-specific override
  ---
  duration_ms: 0.39925
  type: 'test'
  ...
# Subtest: replacement workers receive the same monitoring policy
ok 149 - replacement workers receive the same monitoring policy
  ---
  duration_ms: 0.491375
  type: 'test'
  ...
# Subtest: WPUSH survives protobuf and JSON round trips without changing existing modes
ok 150 - WPUSH survives protobuf and JSON round trips without changing existing modes
  ---
  duration_ms: 2.973375
  type: 'test'
  ...
# Subtest: decoded SystemNotify requests reach WPUSH with explicit or saved configuration
ok 151 - decoded SystemNotify requests reach WPUSH with explicit or saved configuration
  ---
  duration_ms: 295.634667
  type: 'test'
  ...
# Subtest: validation errors include the failing field names
ok 152 - validation errors include the failing field names
  ---
  duration_ms: 1.025167
  type: 'test'
  ...
# Subtest: existing API error details remain visible
ok 153 - existing API error details remain visible
  ---
  duration_ms: 0.105208
  type: 'test'
  ...
# CI stage: timeout-fixture
# Subtest: failed test still collects and packages bounded diagnostics with machine summary
ok 154 - failed test still collects and packages bounded diagnostics with machine summary
  ---
  duration_ms: 271.805417
  type: 'test'
  ...
# Subtest: canary rejects publication and invalidates a previous archive
ok 155 - canary rejects publication and invalidates a previous archive
  ---
  duration_ms: 261.633958
  type: 'test'
  ...
# Subtest: random fixture secrets and private keys are blocked
ok 156 - random fixture secrets and private keys are blocked
  ---
  duration_ms: 260.979
  type: 'test'
  ...
# Subtest: artifact paths reject traversal, symlinks, operational DB and oversized logs
ok 157 - artifact paths reject traversal, symlinks, operational DB and oversized logs
  ---
  duration_ms: 310.845791
  type: 'test'
  ...
# Subtest: cleanup rejects foreign roots and is idempotent for its owned root
ok 158 - cleanup rejects foreign roots and is idempotent for its owned root
  ---
  duration_ms: 5.252333
  type: 'test'
  ...
# Subtest: summary derives counts and exposes failures, cancellations, scope skips and upload failures
ok 159 - summary derives counts and exposes failures, cancellations, scope skips and upload failures
  ---
  duration_ms: 0.6545
  type: 'test'
  ...
# Subtest: workflow parses and uses read-only fixed Ubuntu official-action orchestration
ok 160 - workflow parses and uses read-only fixed Ubuntu official-action orchestration
  ---
  duration_ms: 271.01525
  type: 'test'
  ...
# Subtest: summary cannot turn blocked core or missing successful-core evidence into PASS
ok 161 - summary cannot turn blocked core or missing successful-core evidence into PASS
  ---
  duration_ms: 0.174708
  type: 'test'
  ...
# Subtest: supervised stage timeout stops owned child and grandchild and retains failure evidence
ok 162 - supervised stage timeout stops owned child and grandchild and retains failure evidence
  ---
  duration_ms: 1494.1285
  type: 'test'
  ...
# Subtest: managed clean checkout builds real backend before provision and preserves failure summary
ok 163 - managed clean checkout builds real backend before provision and preserves failure summary
  ---
  duration_ms: 14138.961333
  type: 'test'
  ...
# Subtest: managed and browser preserve build failure evidence and reject missing TAP summaries
ok 164 - managed and browser preserve build failure evidence and reject missing TAP summaries
  ---
  duration_ms: 1069.215125
  type: 'test'
  ...
# Subtest: Git resource HTTP boundary never reflects submitted secrets or internal errors; routes are read/write specific
ok 165 - Git resource HTTP boundary never reflects submitted secrets or internal errors; routes are read/write specific
  ---
  duration_ms: 223.350417
  type: 'test'
  ...
# Subtest: same GitHub identity: https://github.com/anysoft/test.git
ok 166 - same GitHub identity: https://github.com/anysoft/test.git
  ---
  duration_ms: 1.063
  type: 'test'
  ...
# Subtest: same GitHub identity: https://GITHUB.COM/anysoft/test
ok 167 - same GitHub identity: https://GITHUB.COM/anysoft/test
  ---
  duration_ms: 0.200167
  type: 'test'
  ...
# Subtest: same GitHub identity: git@github.com:anysoft/test.git
ok 168 - same GitHub identity: git@github.com:anysoft/test.git
  ---
  duration_ms: 0.097
  type: 'test'
  ...
# Subtest: same GitHub identity: ssh://git@github.com/anysoft/test.git
ok 169 - same GitHub identity: ssh://git@github.com/anysoft/test.git
  ---
  duration_ms: 0.081792
  type: 'test'
  ...
# Subtest: provider neutral nested identity: gitlab.com
ok 170 - provider neutral nested identity: gitlab.com
  ---
  duration_ms: 0.1685
  type: 'test'
  ...
# Subtest: provider neutral nested identity: gitee.com
ok 171 - provider neutral nested identity: gitee.com
  ---
  duration_ms: 0.062459
  type: 'test'
  ...
# Subtest: provider neutral nested identity: git.example.internal
ok 172 - provider neutral nested identity: git.example.internal
  ---
  duration_ms: 0.119959
  type: 'test'
  ...
# Subtest: generic paths remain case sensitive and nondefault ports distinct
ok 173 - generic paths remain case sensitive and nondefault ports distinct
  ---
  duration_ms: 0.220167
  type: 'test'
  ...
# Subtest: reject unsafe or credentialized URL without reflecting input
ok 174 - reject unsafe or credentialized URL without reflecting input
  ---
  duration_ms: 0.559125
  type: 'test'
  ...
# Subtest: reject unsafe or credentialized URL without reflecting input
ok 175 - reject unsafe or credentialized URL without reflecting input
  ---
  duration_ms: 0.397083
  type: 'test'
  ...
# Subtest: reject unsafe or credentialized URL without reflecting input
ok 176 - reject unsafe or credentialized URL without reflecting input
  ---
  duration_ms: 0.127042
  type: 'test'
  ...
# Subtest: reject unsafe or credentialized URL without reflecting input
ok 177 - reject unsafe or credentialized URL without reflecting input
  ---
  duration_ms: 0.050875
  type: 'test'
  ...
# Subtest: reject unsafe or credentialized URL without reflecting input
ok 178 - reject unsafe or credentialized URL without reflecting input
  ---
  duration_ms: 0.049666
  type: 'test'
  ...
# Subtest: reject unsafe or credentialized URL without reflecting input
ok 179 - reject unsafe or credentialized URL without reflecting input
  ---
  duration_ms: 0.03775
  type: 'test'
  ...
# Subtest: reject unsafe or credentialized URL without reflecting input
ok 180 - reject unsafe or credentialized URL without reflecting input
  ---
  duration_ms: 0.036333
  type: 'test'
  ...
# Subtest: redacts split output, authorization, URL, private material and encoded secrets
ok 181 - redacts split output, authorization, URL, private material and encoded secrets
  ---
  duration_ms: 92.7645
  type: 'test'
  ...
# Subtest: concurrent HTTPS contexts have private immutable snapshots and idempotent cleanup
ok 182 - concurrent HTTPS contexts have private immutable snapshots and idempotent cleanup
  ---
  duration_ms: 977.150875
  type: 'test'
  ...
# Subtest: SSH contexts isolate keys and require verified known_hosts
ok 183 - SSH contexts isolate keys and require verified known_hosts
  ---
  duration_ms: 9.503209
  type: 'test'
  ...
# Subtest: disabled, missing, wrong transport and READ push fail closed
ok 184 - disabled, missing, wrong transport and READ push fail closed
  ---
  duration_ms: 5.037125
  type: 'test'
  ...
# Subtest: bounded output cannot leak a partial secret at truncation boundary; timeout terminates
ok 185 - bounded output cannot leak a partial secret at truncation boundary; timeout terminates
  ---
  duration_ms: 131.320625
  type: 'test'
  ...
# Subtest: timeout terminates a child process group before credential cleanup
ok 186 - timeout terminates a child process group before credential cleanup
  ---
  duration_ms: 162.665625
  type: 'test'
  ...
# Subtest: manual, scheduler and protected system-cron launcher share canonical Config/Hooks results
ok 187 - manual, scheduler and protected system-cron launcher share canonical Config/Hooks results
  ---
  duration_ms: 7989.839333
  type: 'test'
  ...
# Subtest: durable cancellation cannot overwrite a completed run or affect a newer run
ok 188 - durable cancellation cannot overwrite a completed run or affect a newer run
  ---
  duration_ms: 4261.796792
  type: 'test'
  ...
# Subtest: native shell argv, direct Worktree cwd, immutable resolver, no host secrets
ok 189 - native shell argv, direct Worktree cwd, immutable resolver, no host secrets
  ---
  duration_ms: 3961.9445
  type: 'test'
  ...
# Subtest: real exit 124 is FAILED, supervisor timeout is TIMEOUT, cancellation is CANCELLED
ok 190 - real exit 124 is FAILED, supervisor timeout is TIMEOUT, cancellation is CANCELLED
  ---
  duration_ms: 7069.419833
  type: 'test'
  ...
# Subtest: FORBID persists skipped submission, QUEUE is FIFO, queued cancel never spawns
ok 191 - FORBID persists skipped submission, QUEUE is FIFO, queued cancel never spawns
  ---
  duration_ms: 5727.244625
  type: 'test'
  ...
# Subtest: retry attempts freeze scoped ENV and settings; each BEFORE patch starts from snapshot
ok 192 - retry attempts freeze scoped ENV and settings; each BEFORE patch starts from snapshot
  ---
  duration_ms: 4446.624833
  type: 'test'
  ...
# Subtest: BEFORE generated secret is redacted before buffered output and MAIN, FINALLY runs
ok 193 - BEFORE generated secret is redacted before buffered output and MAIN, FINALLY runs
  ---
  duration_ms: 3984.872916
  type: 'test'
  ...
# Subtest: retry resets BEFORE patches, freezes Config and Hooks, keeps run-wide secrets, removes private Hook files
ok 194 - retry resets BEFORE patches, freezes Config and Hooks, keeps run-wide secrets, removes private Hook files
  ---
  duration_ms: 6499.12625
  type: 'test'
  ...
# Subtest: invalid Hook output never retries; FINALLY executes and private files are removed
ok 195 - invalid Hook output never retries; FINALLY executes and private files are removed
  ---
  duration_ms: 3784.927458
  type: 'test'
  ...
# Subtest: pre-resolution, skipped and queued cancelled runs persist canonical results
ok 196 - pre-resolution, skipped and queued cancelled runs persist canonical results
  ---
  duration_ms: 2655.488875
  type: 'test'
  ...
# Subtest: node binding rejects imported sibling module trees and preserves unknown replacement on recovery
ok 197 - node binding rejects imported sibling module trees and preserves unknown replacement on recovery
  ---
  duration_ms: 2535.283417
  type: 'test'
  ...
# Subtest: private cleanup fails closed on unknown file and preserves that file
ok 198 - private cleanup fails closed on unknown file and preserves that file
  ---
  duration_ms: 2303.817125
  type: 'test'
  ...
# Subtest: execution terminal result queues durable notification without synchronous provider calls
ok 199 - execution terminal result queues durable notification without synchronous provider calls
  ---
  duration_ms: 3408.813667
  type: 'test'
  ...
# Subtest: large UTF-8 per-run logs drain all bytes and tail without split-codepoint replacement
ok 200 - large UTF-8 per-run logs drain all bytes and tail without split-codepoint replacement
  ---
  duration_ms: 2377.761875
  type: 'test'
  ...
# Subtest: graceful shutdown waits for an in-flight claim and cancels its new owner
ok 201 - graceful shutdown waits for an in-flight claim and cancels its new owner
  ---
  duration_ms: 4085.087083
  type: 'test'
  ...
# Subtest: EXPONENTIAL retry executes three total attempts with 1s then 2s backoff
ok 202 - EXPONENTIAL retry executes three total attempts with 1s then 2s backoff
  ---
  duration_ms: 8833.892125
  type: 'test'
  ...
# Subtest: ALLOW preserves same-task submissions while independent Worktrees execute concurrently
ok 203 - ALLOW preserves same-task submissions while independent Worktrees execute concurrently
  ---
  duration_ms: 4949.2555
  type: 'test'
  ...
# Subtest: SIGKILL recovery waits for inherited ownership, reaps descendants and restores Config; queued run survives
ok 204 - SIGKILL recovery waits for inherited ownership, reaps descendants and restores Config; queued run survives
  ---
  duration_ms: 8635.43875
  type: 'test'
  ...
# Subtest: two independent dispatchers atomically claim one queued run
ok 205 - two independent dispatchers atomically claim one queued run
  ---
  duration_ms: 8184.392125
  type: 'test'
  ...
# Subtest: cleanup conflict preserves unexpected file and backup, preventing SUCCESS
ok 206 - cleanup conflict preserves unexpected file and backup, preventing SUCCESS
  ---
  duration_ms: 3521.3165
  type: 'test'
  ...
# Subtest: backoff cancellation is prompt and keeps original workspace locked until cleanup
ok 207 - backoff cancellation is prompt and keeps original workspace locked until cleanup
  ---
  duration_ms: 4166.12225
  type: 'test'
  ...
# Subtest: actual frozen v6 upgrades to identical fresh latest schema and restarts without schema mutation
ok 208 - actual frozen v6 upgrades to identical fresh latest schema and restarts without schema mutation
  ---
  duration_ms: 3099.908791
  type: 'test'
  ...
# Subtest: v6 late DDL failure preserves Task and secret rows, then retries
ok 209 - v6 late DDL failure preserves Task and secret rows, then retries
  ---
  duration_ms: 1393.409959
  type: 'test'
  ...
# Subtest: v6 tampered schema fails closed before v7 DDL
ok 210 - v6 tampered schema fails closed before v7 DDL
  ---
  duration_ms: 553.950292
  type: 'test'
  ...
# Subtest: durable run and attempt constraints preserve history and protect active task
ok 211 - durable run and attempt constraints preserve history and protect active task
  ---
  duration_ms: 905.272958
  type: 'test'
  ...
# Subtest: Installed parser accepts five/six fields and aliases, validates zones, deterministic DST
ok 212 - Installed parser accepts five/six fields and aliases, validates zones, deterministic DST
  ---
  duration_ms: 150.236458
  type: 'test'
  ...
# Subtest: Relative glob rejects escaping and matches nested paths without regex injection
ok 213 - Relative glob rejects escaping and matches nested paths without regex injection
  ---
  duration_ms: 0.401958
  type: 'test'
  ...
# Subtest: Long hostile wildcard sequences have bounded matching work
ok 214 - Long hostile wildcard sequences have bounded matching work
  ---
  duration_ms: 8.716167
  type: 'test'
  ...
# Subtest: Discovery preview read-only, ownership overrides and source retirement
ok 215 - Discovery preview read-only, ownership overrides and source retirement
  ---
  duration_ms: 4638.357542
  type: 'test'
  ...
# [Managed] REPOSITORY_FETCH subscription=1
# [Managed] WORKTREE_ENSURE subscription=1
# [Managed] WORKTREE_UPDATE subscription=1
# [Managed] worktree=1 commit=979bdf057f9e96570006cf30410b4983b103f9c0 -> 979bdf057f9e96570006cf30410b4983b103f9c0
# [Managed] DISCOVERY subscription=1
# [Managed] GIT_UPDATE_TRIGGERS subscription=1
# [Managed] REPOSITORY_FETCH subscription=1
# [Managed] WORKTREE_ENSURE subscription=1
# [Managed] WORKTREE_UPDATE subscription=1
# [Managed] worktree=1 commit=979bdf057f9e96570006cf30410b4983b103f9c0 -> 979bdf057f9e96570006cf30410b4983b103f9c0
# [Managed] DISCOVERY subscription=1
# [Managed] GIT_UPDATE_TRIGGERS subscription=1
# [Managed] REPOSITORY_FETCH subscription=1
# [Managed] WORKTREE_ENSURE subscription=1
# [Managed] WORKTREE_UPDATE subscription=1
# [Managed] worktree=1 commit=979bdf057f9e96570006cf30410b4983b103f9c0 -> fafc36fbf84b2ad097f0256c6719b958648da1ec
# [Managed] DISCOVERY subscription=1
# [Managed] GIT_UPDATE_TRIGGERS subscription=1
# [Managed] REPOSITORY_FETCH subscription=1
# [Managed] WORKTREE_ENSURE subscription=1
# [Managed] WORKTREE_UPDATE subscription=1
# [Managed] worktree=1 commit=fafc36fbf84b2ad097f0256c6719b958648da1ec -> fafc36fbf84b2ad097f0256c6719b958648da1ec
# [Managed] DISCOVERY subscription=1
# [Managed] GIT_UPDATE_TRIGGERS subscription=1
# [Managed] REPOSITORY_FETCH subscription=1
# [Managed] WORKTREE_ENSURE subscription=1
# [Managed] WORKTREE_UPDATE subscription=1
# [Managed] worktree=1 commit=fafc36fbf84b2ad097f0256c6719b958648da1ec -> 92f6f636e1956ccf170529f65e60361a5edb5a53
# [Managed] DISCOVERY subscription=1
# [Managed] GIT_UPDATE_TRIGGERS subscription=1
# Subtest: Real Git fetch/update -> discovery -> typed Git events, dedup and source filters
ok 216 - Real Git fetch/update -> discovery -> typed Git events, dedup and source filters
  ---
  duration_ms: 21236.182416
  type: 'test'
  ...
# [Managed] REPOSITORY_FETCH subscription=1
# [Managed] WORKTREE_ENSURE subscription=1
# [Managed] WORKTREE_UPDATE subscription=1
# [Managed] worktree=1 commit=7d3ce1efefa908f76f9805d4325e3e565f5887c8 -> 7d3ce1efefa908f76f9805d4325e3e565f5887c8
# [Managed] DISCOVERY subscription=1
# [Managed] GIT_UPDATE_TRIGGERS subscription=1
# [Managed] REPOSITORY_FETCH subscription=1
# [Managed] WORKTREE_ENSURE subscription=1
# [Managed] WORKTREE_ENSURE: WORKTREE_DIRTY
# Subtest: Real Git dirty refuses sync and preserves Task definition
ok 217 - Real Git dirty refuses sync and preserves Task definition
  ---
  duration_ms: 7488.217041
  type: 'test'
  ...
# [Managed] REPOSITORY_FETCH subscription=1
# [Managed] WORKTREE_ENSURE subscription=1
# [Managed] WORKTREE_UPDATE subscription=1
# [Managed] worktree=1 commit=80d2c98b884decfb5dacd3923fb63c6fb97d8169 -> 80d2c98b884decfb5dacd3923fb63c6fb97d8169
# [Managed] DISCOVERY subscription=1
# [Managed] GIT_UPDATE_TRIGGERS subscription=1
# [Managed] REPOSITORY_FETCH subscription=1
# [Managed] WORKTREE_ENSURE subscription=1
# [Managed] WORKTREE_ENSURE: WORKTREE_DIRTY
# Subtest: Real Git untracked refuses sync and preserves Task definition
ok 218 - Real Git untracked refuses sync and preserves Task definition
  ---
  duration_ms: 6437.535125
  type: 'test'
  ...
# [Managed] REPOSITORY_FETCH subscription=1
# [Managed] WORKTREE_ENSURE subscription=1
# [Managed] WORKTREE_UPDATE subscription=1
# [Managed] worktree=1 commit=1dc7d722bc89f1d841a1e23ea06098819abc3c06 -> 1dc7d722bc89f1d841a1e23ea06098819abc3c06
# [Managed] DISCOVERY subscription=1
# [Managed] GIT_UPDATE_TRIGGERS subscription=1
# [Managed] REPOSITORY_FETCH subscription=1
# [Managed] WORKTREE_ENSURE subscription=1
# [Managed] WORKTREE_ENSURE: WORKTREE_LOCAL_COMMITS
# Subtest: Real Git ahead refuses sync and preserves Task definition
ok 219 - Real Git ahead refuses sync and preserves Task definition
  ---
  duration_ms: 6896.154125
  type: 'test'
  ...
# [Managed] REPOSITORY_FETCH subscription=1
# [Managed] WORKTREE_ENSURE subscription=1
# [Managed] WORKTREE_UPDATE subscription=1
# [Managed] worktree=1 commit=a07196e3f716b32848cf27a5008224d2b3e1fb31 -> a07196e3f716b32848cf27a5008224d2b3e1fb31
# [Managed] DISCOVERY subscription=1
# [Managed] GIT_UPDATE_TRIGGERS subscription=1
# [Managed] REPOSITORY_FETCH subscription=1
# [Managed] WORKTREE_ENSURE subscription=1
# [Managed] WORKTREE_ENSURE: WORKTREE_MISSING
# Subtest: Real Git missing refuses sync and preserves Task definition
ok 220 - Real Git missing refuses sync and preserves Task definition
  ---
  duration_ms: 6983.612834
  type: 'test'
  ...
# [Managed] REPOSITORY_FETCH subscription=1
# [Managed] WORKTREE_ENSURE subscription=1
# [Managed] WORKTREE_UPDATE subscription=1
# [Managed] worktree=1 commit=45a9a0a21d99832869616fb4fe2dc95a299c793d -> 45a9a0a21d99832869616fb4fe2dc95a299c793d
# [Managed] DISCOVERY subscription=1
# [Managed] GIT_UPDATE_TRIGGERS subscription=1
# [Managed] REPOSITORY_FETCH subscription=1
# [Managed] WORKTREE_ENSURE subscription=1
# [Managed] WORKTREE_ENSURE: WORKTREE_STALE
# Subtest: Real Git detached refuses sync and preserves Task definition
ok 221 - Real Git detached refuses sync and preserves Task definition
  ---
  duration_ms: 7171.591709
  type: 'test'
  ...
# [Managed] REPOSITORY_FETCH subscription=1
# [Managed] WORKTREE_ENSURE subscription=1
# [Managed] WORKTREE_UPDATE subscription=1
# [Managed] worktree=1 commit=57a04cd10374dbe5d51d34d6c3041b61ae84d489 -> 57a04cd10374dbe5d51d34d6c3041b61ae84d489
# [Managed] DISCOVERY subscription=1
# [Managed] GIT_UPDATE_TRIGGERS subscription=1
# [Managed] REPOSITORY_FETCH subscription=1
# [Managed] WORKTREE_ENSURE subscription=1
# [Managed] WORKTREE_UPDATE subscription=1
# [Managed] worktree=1 commit=57a04cd10374dbe5d51d34d6c3041b61ae84d489 -> 89c4a2d87ec16ebbceb281e3dcab4ba8f7b33d30
# [Managed] DISCOVERY subscription=1
# [Managed] DISCOVERY: SUBSCRIPTION_SYNC_FAILED
# [Managed] REPOSITORY_FETCH subscription=1
# [Managed] WORKTREE_ENSURE subscription=1
# [Managed] WORKTREE_UPDATE subscription=1
# [Managed] worktree=1 commit=89c4a2d87ec16ebbceb281e3dcab4ba8f7b33d30 -> 89c4a2d87ec16ebbceb281e3dcab4ba8f7b33d30
# [Managed] DISCOVERY subscription=1
# [Managed] GIT_UPDATE_TRIGGERS subscription=1
# Subtest: Discovery failure leaves successful Git update recoverable at same commit
ok 222 - Discovery failure leaves successful Git update recoverable at same commit
  ---
  duration_ms: 10111.46825
  type: 'test'
  ...
# [Managed] REPOSITORY_FETCH subscription=1
# [Managed] WORKTREE_ENSURE subscription=1
# [Managed] WORKTREE_UPDATE subscription=1
# [Managed] worktree=1 commit=1a0a85e8d2ff947b3d23a4921f16d6a21882f581 -> 1a0a85e8d2ff947b3d23a4921f16d6a21882f581
# [Managed] DISCOVERY subscription=1
# [Managed] GIT_UPDATE_TRIGGERS subscription=1
# [Managed] REPOSITORY_FETCH subscription=1
# [Managed] WORKTREE_ENSURE subscription=1
# [Managed] WORKTREE_ENSURE: REF_NOT_FOUND
# Subtest: branch deleted stops before Discovery and Git triggers
ok 223 - branch deleted stops before Discovery and Git triggers
  ---
  duration_ms: 7043.439292
  type: 'test'
  ...
# [Managed] REPOSITORY_FETCH subscription=1
# [Managed] WORKTREE_ENSURE subscription=1
# [Managed] WORKTREE_UPDATE subscription=1
# [Managed] worktree=1 commit=0c98f948dc1330eb7cd544d568f6f9dae760e176 -> 0c98f948dc1330eb7cd544d568f6f9dae760e176
# [Managed] DISCOVERY subscription=1
# [Managed] GIT_UPDATE_TRIGGERS subscription=1
# [Managed] REPOSITORY_FETCH subscription=1
# [Managed] WORKTREE_ENSURE subscription=1
# [Managed] WORKTREE_ENSURE: WORKTREE_DIVERGED
# Subtest: force push stops before Discovery and Git triggers
ok 224 - force push stops before Discovery and Git triggers
  ---
  duration_ms: 6818.822708
  type: 'test'
  ...
# [Managed] REPOSITORY_FETCH subscription=1
# [Managed] WORKTREE_ENSURE subscription=1
# [Managed] WORKTREE_UPDATE subscription=1
# [Managed] worktree=1 commit=bdc661e933d77ec512e0448c64a26de3d2d18e86 -> bdc661e933d77ec512e0448c64a26de3d2d18e86
# [Managed] DISCOVERY subscription=1
# [Managed] GIT_UPDATE_TRIGGERS subscription=1
# [Managed] REPOSITORY_FETCH subscription=1
# [Managed] REPOSITORY_FETCH: REPOSITORY_NOT_INITIALIZED
# Subtest: storage missing stops before Discovery and Git triggers
ok 225 - storage missing stops before Discovery and Git triggers
  ---
  duration_ms: 7398.10125
  type: 'test'
  ...
# [Managed] REPOSITORY_FETCH subscription=1
# [Managed] WORKTREE_ENSURE subscription=1
# [Managed] WORKTREE_UPDATE subscription=1
# [Managed] worktree=1 commit=12a2bbe8001ac8c73864f40a1938ee48993d8022 -> 12a2bbe8001ac8c73864f40a1938ee48993d8022
# [Managed] DISCOVERY subscription=1
# [Managed] GIT_UPDATE_TRIGGERS subscription=1
# [Managed] REPOSITORY_FETCH subscription=1
# [Managed] REPOSITORY_FETCH: SUBSCRIPTION_SYNC_FAILED
# Subtest: disabled credential stops before Discovery and Git triggers
ok 226 - disabled credential stops before Discovery and Git triggers
  ---
  duration_ms: 6550.815833
  type: 'test'
  ...
# [Managed] REPOSITORY_FETCH subscription=1
# [Managed] WORKTREE_ENSURE subscription=1
# [Managed] WORKTREE_UPDATE subscription=1
# [Managed] worktree=1 commit=2469041c0e676ff850888409b6f02ca21d090e95 -> 2469041c0e676ff850888409b6f02ca21d090e95
# [Managed] DISCOVERY subscription=1
# [Managed] GIT_UPDATE_TRIGGERS subscription=1
# [Managed] REPOSITORY_FETCH subscription=1
# [Managed] WORKTREE_ENSURE subscription=1
# [Managed] WORKTREE_UPDATE subscription=1
# [Managed] worktree=1 commit=2469041c0e676ff850888409b6f02ca21d090e95 -> 03902c09adcbf58ed1b15ba2207f09fbb6e81ca1
# [Managed] DISCOVERY subscription=1
# [Managed] GIT_UPDATE_TRIGGERS subscription=1
# Subtest: Managed leases block overlapping sync, update and binding; symlink is ignored
ok 227 - Managed leases block overlapping sync, update and binding; symlink is ignored
  ---
  duration_ms: 13015.747416
  type: 'test'
  ...
# [Managed] REPOSITORY_FETCH subscription=1
# [Managed] WORKTREE_ENSURE subscription=1
# [Managed] WORKTREE_UPDATE subscription=1
# [Managed] worktree=1 commit=4100a94a2f421e662f5be8ac45b883ee30ce9aa5 -> 4100a94a2f421e662f5be8ac45b883ee30ce9aa5
# [Managed] DISCOVERY subscription=1
# [Managed] GIT_UPDATE_TRIGGERS subscription=1
# [Managed] REPOSITORY_FETCH subscription=1
# [Managed] WORKTREE_ENSURE subscription=1
# [Managed] WORKTREE_UPDATE subscription=1
# [Managed] worktree=2 commit=4100a94a2f421e662f5be8ac45b883ee30ce9aa5 -> 4100a94a2f421e662f5be8ac45b883ee30ce9aa5
# [Managed] DISCOVERY subscription=1
# [Managed] GIT_UPDATE_TRIGGERS subscription=1
# Subtest: Branch rebinding updates discovered source while retaining old Worktree
ok 228 - Branch rebinding updates discovered source while retaining old Worktree
  ---
  duration_ms: 6085.203541
  type: 'test'
  ...
# [Managed] REPOSITORY_FETCH subscription=1
# [Managed] WORKTREE_ENSURE subscription=1
# [Managed] WORKTREE_UPDATE subscription=1
# [Managed] worktree=1 commit=3cc6ba1e0af18fe79453363d07724275fb7f0306 -> 3cc6ba1e0af18fe79453363d07724275fb7f0306
# [Managed] DISCOVERY subscription=1
# [Managed] GIT_UPDATE_TRIGGERS subscription=1
# [Managed] REPOSITORY_FETCH subscription=1
# [Managed] WORKTREE_ENSURE subscription=1
# [Managed] WORKTREE_UPDATE subscription=1
# [Managed] worktree=1 commit=3cc6ba1e0af18fe79453363d07724275fb7f0306 -> 3cc6ba1e0af18fe79453363d07724275fb7f0306
# [Managed] DISCOVERY subscription=1
# [Managed] GIT_UPDATE_TRIGGERS subscription=1
# [Managed] REPOSITORY_FETCH subscription=1
# [Managed] WORKTREE_ENSURE subscription=1
# [Managed] WORKTREE_UPDATE subscription=1
# [Managed] worktree=1 commit=3cc6ba1e0af18fe79453363d07724275fb7f0306 -> 3cc6ba1e0af18fe79453363d07724275fb7f0306
# [Managed] DISCOVERY subscription=1
# [Managed] GIT_UPDATE_TRIGGERS subscription=1
# Subtest: Git diff failure records FAILED event and creates no Run; first sync is opt-in
ok 229 - Git diff failure records FAILED event and creates no Run; first sync is opt-in
  ---
  duration_ms: 6123.1735
  type: 'test'
  ...
# Subtest: Actual SIGKILL before-link recovers one TaskRun
ok 230 - Actual SIGKILL before-link recovers one TaskRun
  ---
  duration_ms: 7095.215667
  type: 'test'
  ...
# Subtest: Actual SIGKILL after-commit recovers one TaskRun
ok 231 - Actual SIGKILL after-commit recovers one TaskRun
  ---
  duration_ms: 5931.145625
  type: 'test'
  ...
# Subtest: Two real scheduler processes race on one due time without duplicate Event or Run
ok 232 - Two real scheduler processes race on one due time without duplicate Event or Run
  ---
  duration_ms: 6661.034625
  type: 'test'
  ...
# {"discovery_files":5000,"queries":40,"duration_ms":29663}
# Subtest: 5000 files discovery batches database writes and preview is deterministic
ok 233 - 5000 files discovery batches database writes and preview is deterministic
  ---
  duration_ms: 63083.174375
  type: 'test'
  ...
# {"cron_triggers":5000,"timers":1,"query_plan":[{"id":5,"parent":0,"notused":0,"detail":"SEARCH CronTriggers USING INDEX cron_triggers_next_fire_at_trigger_id (next_fire_at<?)"}]}
# Subtest: 5000 cron definitions use indexed due query and one shared scheduler timer
ok 234 - 5000 cron definitions use indexed due query and one shared scheduler timer
  ---
  duration_ms: 2346.333584
  type: 'test'
  ...
# TRIGGER_SCHEDULER_TICK_FAILED
# Subtest: Frozen v7 upgrades transactionally to identical fresh v8, retry after rollback
ok 235 - Frozen v7 upgrades transactionally to identical fresh v8, retry after rollback
  ---
  duration_ms: 3302.81
  type: 'test'
  ...
# Subtest: v7 discovered cron ownership and explicit cleared schedule survive migration
ok 236 - v7 discovered cron ownership and explicit cleared schedule survive migration
  ---
  duration_ms: 1281.491667
  type: 'test'
  ...
# Subtest: Trigger schema fresh, typed configurations, webhook hash and rotation
ok 237 - Trigger schema fresh, typed configurations, webhook hash and rotation
  ---
  duration_ms: 3780.459125
  type: 'test'
  ...
# Subtest: Event durable dedup, atomic submit/link, disabled skip, real execution
ok 238 - Event durable dedup, atomic submit/link, disabled skip, real execution
  ---
  duration_ms: 4132.099541
  type: 'test'
  ...
# Subtest: Clock scheduler misfire SKIP and FIRE_ONCE, restart identity
ok 239 - Clock scheduler misfire SKIP and FIRE_ONCE, restart identity
  ---
  duration_ms: 3779.346542
  type: 'test'
  ...
# Subtest: Clone regenerates webhook credentials; deleted trigger and Task preserve event history
ok 240 - Clone regenerates webhook credentials; deleted trigger and Task preserve event history
  ---
  duration_ms: 2877.334167
  type: 'test'
  ...
# Subtest: Git event cannot execute a Task rebound to another repository before submission
ok 241 - Git event cannot execute a Task rebound to another repository before submission
  ---
  duration_ms: 2647.339958
  type: 'test'
  ...
# Subtest: Real HTTP webhook authentication, limits, JSON rejection and idempotency
ok 242 - Real HTTP webhook authentication, limits, JSON rejection and idempotency
  ---
  duration_ms: 4393.862625
  type: 'test'
  ...
# Subtest: Panel workspace routes reject Open access, unknown fields, absent concurrency tokens and unsafe error output
ok 243 - Panel workspace routes reject Open access, unknown fields, absent concurrency tokens and unsafe error output
  ---
  duration_ms: 204.499083
  type: 'test'
  ...
# Subtest: Workspace file create/save/rename flows through official Discovery with stable IDs and retirement
ok 244 - Workspace file create/save/rename flows through official Discovery with stable IDs and retirement
  ---
  duration_ms: 5059.285875
  type: 'test'
  ...
# Subtest: workspace rejects traversal, Windows/control paths, .git and reserved execution artifacts
ok 245 - workspace rejects traversal, Windows/control paths, .git and reserved execution artifacts
  ---
  duration_ms: 136.32625
  type: 'test'
  ...
# Subtest: UTF8 BOM CRLF empty executable and literal unusual filenames survive atomic saves
ok 246 - UTF8 BOM CRLF empty executable and literal unusual filenames survive atomic saves
  ---
  duration_ms: 447.405416
  type: 'test'
  ...
# Subtest: external changes conflict; stale delete/rename and existing destinations preserve originals
ok 247 - external changes conflict; stale delete/rename and existing destinations preserve originals
  ---
  duration_ms: 110.494042
  type: 'test'
  ...
# Subtest: file and directory rename never overwrite; delete directories only when empty
ok 248 - file and directory rename never overwrite; delete directories only when empty
  ---
  duration_ms: 225.554
  type: 'test'
  ...
# Subtest: symlinks are metadata only, external link hides target; FIFO/hardlink rejected
ok 249 - symlinks are metadata only, external link hides target; FIFO/hardlink rejected
  ---
  duration_ms: 41.591167
  type: 'test'
  ...
# Subtest: binary invalid UTF8 and file size boundaries are explicit
ok 250 - binary invalid UTF8 and file size boundaries are explicit
  ---
  duration_ms: 103.514208
  type: 'test'
  ...
# Subtest: failed atomic publish leaves original and cleans only owned temporary
ok 251 - failed atomic publish leaves original and cleans only owned temporary
  ---
  duration_ms: 48.396209
  type: 'test'
  ...
# {"phase12":"filesystem-scale","files":20000,"elapsed_ms":5682,"rss":169410560,"search":{"count":200,"scanned":418,"truncated":true}}
# Subtest: 20k files lazy pagination and 10k-file content search stay bounded
ok 252 - 20k files lazy pagination and 10k-file content search stay bounded
  ---
  duration_ms: 7474.222666
  type: 'test'
  ...
# Subtest: disk write and post-publish directory fsync failures preserve the original bytes and mode
ok 253 - disk write and post-publish directory fsync failures preserve the original bytes and mode
  ---
  duration_ms: 182.185666
  type: 'test'
  ...
# Subtest: real Git literal paths, status, bounded diff, stage/unstage and explicit author commit
ok 254 - real Git literal paths, status, bounded diff, stage/unstage and explicit author commit
  ---
  duration_ms: 10592.983
  type: 'test'
  ...
# Subtest: real local origin push success, non-fast-forward and credential write capability
ok 255 - real local origin push success, non-fast-forward and credential write capability
  ---
  duration_ms: 6544.629459
  type: 'test'
  ...
# Subtest: actual execution lock and recovery journals block reads and mutations
ok 256 - actual execution lock and recovery journals block reads and mutations
  ---
  duration_ms: 3124.724166
  type: 'test'
  ...
# {"phase12":"git-scale","changes":5000,"response_bytes":5094,"rss":298614784}
# Subtest: 5k Git changes paginate without full response
ok 257 - 5k Git changes paginate without full response
  ---
  duration_ms: 3343.146083
  type: 'test'
  ...
# Subtest: separate process Execution, GitSync, editor and Backup ownership block editor writes
ok 258 - separate process Execution, GitSync, editor and Backup ownership block editor writes
  ---
  duration_ms: 4411.206084
  type: 'test'
  ...
# Subtest: Git deletion beneath missing parent, rename, binary diff and literal wildcard pathspecs
ok 259 - Git deletion beneath missing parent, rename, binary diff and literal wildcard pathspecs
  ---
  duration_ms: 9679.341834
  type: 'test'
  ...
# Subtest: Git conflicts reject commit and unborn unstage preserves subsequently edited content
ok 260 - Git conflicts reject commit and unborn unstage preserves subsequently edited content
  ---
  duration_ms: 4313.512083
  type: 'test'
  ...
# Subtest: Git stage refuses hardlinks without adding external bytes to the index
ok 261 - Git stage refuses hardlinks without adding external bytes to the index
  ---
  duration_ms: 3471.054334
  type: 'test'
  ...
# Subtest: threshold, recovery, per-status overrides, atomic outbox and real HTTP delivery
ok 262 - threshold, recovery, per-status overrides, atomic outbox and real HTTP delivery
  ---
  duration_ms: 5731.778791
  type: 'test'
  ...
# Subtest: delivery retry/dead/manual identity and channel archive preserve history; execution does not wait
ok 263 - delivery retry/dead/manual identity and channel archive preserve history; execution does not wait
  ---
  duration_ms: 3980.8165
  type: 'test'
  ...
# Subtest: run events are ordered, attempts retain retry results, resource/log APIs omit secret values
ok 264 - run events are ordered, attempts retain retry results, resource/log APIs omit secret values
  ---
  duration_ms: 3158.35575
  type: 'test'
  ...
# Subtest: terminal transaction rollback includes health and outbox
ok 265 - terminal transaction rollback includes health and outbox
  ---
  duration_ms: 2213.145291
  type: 'test'
  ...
# Subtest: channel modes, optimistic secret updates and task clone preserve explicit notification semantics
ok 266 - channel modes, optimistic secret updates and task clone preserve explicit notification semantics
  ---
  duration_ms: 2255.016208
  type: 'test'
  ...
# Subtest: all existing HTTP provider adapters retain protocol behavior with isolated concurrent state and real HTTP fixture
ok 267 - all existing HTTP provider adapters retain protocol behavior with isolated concurrent state and real HTTP fixture
  ---
  duration_ms: 4681.289166
  type: 'test'
  ...
# Subtest: existing email adapter sends through a real deterministic SMTP receiver
ok 268 - existing email adapter sends through a real deterministic SMTP receiver
  ---
  duration_ms: 2358.929542
  type: 'test'
  ...
# Subtest: legacy webhook multipart transport preserves encoded fields and boundary
ok 269 - legacy webhook multipart transport preserves encoded fields and boundary
  ---
  duration_ms: 2189.631208
  type: 'test'
  ...
# Subtest: two real processes cannot send one outbox concurrently; crash after external send recovers at-least-once
ok 270 - two real processes cannot send one outbox concurrently; crash after external send recovers at-least-once
  ---
  duration_ms: 9770.217709
  type: 'test'
  ...
# Subtest: SIGKILL before terminal commit rolls back; after commit preserves one logical alert for restart
ok 271 - SIGKILL before terminal commit rolls back; after commit preserves one logical alert for restart
  ---
  duration_ms: 4505.814166
  type: 'test'
  ...
# Subtest: threshold and recovery terminal commits survive SIGKILL with one logical alert and actual restart HTTP delivery
ok 272 - threshold and recovery terminal commits survive SIGKILL with one logical alert and actual restart HTTP delivery
  ---
  duration_ms: 8788.068291
  type: 'test'
  ...
# Subtest: 100,000 runs use SQL aggregates/keysets; 100MB log reads stay bounded; 10,000 outbox due query uses index
ok 273 - 100,000 runs use SQL aggregates/keysets; 100MB log reads stay bounded; 10,000 outbox due query uses index
  ---
  duration_ms: 8528.150625
  type: 'test'
  ...
# Subtest: actual frozen v8 migrates to identical fresh v9; rollback/retry/history and legacy policy preserved
ok 274 - actual frozen v8 migrates to identical fresh v9; rollback/retry/history and legacy policy preserved
  ---
  duration_ms: 2773.757875
  type: 'test'
  ...
# Subtest: provider transport refuses unsafe URLs, redirects, and oversized responses; secrets never escape error codes
ok 275 - provider transport refuses unsafe URLs, redirects, and oversized responses; secrets never escape error codes
  ---
  duration_ms: 6261.718458
  type: 'test'
  ...
# Subtest: Run logs reject forged cursors and symlinks; old log API and cleaner cannot delete Run logs
ok 276 - Run logs reject forged cursors and symlinks; old log API and cleaner cannot delete Run logs
  ---
  duration_ms: 1964.75475
  type: 'test'
  ...
# Subtest: live redaction releases safe short output before completion and preserves all split secret boundaries
ok 277 - live redaction releases safe short output before completion and preserves all split secret boundaries
  ---
  duration_ms: 1757.3675
  type: 'test'
  ...
# Subtest: barrier blocks producers, permits existing queue drain, waits for shared writers, releases on timeout
ok 278 - barrier blocks producers, permits existing queue drain, waits for shared writers, releases on timeout
  ---
  duration_ms: 708.151166
  type: 'test'
  ...
# Subtest: barrier rechecks idle under exclusive lock and retains business work on busy timeout
ok 279 - barrier rechecks idle under exclusive lock and retains business work on busy timeout
  ---
  duration_ms: 539.3955
  type: 'test'
  ...
# Subtest: independent process SIGKILL leaves fail-closed marker and releases FD lock for deterministic recovery
ok 280 - independent process SIGKILL leaves fail-closed marker and releases FD lock for deterministic recovery
  ---
  duration_ms: 1046.643375
  type: 'test'
  ...
# Subtest: detached nested operations retain their own lease after the request returns
ok 281 - detached nested operations retain their own lease after the request returns
  ---
  duration_ms: 548.609792
  type: 'test'
  ...
# Subtest: inherited process descriptor blocks snapshot after controller releases its lease
ok 282 - inherited process descriptor blocks snapshot after controller releases its lease
  ---
  duration_ms: 1185.035708
  type: 'test'
  ...
# Subtest: HTTP client disconnect does not release an unfinished async route mutation
ok 283 - HTTP client disconnect does not release an unfinished async route mutation
  ---
  duration_ms: 575.435584
  type: 'test'
  ...
# Subtest: portable archive roundtrip preserves secret bytes and safe links inside authenticated envelope
ok 284 - portable archive roundtrip preserves secret bytes and safe links inside authenticated envelope
  ---
  duration_ms: 249.799709
  type: 'test'
  ...
# Subtest: wrong passphrase, ciphertext/header/tag tamper, truncation and trailing data fail closed
ok 285 - wrong passphrase, ciphertext/header/tag tamper, truncation and trailing data fail closed
  ---
  duration_ms: 677.323042
  type: 'test'
  ...
# Subtest: archive rejects path traversal, drives, links, special entries and bounded sizes
ok 286 - archive rejects path traversal, drives, links, special entries and bounded sizes
  ---
  duration_ms: 118.7605
  type: 'test'
  ...
# Subtest: symlink followed by parent traversal cannot escape; hardlinked source and symlinked root rejected
ok 287 - symlink followed by parent traversal cannot escape; hardlinked source and symlinked root rejected
  ---
  duration_ms: 89.513208
  type: 'test'
  ...
# Subtest: extractor never follows an archived symlink parent and never accepts duplicate entries or trailing bytes
ok 288 - extractor never follows an archived symlink parent and never accepts duplicate entries or trailing bytes
  ---
  duration_ms: 56.655791
  type: 'test'
  ...
# Subtest: 100 MiB data streams through archive and encryption with bounded process memory
ok 289 - 100 MiB data streams through archive and encryption with bounded process memory
  ---
  duration_ms: 3199.426625
  type: 'test'
  ...
# {"input_bytes":104857600,"peak_rss_delta":78249984}
# Subtest: archive refuses output inside source and preserves a preexisting destination
ok 290 - archive refuses output inside source and preserves a preexisting destination
  ---
  duration_ms: 98.789667
  type: 'test'
  ...
# Subtest: production snapshot, encrypted transfer and offline restore to an absent different DATA_DIR
ok 291 - production snapshot, encrypted transfer and offline restore to an absent different DATA_DIR
  ---
  duration_ms: 3474.773792
  type: 'test'
  ...
# Subtest: Git local-only refs, dirty, ignored and untracked worktree data survive source destruction
ok 292 - Git local-only refs, dirty, ignored and untracked worktree data survive source destruction
  ---
  duration_ms: 9047.372792
  type: 'test'
  ...
# Subtest: restore SIGKILL recovery: during-schema-migration
ok 293 - restore SIGKILL recovery: during-schema-migration
  ---
  duration_ms: 6113.9715
  type: 'test'
  ...
# Subtest: restore SIGKILL recovery: during-git-repair
ok 294 - restore SIGKILL recovery: during-git-repair
  ---
  duration_ms: 5716.9505
  type: 'test'
  ...
# Subtest: restore SIGKILL recovery: after-candidate-validation
ok 295 - restore SIGKILL recovery: after-candidate-validation
  ---
  duration_ms: 5049.048125
  type: 'test'
  ...
# Subtest: restore SIGKILL recovery: after-old-rename
ok 296 - restore SIGKILL recovery: after-old-rename
  ---
  duration_ms: 4717.308166
  type: 'test'
  ...
# Subtest: restore SIGKILL recovery: after-candidate-publish
ok 297 - restore SIGKILL recovery: after-candidate-publish
  ---
  duration_ms: 5219.399833
  type: 'test'
  ...
# Subtest: restore SIGKILL recovery: before-startup-validation
ok 298 - restore SIGKILL recovery: before-startup-validation
  ---
  duration_ms: 5673.160833
  type: 'test'
  ...
# Subtest: restore SIGKILL recovery: after-startup-validation
ok 299 - restore SIGKILL recovery: after-startup-validation
  ---
  duration_ms: 5837.286375
  type: 'test'
  ...
# Subtest: post-switch validation failure restores original directory and preserves failed candidate
ok 300 - post-switch validation failure restores original directory and preserves failed candidate
  ---
  duration_ms: 3234.128875
  type: 'test'
  ...
# Subtest: snapshot and restore reject tampering, unsafe roots and substituted ownership
ok 301 - snapshot and restore reject tampering, unsafe roots and substituted ownership
  ---
  duration_ms: 2761.474792
  type: 'test'
  ...
# Subtest: 100,000 historical Runs and 100 MiB logs snapshot, validate and restore with sampled RSS
ok 302 - 100,000 historical Runs and 100 MiB logs snapshot, validate and restore with sampled RSS
  ---
  duration_ms: 48027.64425
  type: 'test'
  ...
# {"runs":100000,"log_bytes":104857600,"git_files":2000,"elapsed_ms":44179,"rss_start":216498176,"rss_peak":411959296,"rss_end":317816832,"samples":856}
# Subtest: production bootstrap makes SQLite private and unknown runtime data blocks exclusion
ok 303 - production bootstrap makes SQLite private and unknown runtime data blocks exclusion
  ---
  duration_ms: 545.574958
  type: 'test'
  ...
# Subtest: future schema, candidate and quarantine substitution fail closed
ok 304 - future schema, candidate and quarantine substitution fail closed
  ---
  duration_ms: 1273.954417
  type: 'test'
  ...
# Subtest: cancel is durable before marker cleanup; logger import never creates DATA_DIR
ok 305 - cancel is durable before marker cleanup; logger import never creates DATA_DIR
  ---
  duration_ms: 819.759959
  type: 'test'
  ...
# Subtest: real application refuses malformed restore journal before creating a DATA_DIR
ok 306 - real application refuses malformed restore journal before creating a DATA_DIR
  ---
  duration_ms: 510.635125
  type: 'test'
  ...
# Subtest: offline restore accepts an explicitly created empty destination without inventing a safety snapshot
ok 307 - offline restore accepts an explicitly created empty destination without inventing a safety snapshot
  ---
  duration_ms: 1128.619166
  type: 'test'
  ...
# Subtest: domain validation rejects damaged Config revisions and Git objects before READY
ok 308 - domain validation rejects damaged Config revisions and Git objects before READY
  ---
  duration_ms: 1324.978875
  type: 'test'
  ...
# Subtest: portable failures clear caller passphrase buffers and publish no partial export
ok 309 - portable failures clear caller passphrase buffers and publish no partial export
  ---
  duration_ms: 611.878834
  type: 'test'
  ...
# Subtest: Run log validation rejects a directory or safe symlink in place of a log
ok 310 - Run log validation rejects a directory or safe symlink in place of a log
  ---
  duration_ms: 337.965792
  type: 'test'
  ...
# Subtest: failed managed resource remains visible and prevents a false successful rebuild
ok 311 - failed managed resource remains visible and prevents a false successful rebuild
  ---
  duration_ms: 688.651084
  type: 'test'
  ...
# Subtest: runtime restore invalidates physical Python provider while retaining logical Node catalog provider
ok 312 - runtime restore invalidates physical Python provider while retaining logical Node catalog provider
  ---
  duration_ms: 329.049708
  type: 'test'
  ...
# Subtest: SQLite WAL snapshot is self-contained, consistent and FK verified
ok 313 - SQLite WAL snapshot is self-contained, consistent and FK verified
  ---
  duration_ms: 126.373375
  type: 'test'
  ...
# Subtest: SQLite foreign key violation fails validation without modifying database
ok 314 - SQLite foreign key violation fails validation without modifying database
  ---
  duration_ms: 18.228666
  type: 'test'
  ...
# Subtest: workspace HTTP API rejects paths/force/ref injection and preserves operation error codes
ok 315 - workspace HTTP API rejects paths/force/ref injection and preserves operation error codes
  ---
  duration_ms: 3696.69575
  type: 'test'
  ...
# Subtest: cross-process POSIX locks release after owner crash, success and errors
ok 316 - cross-process POSIX locks release after owner crash, success and errors
  ---
  duration_ms: 866.707
  type: 'test'
  ...
# Subtest: repository mutation matrix and execution lease exclusivity
ok 317 - repository mutation matrix and execution lease exclusivity
  ---
  duration_ms: 5319.521125
  type: 'test'
  ...
# Subtest: real Git timeout and controller crash during Git release locks after child termination
ok 318 - real Git timeout and controller crash during Git release locks after child termination
  ---
  duration_ms: 957.295334
  type: 'test'
  ...
# Subtest: bare initialization is persistent; fetch updates/prunes remote refs and uses current credentials
ok 319 - bare initialization is persistent; fetch updates/prunes remote refs and uses current credentials
  ---
  duration_ms: 3565.947708
  type: 'test'
  ...
# Subtest: branch worktrees share objects; fetch never moves a worktree; update is explicit FF only
ok 320 - branch worktrees share objects; fetch never moves a worktree; update is explicit FF only
  ---
  duration_ms: 5397.712958
  type: 'test'
  ...
# Subtest: dirty, staged, ignored/untracked and conflicts are visible and protected
ok 321 - dirty, staged, ignored/untracked and conflicts are visible and protected
  ---
  duration_ms: 6631.155458
  type: 'test'
  ...
# Subtest: local commits are retained; diverged and detached worktrees cannot be reset by update/delete
ok 322 - local commits are retained; diverged and detached worktrees cannot be reset by update/delete
  ---
  duration_ms: 6222.224042
  type: 'test'
  ...
# Subtest: execution leases block mutation and prune; missing worktrees remain records and repair preserves branch
ok 323 - execution leases block mutation and prune; missing worktrees remain records and repair preserves branch
  ---
  duration_ms: 5037.058333
  type: 'test'
  ...
# Subtest: non-git storage and managed-path symlink replacements never trigger recursive deletion
ok 324 - non-git storage and managed-path symlink replacements never trigger recursive deletion
  ---
  duration_ms: 880.110959
  type: 'test'
  ...
# Subtest: strict Managed crontab install reports errors while original default behavior is preserved
ok 325 - strict Managed crontab install reports errors while original default behavior is preserved
  ---
  duration_ms: 1159.367334
  type: 'test'
  ...
# Subtest: profile references block repository filesystem deletion before mutation
ok 326 - profile references block repository filesystem deletion before mutation
  ---
  duration_ms: 2221.286459
  type: 'test'
  ...
# Subtest: Config/Hook API contracts deny Secret plaintext in all responses and sanitize malformed payloads
ok 327 - Config/Hook API contracts deny Secret plaintext in all responses and sanitize malformed payloads
  ---
  duration_ms: 2592.877
  type: 'test'
  ...
# Subtest: immutable revisions, optimistic edits, private storage, Secret response and downgrade protection
ok 328 - immutable revisions, optimistic edits, private storage, Secret response and downgrade protection
  ---
  duration_ms: 2096.468083
  type: 'test'
  ...
# Subtest: Repository inheritance, Task override/MASK, normalized uniqueness, disabled and manual bindings, references and cascades
ok 329 - Repository inheritance, Task override/MASK, normalized uniqueness, disabled and manual bindings, references and cascades
  ---
  duration_ms: 1761.296625
  type: 'test'
  ...
# Subtest: Hook CRUD, stable order, transactional reorder conflict rollback and Task cascade
ok 330 - Hook CRUD, stable order, transactional reorder conflict rollback and Task cascade
  ---
  duration_ms: 1091.757333
  type: 'test'
  ...
# Subtest: uncommitted revision directory is retained and next edit allocates a fresh immutable path
ok 331 - uncommitted revision directory is retained and next edit allocates a fresh immutable path
  ---
  duration_ms: 1107.018041
  type: 'test'
  ...
# Subtest: BEFORE JSON set/unset/secret produces derived snapshot only and retains historical secrets
ok 332 - BEFORE JSON set/unset/secret produces derived snapshot only and retains historical secrets
  ---
  duration_ms: 1605.131875
  type: 'test'
  ...
# Subtest: invalid output, reserved/invalid names, oversized values, unknown operations and symlink reject without secret errors
ok 333 - invalid output, reserved/invalid names, oversized values, unknown operations and symlink reject without secret errors
  ---
  duration_ms: 1093.513666
  type: 'test'
  ...
# Subtest: UTF-8 streaming redactor covers chunk boundaries and newly tracked secrets
ok 334 - UTF-8 streaming redactor covers chunk boundaries and newly tracked secrets
  ---
  duration_ms: 903.322
  type: 'test'
  ...
# Subtest: Secret names require own ENV entries and unset never reintroduces prototype properties
ok 335 - Secret names require own ENV entries and unset never reintroduces prototype properties
  ---
  duration_ms: 1074.495875
  type: 'test'
  ...
# Subtest: COPY readonly=true, per-run copy, canonical immutable and cleanup
ok 336 - COPY readonly=true, per-run copy, canonical immutable and cleanup
  ---
  duration_ms: 2085.530292
  type: 'test'
  ...
# Subtest: COPY readonly=false, per-run copy, canonical immutable and cleanup
ok 337 - COPY readonly=false, per-run copy, canonical immutable and cleanup
  ---
  duration_ms: 1521.120541
  type: 'test'
  ...
# Subtest: SYMLINK readonly=true, per-run copy, canonical immutable and cleanup
ok 338 - SYMLINK readonly=true, per-run copy, canonical immutable and cleanup
  ---
  duration_ms: 1365.514125
  type: 'test'
  ...
# Subtest: SYMLINK readonly=false, per-run copy, canonical immutable and cleanup
ok 339 - SYMLINK readonly=false, per-run copy, canonical immutable and cleanup
  ---
  duration_ms: 1384.347208
  type: 'test'
  ...
# Subtest: replace restores original exact bytes/mode after simulated process loss and next acquire
ok 340 - replace restores original exact bytes/mode after simulated process loss and next acquire
  ---
  duration_ms: 1233.762666
  type: 'test'
  ...
# Subtest: unsafe paths, symlink parents/targets, special files, duplicate physical aliases fail without touching user data
ok 341 - unsafe paths, symlink parents/targets, special files, duplicate physical aliases fail without touching user data
  ---
  duration_ms: 1385.747459
  type: 'test'
  ...
# Subtest: unexpected replacement is preserved with backup and recoverable journal
ok 342 - unexpected replacement is preserved with backup and recoverable journal
  ---
  duration_ms: 1249.860334
  type: 'test'
  ...
# Subtest: pinned revision remains old through asset edit; next resolve sees new revision
ok 343 - pinned revision remains old through asset edit; next resolve sees new revision
  ---
  duration_ms: 1283.482917
  type: 'test'
  ...
# Subtest: recovery rejects a journal task root outside the leased workspace without writing outside
ok 344 - recovery rejects a journal task root outside the leased workspace without writing outside
  ---
  duration_ms: 1337.620709
  type: 'test'
  ...
# Subtest: POSIX group cleanup accepts only a verified dead Darwin group, never live permission failures
ok 345 - POSIX group cleanup accepts only a verified dead Darwin group, never live permission failures
  ---
  duration_ms: 162.734291
  type: 'test'
  ...
# Subtest: Discovery transaction failure preserves resource bindings; retirement preserves history and explicit deletion cascades definitions
ok 346 - Discovery transaction failure preserves resource bindings; retirement preserves history and explicit deletion cascades definitions
  ---
  duration_ms: 3859.334375
  type: 'test'
  ...
# Subtest: real sh current MAIN bridge, config in all phases, generated Secret patch/redaction and cleanup
ok 347 - real sh current MAIN bridge, config in all phases, generated Secret patch/redaction and cleanup
  ---
  duration_ms: 5667.559375
  type: 'test'
  ...
# Subtest: real js current MAIN bridge, config in all phases, generated Secret patch/redaction and cleanup
ok 348 - real js current MAIN bridge, config in all phases, generated Secret patch/redaction and cleanup
  ---
  duration_ms: 4906.312209
  type: 'test'
  ...
# Subtest: real py current MAIN bridge, config in all phases, generated Secret patch/redaction and cleanup
ok 349 - real py current MAIN bridge, config in all phases, generated Secret patch/redaction and cleanup
  ---
  duration_ms: 4493.81475
  type: 'test'
  ...
# Subtest: real BEFORE timeout kills descendants, skips remaining BEFORE/MAIN, runs AFTER_FAILURE and FINALLY
ok 350 - real BEFORE timeout kills descendants, skips remaining BEFORE/MAIN, runs AFTER_FAILURE and FINALLY
  ---
  duration_ms: 3768.948959
  type: 'test'
  ...
# Subtest: lifecycle: main failure
ok 351 - lifecycle: main failure
  ---
  duration_ms: 3897.718959
  type: 'test'
  ...
# Subtest: lifecycle: AFTER_SUCCESS failure never triggers AFTER_FAILURE
ok 352 - lifecycle: AFTER_SUCCESS failure never triggers AFTER_FAILURE
  ---
  duration_ms: 3819.9955
  type: 'test'
  ...
# Subtest: lifecycle: FINALLY failure changes success
ok 353 - lifecycle: FINALLY failure changes success
  ---
  duration_ms: 4159.176333
  type: 'test'
  ...
# Subtest: lifecycle: FINALLY failure preserves primary
ok 354 - lifecycle: FINALLY failure preserves primary
  ---
  duration_ms: 4778.397167
  type: 'test'
  ...
# Subtest: lifecycle: CONTINUE before failure permits MAIN
ok 355 - lifecycle: CONTINUE before failure permits MAIN
  ---
  duration_ms: 3922.941708
  type: 'test'
  ...
# Subtest: lifecycle: invalid BEFORE output fails without leaking generated log
ok 356 - lifecycle: invalid BEFORE output fails without leaking generated log
  ---
  duration_ms: 3197.1145
  type: 'test'
  ...
# Subtest: graceful cancellation tee=false executes AFTER_FAILURE/FINALLY with config, then restores original
ok 357 - graceful cancellation tee=false executes AFTER_FAILURE/FINALLY with config, then restores original
  ---
  duration_ms: 4281.6925
  type: 'test'
  ...
# Subtest: graceful cancellation tee=true executes AFTER_FAILURE/FINALLY with config, then restores original
ok 358 - graceful cancellation tee=true executes AFTER_FAILURE/FINALLY with config, then restores original
  ---
  duration_ms: 6391.634625
  type: 'test'
  ...
# Subtest: same workspace BUSY, different workspace parallel, SIGKILL lease recovery restores config
ok 359 - same workspace BUSY, different workspace parallel, SIGKILL lease recovery restores config
  ---
  duration_ms: 6942.644958
  type: 'test'
  ...
# Subtest: live execution pins Config revision, ENV and Hook plan across edits; next run observes new values
ok 360 - live execution pins Config revision, ENV and Hook plan across edits; next run observes new values
  ---
  duration_ms: 3697.161083
  type: 'test'
  ...
# Subtest: retained recovery bridge preserves Config/Hooks; scheduler projection carries Task ID only
ok 361 - retained recovery bridge preserves Config/Hooks; scheduler projection carries Task ID only
  ---
  duration_ms: 2503.672917
  type: 'test'
  ...
# Subtest: PREPARE conflict starts no user phase and preserves existing data
ok 362 - PREPARE conflict starts no user phase and preserves existing data
  ---
  duration_ms: 1118.953833
  type: 'test'
  ...
# Subtest: MAIN timeout invokes failure and finally independently of hook deadlines
ok 363 - MAIN timeout invokes failure and finally independently of hook deadlines
  ---
  duration_ms: 2638.54475
  type: 'test'
  ...
# Subtest: all publication sources share the existing global publication-1 lease
ok 364 - all publication sources share the existing global publication-1 lease
  ---
  duration_ms: 2015.351667
  type: 'test'
  ...
# Subtest: frozen platform v1 upgrades transactionally to identical fresh latest schema and preserves data/hooks
ok 365 - frozen platform v1 upgrades transactionally to identical fresh latest schema and preserves data/hooks
  ---
  duration_ms: 2617.275083
  type: 'test'
  ...
# Subtest: migration failure rolls back DDL, data, hooks and version then permits retry
ok 366 - migration failure rolls back DDL, data, hooks and version then permits retry
  ---
  duration_ms: 958.039042
  type: 'test'
  ...
# Subtest: unknown and tampered v1 databases fail closed without touching user rows
ok 367 - unknown and tampered v1 databases fail closed without touching user rows
  ---
  duration_ms: 492.713292
  type: 'test'
  ...
# Subtest: late migration failure after old columns drop restores all v1 data and hook fields
ok 368 - late migration failure after old columns drop restores all v1 data and hook fields
  ---
  duration_ms: 1070.855458
  type: 'test'
  ...
# Subtest: Script HTTP access is excluded by Config SH lease and blocked by stale journals, then resumes
ok 369 - Script HTTP access is excluded by Config SH lease and blocked by stale journals, then resumes
  ---
  duration_ms: 1369.516666
  type: 'test'
  ...
# Subtest: Node retains API flock after helper exit through asynchronous action and response completion
ok 370 - Node retains API flock after helper exit through asynchronous action and response completion
  ---
  duration_ms: 952.067917
  type: 'test'
  ...
# Subtest: Runtime API returns tracked async IDs, denies arbitrary commands/paths and sanitizes every error
ok 371 - Runtime API returns tracked async IDs, denies arbitrary commands/paths and sanitizes every error
  ---
  duration_ms: 4977.690833
  type: 'test'
  ...
# Subtest: backend SIGKILL retains inherited provider lease until supervised descendants exit, then recovery succeeds
ok 372 - backend SIGKILL retains inherited provider lease until supervised descendants exit, then recovery succeeds
  ---
  duration_ms: 4789.817708
  type: 'test'
  ...
# Subtest: partial remove failure retains record and ownership for retry; provider failure preserves interpreter
ok 373 - partial remove failure retains record and ownership for retry; provider failure preserves interpreter
  ---
  duration_ms: 6107.798208
  type: 'test'
  ...
# Subtest: disk full and command failures produce bounded static errors and leave partial runtime repairable
ok 374 - disk full and command failures produce bounded static errors and leave partial runtime repairable
  ---
  duration_ms: 2673.613291
  type: 'test'
  ...
# Subtest: bounded runtime logs drain oversized output without exposing private HOME or symlink targets
ok 375 - bounded runtime logs drain oversized output without exposing private HOME or symlink targets
  ---
  duration_ms: 5062.266959
  type: 'test'
  ...
# Subtest: real provider validation rejects dirty code, mismatched revision and .git symlink before execution
ok 376 - real provider validation rejects dirty code, mismatched revision and .git symlink before execution
  ---
  duration_ms: 4579.045333
  type: 'test'
  ...
# Subtest: unknown nonempty provider root is preserved; symlinked cache reports missing requirement
ok 377 - unknown nonempty provider root is preserved; symlinked cache reports missing requirement
  ---
  duration_ms: 1557.51525
  type: 'test'
  ...
# Subtest: fixed interpreter diagnostic rejects incorrect version and prefix even on first installation
ok 378 - fixed interpreter diagnostic rejects incorrect version and prefix even on first installation
  ---
  duration_ms: 4013.660083
  type: 'test'
  ...
# Subtest: exact catalog filters implementations, prereleases and injection
ok 379 - exact catalog filters implementations, prereleases and injection
  ---
  duration_ms: 2394.566625
  type: 'test'
  ...
# Subtest: provider setup, two runtimes, explicit verify/repair/remove preserve sibling and snapshots
ok 380 - provider setup, two runtimes, explicit verify/repair/remove preserve sibling and snapshots
  ---
  duration_ms: 7105.466958
  type: 'test'
  ...
# Subtest: cross-service lock, cancel and timeout keep operation ownership and descendants bounded
ok 381 - cross-service lock, cancel and timeout keep operation ownership and descendants bounded
  ---
  duration_ms: 4212.307584
  type: 'test'
  ...
# Subtest: paths reject unknown roots, version symlink, parent symlink and executable escape
ok 382 - paths reject unknown roots, version symlink, parent symlink and executable escape
  ---
  duration_ms: 2098.416666
  type: 'test'
  ...
# Subtest: recovery never kills stored PID or adopts unknown versions; reference checks block removal
ok 383 - recovery never kills stored PID or adopts unknown versions; reference checks block removal
  ---
  duration_ms: 4349.43425
  type: 'test'
  ...
# Subtest: build environment excludes backend/user secrets and logs redact split UTF-8 secrets
ok 384 - build environment excludes backend/user secrets and logs redact split UTF-8 secrets
  ---
  duration_ms: 2013.706
  type: 'test'
  ...
# Subtest: frozen v2 migrates to identical fresh latest schema, preserves ENV/Config/Hooks and enforces runtime CHECK/FK constraints
ok 385 - frozen v2 migrates to identical fresh latest schema, preserves ENV/Config/Hooks and enforces runtime CHECK/FK constraints
  ---
  duration_ms: 2085.995875
  type: 'test'
  ...
# Subtest: v2 late migration failure rolls back runtime tables, metadata and data, then retries
ok 386 - v2 late migration failure rolls back runtime tables, metadata and data, then retries
  ---
  duration_ms: 954.987125
  type: 'test'
  ...
# Subtest: tampered v2 signature and unknown version fail closed
ok 387 - tampered v2 signature and unknown version fail closed
  ---
  duration_ms: 1088.909333
  type: 'test'
  ...
# Subtest: Environment API scopes, strict input, definitions, optimistic revisions, reference protection and safe empty deletion
ok 388 - Environment API scopes, strict input, definitions, optimistic revisions, reference protection and safe empty deletion
  ---
  duration_ms: 7319.200375
  type: 'test'
  ...
# Subtest: staging write failure, timeout and cancellation release locks, never publish or damage Runtime
ok 389 - staging write failure, timeout and cancellation release locks, never publish or damage Runtime
  ---
  duration_ms: 7669.350209
  type: 'test'
  ...
# Subtest: partial filesystem deletion remains ERROR and retryable; publication DB failure never switches Current
ok 390 - partial filesystem deletion remains ERROR and retryable; publication DB failure never switches Current
  ---
  duration_ms: 5415.547375
  type: 'test'
  ...
# Subtest: Environment ownership refuses symlinks, replaced roots, foreign IDs, unknown files and lease collisions
ok 391 - Environment ownership refuses symlinks, replaced roots, foreign IDs, unknown files and lease collisions
  ---
  duration_ms: 3056.090292
  type: 'test'
  ...
# Subtest: frozen v3 to v4 is transactional, preserves runtime/history and equals fresh signature
ok 392 - frozen v3 to v4 is transactional, preserves runtime/history and equals fresh signature
  ---
  duration_ms: 2358.487625
  type: 'test'
  ...
# Subtest: v3 tampering fails closed before any schema or user-data changes
ok 393 - v3 tampering fails closed before any schema or user-data changes
  ---
  duration_ms: 1147.690084
  type: 'test'
  ...
# Subtest: actual SQLite constraints protect immutable revisions, build identity, current ownership and runtime FKs
ok 394 - actual SQLite constraints protect immutable revisions, build identity, current ownership and runtime FKs
  ---
  duration_ms: 677.918792
  type: 'test'
  ...
# Subtest: Node panel-only strict API, identity scoping, optimistic definitions and resource-owned operations
ok 395 - Node panel-only strict API, identity scoping, optimistic definitions and resource-owned operations
  ---
  duration_ms: 5076.102458
  type: 'test'
  ...
# Subtest: Node Build publish transaction failure and ENOSPC keep Current and Runtime healthy
ok 396 - Node Build publish transaction failure and ENOSPC keep Current and Runtime healthy
  ---
  duration_ms: 5635.4785
  type: 'test'
  ...
# Subtest: Node partial filesystem deletion remains ERROR, preserves unknown files, and explicit retry finalizes DB
ok 397 - Node partial filesystem deletion remains ERROR, preserves unknown files, and explicit retry finalizes DB
  ---
  duration_ms: 5032.619292
  type: 'test'
  ...
# Subtest: official-provider download boundary: checksum mismatch and cancellation never publish Runtime and clean private staging
ok 398 - official-provider download boundary: checksum mismatch and cancellation never publish Runtime and clean private staging
  ---
  duration_ms: 4926.881625
  type: 'test'
  ...
# Subtest: v4 → v5 preserves real Python environment references; fresh matches migration and late failure rolls back
ok 399 - v4 → v5 preserves real Python environment references; fresh matches migration and late failure rolls back
  ---
  duration_ms: 2840.174584
  type: 'test'
  ...
# Subtest: v4 tampering is rejected without mutation
ok 400 - v4 tampering is rejected without mutation
  ---
  duration_ms: 749.405791
  type: 'test'
  ...
# Subtest: Node actual SQLite constraints protect language/toolchain and immutable revision/build ownership
ok 401 - Node actual SQLite constraints protect language/toolchain and immutable revision/build ownership
  ---
  duration_ms: 668.949042
  type: 'test'
  ...
# Subtest: archive preflight rejects traversal, absolute paths, symlink/hardlink escape, special files and link ancestors before extraction
ok 402 - archive preflight rejects traversal, absolute paths, symlink/hardlink escape, special files and link ancestors before extraction
  ---
  duration_ms: 1845.471291
  type: 'test'
  ...
# Subtest: Node resource IDs, ownership, inode and symlink boundary fail closed without deleting unknown data
ok 403 - Node resource IDs, ownership, inode and symlink boundary fail closed without deleting unknown data
  ---
  duration_ms: 2188.457917
  type: 'test'
  ...
# Subtest: Node catalog, exact versions, platform and registry credential/source policy
ok 404 - Node catalog, exact versions, platform and registry credential/source policy
  ---
  duration_ms: 1106.978417
  type: 'test'
  ...
# Subtest: Task HTTP definitions stay independent of legacy scheduler; API/MANUAL sources explicit
ok 405 - Task HTTP definitions stay independent of legacy scheduler; API/MANUAL sources explicit
  ---
  duration_ms: 5270.199958
  type: 'test'
  ...
# Subtest: Task CRUD, optimistic version, literal arguments, enable readiness and clone secrets
ok 406 - Task CRUD, optimistic version, literal arguments, enable readiness and clone secrets
  ---
  duration_ms: 2217.630916
  type: 'test'
  ...
# Subtest: runtime inheritance changes readiness dynamically, explicit override wins, references protect deletion
ok 407 - runtime inheritance changes readiness dynamically, explicit override wins, references protect deletion
  ---
  duration_ms: 1584.068958
  type: 'test'
  ...
# Subtest: cross-repository source/profile updates roll back atomically and client paths are rejected
ok 408 - cross-repository source/profile updates roll back atomically and client paths are rejected
  ---
  duration_ms: 757.520208
  type: 'test'
  ...
# Subtest: 1000 Task list uses bounded batch queries and does not expose execution paths
ok 409 - 1000 Task list uses bounded batch queries and does not expose execution paths
  ---
  duration_ms: 18920.43075
  type: 'test'
  ...
# Subtest: Python/JS/TS/Shell binding matrix, missing/wrong environments and effective references
ok 410 - Python/JS/TS/Shell binding matrix, missing/wrong environments and effective references
  ---
  duration_ms: 2771.044208
  type: 'test'
  ...
# Subtest: Task > Subscription > Repository precedence and clone retain subscription-owned logical resources
ok 411 - Task > Subscription > Repository precedence and clone retain subscription-owned logical resources
  ---
  duration_ms: 1657.767541
  type: 'test'
  ...
# Subtest: readiness responds to source loss, disabled profile and malformed Config/Hook without execution snapshots
ok 412 - readiness responds to source loss, disabled profile and malformed Config/Hook without execution snapshots
  ---
  duration_ms: 1063.590583
  type: 'test'
  ...
# Subtest: clone copies Config/Hooks/settings while Task delete keeps independent resources and run history
ok 413 - clone copies Config/Hooks/settings while Task delete keeps independent resources and run history
  ---
  duration_ms: 1089.964
  type: 'test'
  ...
# Subtest: v5 and fresh Task schema have identical signatures and valid foreign keys
ok 414 - v5 and fresh Task schema have identical signatures and valid foreign keys
  ---
  duration_ms: 1860.723459
  type: 'test'
  ...
# Subtest: v5 command-only task ID and owned secrets survive; failed migration rolls back and retries
ok 415 - v5 command-only task ID and owned secrets survive; failed migration rolls back and retries
  ---
  duration_ms: 1285.403208
  type: 'test'
  ...
# Subtest: v5 populated migration preserves discovery, ENV, Config, Hooks, runtimes, statistics and execution IDs
ok 416 - v5 populated migration preserves discovery, ENV, Config, Hooks, runtimes, statistics and execution IDs
  ---
  duration_ms: 1046.771833
  type: 'test'
  ...
# Subtest: source paths reject traversal, absolute paths, Windows paths, control characters and ambiguous segments
ok 417 - source paths reject traversal, absolute paths, Windows paths, control characters and ambiguous segments
  ---
  duration_ms: 0.908541
  type: 'test'
  ...
# Subtest: arguments are literal structured strings; settings and runtime languages are bounded
ok 418 - arguments are literal structured strings; settings and runtime languages are bounded
  ---
  duration_ms: 0.708166
  type: 'test'
  ...
# Subtest: deep source validation rejects internal and escaping symlinks, directories, FIFO and socket
ok 419 - deep source validation rejects internal and escaping symlinks, directories, FIFO and socket
  ---
  duration_ms: 150.793083
  type: 'test'
  ...
# Subtest: subscription deletion protects discovered Tasks; explicit cascade is atomic and leaves manual Tasks intact
ok 420 - subscription deletion protects discovered Tasks; explicit cascade is atomic and leaves manual Tasks intact
  ---
  duration_ms: 2454.339833
  type: 'test'
  ...
# Subtest: script filename route is removed; detail route is explicitly handled
ok 421 - script filename route is removed; detail route is explicitly handled
  ---
  duration_ms: 18.80025
  type: 'test'
  ...
# Subtest: log filename route is removed; detail route is explicitly handled
ok 422 - log filename route is removed; detail route is explicitly handled
  ---
  duration_ms: 180.685584
  type: 'test'
  ...
# Subtest: arbitrary Config editor has no public controller or service
ok 423 - arbitrary Config editor has no public controller or service
  ---
  duration_ms: 0.1575
  type: 'test'
  ...
# Subtest: staging editor service is physically retired
ok 424 - staging editor service is physically retired
  ---
  duration_ms: 0.081833
  type: 'test'
  ...
# Subtest: fresh seed is local, idempotent and creates no usable password or legacy startup task
ok 425 - fresh seed is local, idempotent and creates no usable password or legacy startup task
  ---
  duration_ms: 26.668459
  type: 'test'
  ...
# Subtest: database loader rejects initialization failure rather than allowing workers to start
ok 426 - database loader rejects initialization failure rather than allowing workers to start
  ---
  duration_ms: 470.147208
  type: 'test'
  ...
# Subtest: A/B/D/H/I: stable identity, reusable credentials, secret replacement and deletion protection
ok 427 - A/B/D/H/I: stable identity, reusable credentials, secret replacement and deletion protection
  ---
  duration_ms: 811.703583
  type: 'test'
  ...
# Subtest: C: encrypted SSH key validation derives public key, preserves secret privacy and supports reuse
ok 428 - C: encrypted SSH key validation derives public key, preserves secret privacy and supports reuse
  ---
  duration_ms: 2626.091542
  type: 'test'
  ...
# Subtest: access tests use only ls-remote, update status, hide remote errors and clean contexts
ok 429 - access tests use only ls-remote, update status, hide remote errors and clean contexts
  ---
  duration_ms: 597.453
  type: 'test'
  ...
# Subtest: credential update does not mutate the snapshot of a running invocation
ok 430 - credential update does not mutate the snapshot of a running invocation
  ---
  duration_ms: 731.373333
  type: 'test'
  ...
# Subtest: scoped sh account concurrency keeps split secrets in private temporary logs
ok 431 - scoped sh account concurrency keeps split secrets in private temporary logs
  ---
  duration_ms: 1971.288167
  type: 'test'
  ...
# Subtest: scoped js account concurrency keeps split secrets in private temporary logs
ok 432 - scoped js account concurrency keeps split secrets in private temporary logs
  ---
  duration_ms: 1580.050083
  type: 'test'
  ...
# Subtest: scoped py account concurrency keeps split secrets in private temporary logs
ok 433 - scoped py account concurrency keeps split secrets in private temporary logs
  ---
  duration_ms: 1455.243125
  type: 'test'
  ...
# Subtest: real HTTP APIs mask secrets and validation errors, enforce scope and block open access
ok 434 - real HTTP APIs mask secrets and validation errors, enforce scope and block open access
  ---
  duration_ms: 1125.828959
  type: 'test'
  ...
# Subtest: profile CRUD, uniqueness, default, clone secrets, and reference protection
ok 435 - profile CRUD, uniqueness, default, clone secrets, and reference protection
  ---
  duration_ms: 934.231334
  type: 'test'
  ...
# Subtest: secret keep/replace/clear, metadata edits, atomic batch rollback and safe errors
ok 436 - secret keep/replace/clear, metadata edits, atomic batch rollback and safe errors
  ---
  duration_ms: 677.884417
  type: 'test'
  ...
# Subtest: profile precedence, manual task, disabled and wrong repository fail closed
ok 437 - profile precedence, manual task, disabled and wrong repository fail closed
  ---
  duration_ms: 796.755542
  type: 'test'
  ...
# Subtest: SET/UNSET/disabled/empty precedence, immutable snapshot and parent isolation
ok 438 - SET/UNSET/disabled/empty precedence, immutable snapshot and parent isolation
  ---
  duration_ms: 420.047375
  type: 'test'
  ...
# Subtest: Global unique contract masks secrets across SDK responses and rejects inherited backend secrets
ok 439 - Global unique contract masks secrets across SDK responses and rejects inherited backend secrets
  ---
  duration_ms: 344.105417
  type: 'test'
  ...
# Subtest: real ID-to-SQLite shell bridge resolves current config, cleans per-run files and fails disabled profiles
ok 440 - real ID-to-SQLite shell bridge resolves current config, cleans per-run files and fails disabled profiles
  ---
  duration_ms: 5723.848542
  type: 'test'
  ...
# Subtest: actual Python/Node/Shell snapshot complex values, UNSET, no interpolation or secret logs
ok 441 - actual Python/Node/Shell snapshot complex values, UNSET, no interpolation or secret logs
  ---
  duration_ms: 3257.061208
  type: 'test'
  ...
# {"global_ts_runner_used":false,"repository_local_runner":"node_modules/.bin/ts-node-transpile-only","typescript_diagnostic":"PASS"}
# Subtest: 50 simultaneously live runs across repositories/profiles/tasks isolate snapshots and preserve A across update to B
ok 442 - 50 simultaneously live runs across repositories/profiles/tasks isolate snapshots and preserve A across update to B
  ---
  duration_ms: 12519.723375
  type: 'test'
  ...
# Subtest: cross-repository and same-repository profiles stay isolated with task overrides; next unscoped run has no residue
ok 443 - cross-repository and same-repository profiles stay isolated with task overrides; next unscoped run has no residue
  ---
  duration_ms: 3243.676083
  type: 'test'
  ...
# Subtest: malformed scoped request JSON is never echoed by the HTTP error boundary
ok 444 - malformed scoped request JSON is never echoed by the HTTP error boundary
  ---
  duration_ms: 380.547458
  type: 'test'
  ...
# Subtest: streaming secret redaction preserves UTF-8 and masks literal and JSON-escaped multiline values
ok 445 - streaming secret redaction preserves UTF-8 and masks literal and JSON-escaped multiline values
  ---
  duration_ms: 343.88775
  type: 'test'
  ...
# Subtest: snapshot cleanup preserves live owners, removes stale dead owners, rejects symlinks and oversized environment
ok 446 - snapshot cleanup preserves live owners, removes stale dead owners, rejects symlinks and oversized environment
  ---
  duration_ms: 1292.956166
  type: 'test'
  ...
# Subtest: global-only execution allocates a private full snapshot
ok 447 - global-only execution allocates a private full snapshot
  ---
  duration_ms: 446.078708
  type: 'test'
  ...
# Subtest: empty data root creates v4, all bridge/core tables, and restarts without schema writes
ok 448 - empty data root creates v4, all bridge/core tables, and restarts without schema writes
  ---
  duration_ms: 1094.688625
  type: 'test'
  ...
# Subtest: unknown nonempty database fails closed and preserves rows and schema
ok 449 - unknown nonempty database fails closed and preserves rows and schema
  ---
  duration_ms: 168.948834
  type: 'test'
  ...
# Subtest: partial DDL failure rolls back all objects and allows a clean retry
ok 450 - partial DDL failure rolls back all objects and allows a clean retry
  ---
  duration_ms: 554.884333
  type: 'test'
  ...
# Subtest: unexpected schema objects are rejected on restart
ok 451 - unexpected schema objects are rejected on restart
  ---
  duration_ms: 565.675875
  type: 'test'
  ...
# Subtest: fresh directory bootstrap refuses symlinked database directory
ok 452 - fresh directory bootstrap refuses symlinked database directory
  ---
  duration_ms: 6.680709
  type: 'test'
  ...
# Subtest: worktree deletion DB failure is recoverable by reconstruction without resetting local history
ok 453 - worktree deletion DB failure is recoverable by reconstruction without resetting local history
  ---
  duration_ms: 3829.650791
  type: 'test'
  ...
# Subtest: repository delete can retry after filesystem success and DB failure
ok 454 - repository delete can retry after filesystem success and DB failure
  ---
  duration_ms: 6060.866708
  type: 'test'
  ...
# Subtest: operation timeout persists ERROR and releases mutation lease
ok 455 - operation timeout persists ERROR and releases mutation lease
  ---
  duration_ms: 1712.130583
  type: 'test'
  ...
# Subtest: ignored files and symlink replacement protect user data; orphan worktrees are diagnosed
ok 456 - ignored files and symlink replacement protect user data; orphan worktrees are diagnosed
  ---
  duration_ms: 2331.875917
  type: 'test'
  ...
# Subtest: remote spelling changes preserve identity, storage and subscription references
ok 457 - remote spelling changes preserve identity, storage and subscription references
  ---
  duration_ms: 1293.1375
  type: 'test'
  ...
# Subtest: Git core.worktree override cannot redirect status or mutations outside managed checkout
ok 458 - Git core.worktree override cannot redirect status or mutations outside managed checkout
  ---
  duration_ms: 1752.525542
  type: 'test'
  ...
# Subtest: dependency command generation retains global Node and optional Python prefix without installing packages
ok 459 - dependency command generation retains global Node and optional Python prefix without installing packages
  ---
  duration_ms: 565.662
  type: 'test'
  ...
# Subtest: real node-schedule trigger reaches production runTask and drains stdout/stderr
ok 460 - real node-schedule trigger reaches production runTask and drains stdout/stderr
  ---
  duration_ms: 458.091
  type: 'test'
  ...
# Subtest: repository required at domain and DB boundaries; obsolete API fields cannot become persisted columns
ok 461 - repository required at domain and DB boundaries; obsolete API fields cannot become persisted columns
  ---
  duration_ms: 2035.545417
  type: 'test'
  ...
# Subtest: CRUD, cron/interval registration, manual dispatch, stop and ID log identity use one pipeline
ok 462 - CRUD, cron/interval registration, manual dispatch, stop and ID log identity use one pipeline
  ---
  duration_ms: 6262.948458
  type: 'test'
  ...
# Subtest: only repository credential is resolved; disabled credential fails instead of anonymous fallback
ok 463 - only repository credential is resolved; disabled credential fails instead of anonymous fallback
  ---
  duration_ms: 1064.602417
  type: 'test'
  ...
# Subtest: staging Bash timeout kills its process group and releases the existing POSIX lease
ok 464 - staging Bash timeout kills its process group and releases the existing POSIX lease
  ---
  duration_ms: 2038.368792
  type: 'test'
  ...
# Subtest: preflight refuses an execution lease instead of accepting cached clean status
ok 465 - preflight refuses an execution lease instead of accepting cached clean status
  ---
  duration_ms: 7841.67325
  type: 'test'
  ...
# Subtest: actual ORM tables, automatic and manual tasks, and execution exit code in isolated SQLite
ok 466 - actual ORM tables, automatic and manual tasks, and execution exit code in isolated SQLite
  ---
  duration_ms: 1124.563833
  type: 'test'
  ...
# Subtest: managed paths use IDs, reject traversal, symlink escape and case collisions
ok 467 - managed paths use IDs, reject traversal, symlink escape and case collisions
  ---
  duration_ms: 121.50975
  type: 'test'
  ...
1..467
# tests 469
# suites 0
# pass 466
# fail 0
# cancelled 0
# skipped 3
# todo 0
# duration_ms 158426.7775
