TAP version 13
# Subtest: platform sessions validate and obsolete single-token shapes fail closed
ok 1 - platform sessions validate and obsolete single-token shapes fail closed
  ---
  duration_ms: 6.693708
  type: 'test'
  ...
# Subtest: session membership never bypasses JWT signature, expiry, algorithm or nbf
ok 2 - session membership never bypasses JWT signature, expiry, algorithm or nbf
  ---
  duration_ms: 1.763917
  type: 'test'
  ...
# Subtest: platform token metadata can shorten but cannot extend JWT expiration
ok 3 - platform token metadata can shorten but cannot extend JWT expiration
  ---
  duration_ms: 2.304458
  type: 'test'
  ...
# Subtest: passwords are salted and plaintext credentials are rejected
ok 4 - passwords are salted and plaintext credentials are rejected
  ---
  duration_ms: 266.497542
  type: 'test'
  ...
# Subtest: build verification accepts matching source and rejects stale or dirty artifacts
ok 5 - build verification accepts matching source and rejects stale or dirty artifacts
  ---
  duration_ms: 832.641417
  type: 'test'
  ...
# Subtest: release images receive the same-run artifact and verify it before use
ok 6 - release images receive the same-run artifact and verify it before use
  ---
  duration_ms: 16.734959
  type: 'test'
  ...
# Subtest: complete artifact manifests reject changed, missing, extra files and untracked build inputs
ok 7 - complete artifact manifests reject changed, missing, extra files and untracked build inputs
  ---
  duration_ms: 2521.535667
  type: 'test'
  ...
# Subtest: bridge API accepts Chinese log names and existing supported names
ok 8 - bridge API accepts Chinese log names and existing supported names
  ---
  duration_ms: 1.877208
  type: 'test'
  ...
# Subtest: bridge API still rejects unsafe relative names and excessive length
ok 9 - bridge API still rejects unsafe relative names and excessive length
  ---
  duration_ms: 0.958125
  type: 'test'
  ...
# Subtest: API restricts absolute log paths to the configured directory or /dev/null
ok 10 - API restricts absolute log paths to the configured directory or /dev/null
  ---
  duration_ms: 0.144042
  type: 'test'
  ...
# Subtest: cron validation accepts leading-zero schedules and legacy null labels
ok 11 - cron validation accepts leading-zero schedules and legacy null labels
  ---
  duration_ms: 61.038125
  type: 'test'
  ...
# Subtest: cron validation identifies invalid fields
ok 12 - cron validation identifies invalid fields
  ---
  duration_ms: 2.525875
  type: 'test'
  ...
# Subtest: today failures includes recovered and deleted tasks, excluding previous days and successes
ok 13 - today failures includes recovered and deleted tasks, excluding previous days and successes
  ---
  duration_ms: 688.810167
  type: 'test'
  ...
# Subtest: dependency listing marks cache entries missing from disk for reinstall
ok 14 - dependency listing marks cache entries missing from disk for reinstall
  ---
  duration_ms: 533.079917
  type: 'test'
  ...
# Subtest: container logging discards stdout and forwards startup errors without persistent copies
ok 15 - container logging discards stdout and forwards startup errors without persistent copies
  ---
  duration_ms: 14.075542
  type: 'test'
  ...
# Subtest: non-container installs keep the PM2 logging defaults
ok 16 - non-container installs keep the PM2 logging defaults
  ---
  duration_ms: 18.307875
  type: 'test'
  ...
# Subtest: scheduler submission failure settles and next Task identity can be submitted
ok 17 - scheduler submission failure settles and next Task identity can be submitted
  ---
  duration_ms: 6.10625
  type: 'test'
  ...
# Subtest: completion waits for slow log consumers and preserves the final output
ok 18 - completion waits for slow log consumers and preserves the final output
  ---
  duration_ms: 93.824959
  type: 'test'
  ...
# Subtest: exit is not completion, and UTF-8 split across writes remains intact
ok 19 - exit is not completion, and UTF-8 split across writes remains intact
  ---
  duration_ms: 12.881125
  type: 'test'
  ...
# Subtest: failed log sink drains large output instead of blocking the child
ok 20 - failed log sink drains large output instead of blocking the child
  ---
  duration_ms: 72.725333
  type: 'test'
  ...
# Subtest: PID response keeps queue capacity occupied until cleanup completes
ok 21 - PID response keeps queue capacity occupied until cleanup completes
  ---
  duration_ms: 367.688292
  type: 'test'
  ...
# Subtest: before/error/end callback failures settle and release capacity
ok 22 - before/error/end callback failures settle and release capacity
  ---
  duration_ms: 51.371
  type: 'test'
  ...
# Subtest: concurrent writes and closes preserve all bytes, and failed files can be closed
ok 23 - concurrent writes and closes preserve all bytes, and failed files can be closed
  ---
  duration_ms: 126.859417
  type: 'test'
  ...
# Subtest: file access enforces directory boundaries, blacklist descendants and symlinks
ok 24 - file access enforces directory boundaries, blacklist descendants and symlinks
  ---
  duration_ms: 6.371666
  type: 'test'
  ...
# Subtest: readDirs preserves the recursive tree contract and ignores blocked entries
ok 25 - readDirs preserves the recursive tree contract and ignores blocked entries
  ---
  duration_ms: 42.886167
  type: 'test'
  ...
# Subtest: gRPC cron response preserves Sequelize model fields through protobuf serialization
ok 26 - gRPC cron response preserves Sequelize model fields through protobuf serialization
  ---
  duration_ms: 137.95475
  type: 'test'
  ...
# Subtest: legacy plain cron rows normalize absent repeated fields
ok 27 - legacy plain cron rows normalize absent repeated fields
  ---
  duration_ms: 0.23525
  type: 'test'
  ...
# Subtest: HTTP listener preserves private binding and releases its port after shutdown
ok 28 - HTTP listener preserves private binding and releases its port after shutdown
  ---
  duration_ms: 83.128083
  type: 'test'
  ...
# Subtest: custom cluster deployments can restore shared listening
ok 29 - custom cluster deployments can restore shared listening
  ---
  duration_ms: 1.267583
  type: 'test'
  ...
# Subtest: HTTP authentication protects init, scopes, expired sessions and config secrets
not ok 30 - HTTP authentication protects init, scopes, expired sessions and config secrets
  ---
  duration_ms: 2015.241583
  type: 'test'
  location: '/Users/jonhy/PersonalDatas/Codes/github/anysoft/qinglong/test/back/http-security.test.cjs:11:1'
  failureType: 'testCodeFailure'
  error: '(0 , typedi_1.Service) is not a function'
  code: 'ERR_TEST_FAILURE'
  name: 'TypeError'
  stack: |-
    eval (eval at loadSecurityModule (/Users/jonhy/PersonalDatas/Codes/github/anysoft/qinglong/test/helpers/load-security-module.cjs:35:3), <anonymous>:91:26)
    loadSecurityModule (/Users/jonhy/PersonalDatas/Codes/github/anysoft/qinglong/test/helpers/load-security-module.cjs:35:72)
    requireModule (/Users/jonhy/PersonalDatas/Codes/github/anysoft/qinglong/test/helpers/load-security-module.cjs:21:16)
    eval (eval at loadSecurityModule (/Users/jonhy/PersonalDatas/Codes/github/anysoft/qinglong/test/helpers/load-security-module.cjs:35:3), <anonymous>:20:51)
    loadSecurityModule (/Users/jonhy/PersonalDatas/Codes/github/anysoft/qinglong/test/helpers/load-security-module.cjs:35:72)
    requireModule (/Users/jonhy/PersonalDatas/Codes/github/anysoft/qinglong/test/helpers/load-security-module.cjs:21:16)
    eval (eval at loadSecurityModule (/Users/jonhy/PersonalDatas/Codes/github/anysoft/qinglong/test/helpers/load-security-module.cjs:35:3), <anonymous>:44:45)
    loadSecurityModule (/Users/jonhy/PersonalDatas/Codes/github/anysoft/qinglong/test/helpers/load-security-module.cjs:35:72)
    requireModule (/Users/jonhy/PersonalDatas/Codes/github/anysoft/qinglong/test/helpers/load-security-module.cjs:21:16)
    eval (eval at loadSecurityModule (/Users/jonhy/PersonalDatas/Codes/github/anysoft/qinglong/test/helpers/load-security-module.cjs:35:3), <anonymous>:9:28)
  ...
# Subtest: HTTP binding 127.0.0.1 never broadens an explicit private address
ok 31 - HTTP binding 127.0.0.1 never broadens an explicit private address
  ---
  duration_ms: 43.271792
  type: 'test'
  ...
# Subtest: gRPC binding 127.0.0.1 never broadens an explicit private address
ok 32 - gRPC binding 127.0.0.1 never broadens an explicit private address
  ---
  duration_ms: 58.4375
  type: 'test'
  ...
# Subtest: HTTP binding ::1 never broadens an explicit private address
ok 33 - HTTP binding ::1 never broadens an explicit private address
  ---
  duration_ms: 37.993833
  type: 'test'
  ...
# Subtest: gRPC binding ::1 never broadens an explicit private address
ok 34 - gRPC binding ::1 never broadens an explicit private address
  ---
  duration_ms: 41.758125
  type: 'test'
  ...
# Subtest: HTTP binding 192.0.2.1 never broadens an explicit private address
ok 35 - HTTP binding 192.0.2.1 never broadens an explicit private address
  ---
  duration_ms: 14.374958
  type: 'test'
  ...
# Subtest: gRPC binding 192.0.2.1 never broadens an explicit private address
ok 36 - gRPC binding 192.0.2.1 never broadens an explicit private address
  ---
  duration_ms: 20.661917
  type: 'test'
  ...
# Subtest: HTTP binding :: never broadens an explicit private address
ok 37 - HTTP binding :: never broadens an explicit private address
  ---
  duration_ms: 63.7535
  type: 'test'
  ...
# Subtest: gRPC binding :: never broadens an explicit private address
ok 38 - gRPC binding :: never broadens an explicit private address
  ---
  duration_ms: 15.6455
  type: 'test'
  ...
# Subtest: log streams reject traversal, sibling prefixes and escaping symlinks before writing
ok 39 - log streams reject traversal, sibling prefixes and escaping symlinks before writing
  ---
  duration_ms: 41.237583
  type: 'test'
  ...
# Subtest: log initialization rejects unsafe paths before mkdir or file writes
ok 40 - log initialization rejects unsafe paths before mkdir or file writes
  ---
  duration_ms: 466.052792
  type: 'test'
  ...
# Subtest: manual execution rejects escaping log names before creating directories or spawning
ok 41 - manual execution rejects escaping log names before creating directories or spawning
  ---
  duration_ms: 1222.144458
  type: 'test'
  ...
# Subtest: log reader defaults to a bounded tail and supports incremental reads
ok 42 - log reader defaults to a bounded tail and supports incremental reads
  ---
  duration_ms: 28.510208
  type: 'test'
  ...
# Subtest: log reader enforces the maximum chunk size
ok 43 - log reader enforces the maximum chunk size
  ---
  duration_ms: 21.528417
  type: 'test'
  ...
# Subtest: log reader preserves UTF-8 characters across byte boundaries
ok 44 - log reader preserves UTF-8 characters across byte boundaries
  ---
  duration_ms: 6.705375
  type: 'test'
  ...
# Subtest: missing logs return an empty chunk
ok 45 - missing logs return an empty chunk
  ---
  duration_ms: 1.217959
  type: 'test'
  ...
# Subtest: manual execution captures a short child before slow status storage and flushes before release
ok 46 - manual execution captures a short child before slow status storage and flushes before release
  ---
  duration_ms: 1522.780708
  type: 'test'
  ...
# Subtest: metrics keep only the newest bounded samples
ok 47 - metrics keep only the newest bounded samples
  ---
  duration_ms: 29.4705
  type: 'test'
  ...
# Subtest: empty metric queries return finite aggregates
ok 48 - empty metric queries return finite aggregates
  ---
  duration_ms: 1.629417
  type: 'test'
  ...
# Subtest: health probes bypass request metric retention with or without base URL
ok 49 - health probes bypass request metric retention with or without base URL
  ---
  duration_ms: 0.956792
  type: 'test'
  ...
# Subtest: non-health requests keep bounded service metrics
ok 50 - non-health requests keep bounded service metrics
  ---
  duration_ms: 0.262375
  type: 'test'
  ...
# Subtest: ordinary request metrics are sampled instead of retained per request
ok 51 - ordinary request metrics are sampled instead of retained per request
  ---
  duration_ms: 0.3
  type: 'test'
  ...
# Subtest: warm cache avoids pnpm, preserves spaces, and never evaluates cached text
ok 52 - warm cache avoids pnpm, preserves spaces, and never evaluates cached text
  ---
  duration_ms: 617.271875
  type: 'test'
  ...
# Subtest: config, environment, cwd, and executable changes invalidate discovery
ok 53 - config, environment, cwd, and executable changes invalidate discovery
  ---
  duration_ms: 1155.400792
  type: 'test'
  ...
# Subtest: expired or malformed records refresh and failed lookups are not cached
ok 54 - expired or malformed records refresh and failed lookups are not cached
  ---
  duration_ms: 977.317916
  type: 'test'
  ...
# Subtest: disabled or unavailable cache falls back without changing discovery output
ok 55 - disabled or unavailable cache falls back without changing discovery output
  ---
  duration_ms: 419.311
  type: 'test'
  ...
# Subtest: concurrent refreshes publish complete records and do not overwrite symlink targets
ok 56 - concurrent refreshes publish complete records and do not overwrite symlink targets
  ---
  duration_ms: 610.778167
  type: 'test'
  ...
# Subtest: task entry tolerates discovery failure with errexit enabled
ok 57 - task entry tolerates discovery failure with errexit enabled
  ---
  duration_ms: 528.177209
  type: 'test'
  ...
# Subtest: simultaneous cold and expired lookups share one successful refresh
ok 58 - simultaneous cold and expired lookups share one successful refresh # SKIP
  ---
  duration_ms: 0.475209
  type: 'test'
  ...
# Subtest: waiters with different configuration do not reuse another key
ok 59 - waiters with different configuration do not reuse another key # SKIP
  ---
  duration_ms: 0.069292
  type: 'test'
  ...
# Subtest: lock timeout falls back while a holder is still alive
ok 60 - lock timeout falls back while a holder is still alive # SKIP
  ---
  duration_ms: 0.116917
  type: 'test'
  ...
# Subtest: absent or unsupported flock and unsafe lock paths preserve discovery
ok 61 - absent or unsupported flock and unsafe lock paths preserve discovery
  ---
  duration_ms: 2194.558042
  type: 'test'
  ...
# Subtest: failed refresh releases lock and does not publish a success
ok 62 - failed refresh releases lock and does not publish a success
  ---
  duration_ms: 1110.522458
  type: 'test'
  ...
# Subtest: refresh leaves the caller file descriptor and umask unchanged
ok 63 - refresh leaves the caller file descriptor and umask unchanged
  ---
  duration_ms: 789.629416
  type: 'test'
  ...
# Subtest: container APM policy keeps worker isolation and can restore all inherited probes
ok 64 - container APM policy keeps worker isolation and can restore all inherited probes
  ---
  duration_ms: 5.385667
  type: 'test'
  ...
# Subtest: standalone PM2 monitoring stays enabled
ok 65 - standalone PM2 monitoring stays enabled
  ---
  duration_ms: 3.417125
  type: 'test'
  ...
# Subtest: termination accepts Linux exited state Z before PID reaping
ok 66 - termination accepts Linux exited state Z before PID reaping
  ---
  duration_ms: 24.25875
  type: 'test'
  ...
# Subtest: termination accepts Linux exited state X before PID reaping
ok 67 - termination accepts Linux exited state X before PID reaping
  ---
  duration_ms: 35.918458
  type: 'test'
  ...
# Subtest: termination accepts Linux exited state x before PID reaping
ok 68 - termination accepts Linux exited state x before PID reaping
  ---
  duration_ms: 15.541375
  type: 'test'
  ...
# Subtest: termination keeps waiting while the process is running
ok 69 - termination keeps waiting while the process is running
  ---
  duration_ms: 34.768084
  type: 'test'
  ...
# Subtest: a process disappearing during the procfs read is accepted
ok 70 - a process disappearing during the procfs read is accepted
  ---
  duration_ms: 9.136333
  type: 'test'
  ...
# Subtest: permission failures are not reported as successful termination
ok 71 - permission failures are not reported as successful termination
  ---
  duration_ms: 8.920792
  type: 'test'
  ...
# Subtest: rejects case variations under protected API namespaces
ok 72 - rejects case variations under protected API namespaces
  ---
  duration_ms: 1.137375
  type: 'test'
  ...
# Subtest: allows normalized protected paths and unrelated paths
ok 73 - allows normalized protected paths and unrelated paths
  ---
  duration_ms: 4.809416
  type: 'test'
  ...
# Subtest: ql log reads the requested system log history without PM2
ok 74 - ql log reads the requested system log history without PM2
  ---
  duration_ms: 45.604
  type: 'test'
  ...
# Subtest: ql log follows the current Winston system log without PM2
ok 75 - ql log follows the current Winston system log without PM2
  ---
  duration_ms: 835.000084
  type: 'test'
  ...
# Subtest: ql log reports when no persisted system log exists
ok 76 - ql log reports when no persisted system log exists
  ---
  duration_ms: 13.886459
  type: 'test'
  ...
# Subtest: retention policy defaults to disabled and clamps invalid values
ok 77 - retention policy defaults to disabled and clamps invalid values
  ---
  duration_ms: 0.928875
  type: 'test'
  ...
# Subtest: directory preview counts files recursively and ignores symlinks
ok 78 - directory preview counts files recursively and ignores symlinks
  ---
  duration_ms: 14.097334
  type: 'test'
  ...
# Subtest: cleanup previews first, protects running instances, and uses explicit options
ok 79 - cleanup previews first, protects running instances, and uses explicit options
  ---
  duration_ms: 79.322875
  type: 'test'
  ...
# Subtest: schedule health check uses the HTTP health endpoint and system logs
    # Subtest: returns serving for a healthy prefixed HTTP service
    ok 1 - returns serving for a healthy prefixed HTTP service
      ---
      duration_ms: 38.202459
      type: 'test'
      ...
    # Subtest: reports recent system logs when HTTP startup fails
    ok 2 - reports recent system logs when HTTP startup fails
      ---
      duration_ms: 20.5905
      type: 'test'
      ...
    1..2
ok 80 - schedule health check uses the HTTP health endpoint and system logs
  ---
  duration_ms: 63.5935
  type: 'test'
  ...
# Subtest: scheduler lock survives nested file writes and releases after success
ok 81 - scheduler lock survives nested file writes and releases after success
  ---
  duration_ms: 77.1105
  type: 'test'
  ...
# Subtest: scheduler lock survives nested file writes and releases after failure
ok 82 - scheduler lock survives nested file writes and releases after failure
  ---
  duration_ms: 40.882708
  type: 'test'
  ...
# Subtest: recovery snapshot cannot overwrite concurrent create
ok 83 - recovery snapshot cannot overwrite concurrent create
  ---
  duration_ms: 788.490083
  type: 'test'
  ...
# Subtest: recovery snapshot cannot overwrite concurrent update
ok 84 - recovery snapshot cannot overwrite concurrent update
  ---
  duration_ms: 465.826083
  type: 'test'
  ...
# Subtest: recovery snapshot cannot overwrite concurrent remove
ok 85 - recovery snapshot cannot overwrite concurrent remove
  ---
  duration_ms: 441.335416
  type: 'test'
  ...
# Subtest: recovery snapshot cannot overwrite concurrent disabled
ok 86 - recovery snapshot cannot overwrite concurrent disabled
  ---
  duration_ms: 553.811875
  type: 'test'
  ...
# Subtest: recovery snapshot cannot overwrite concurrent enabled
ok 87 - recovery snapshot cannot overwrite concurrent enabled
  ---
  duration_ms: 331.829916
  type: 'test'
  ...
# Subtest: recovery waits for an admitted mutation to finish registration before reading the DB
ok 88 - recovery waits for an admitted mutation to finish registration before reading the DB
  ---
  duration_ms: 468.171291
  type: 'test'
  ...
# Subtest: create preserves scheduler 503 after rollback and releases its lock
ok 89 - create preserves scheduler 503 after rollback and releases its lock
  ---
  duration_ms: 217.310042
  type: 'test'
  ...
# Subtest: update preserves scheduler 503 after rollback and releases its lock
ok 90 - update preserves scheduler 503 after rollback and releases its lock
  ---
  duration_ms: 271.630375
  type: 'test'
  ...
# Subtest: enabled preserves scheduler 503 after rollback and releases its lock
ok 91 - enabled preserves scheduler 503 after rollback and releases its lock
  ---
  duration_ms: 370.422292
  type: 'test'
  ...
# Subtest: scheduler lock excludes a second OS process and leaves no lock after completion
ok 92 - scheduler lock excludes a second OS process and leaves no lock after completion
  ---
  duration_ms: 769.341417
  type: 'test'
  ...
# Subtest: update aborts on RPC 4 with deletion applied=false and reconciles the original DB
ok 93 - update aborts on RPC 4 with deletion applied=false and reconciles the original DB
  ---
  duration_ms: 244.618459
  type: 'test'
  ...
# Subtest: update aborts on RPC 4 with deletion applied=true and reconciles the original DB
ok 94 - update aborts on RPC 4 with deletion applied=true and reconciles the original DB
  ---
  duration_ms: 313.781917
  type: 'test'
  ...
# Subtest: update aborts on RPC 14 with deletion applied=false and reconciles the original DB
ok 95 - update aborts on RPC 14 with deletion applied=false and reconciles the original DB
  ---
  duration_ms: 323.579125
  type: 'test'
  ...
# Subtest: update aborts on RPC 14 with deletion applied=true and reconciles the original DB
ok 96 - update aborts on RPC 14 with deletion applied=true and reconciles the original DB
  ---
  duration_ms: 453.221959
  type: 'test'
  ...
# Subtest: remove aborts on RPC 4 with deletion applied=false and reconciles the original DB
ok 97 - remove aborts on RPC 4 with deletion applied=false and reconciles the original DB
  ---
  duration_ms: 362.37975
  type: 'test'
  ...
# Subtest: remove aborts on RPC 4 with deletion applied=true and reconciles the original DB
ok 98 - remove aborts on RPC 4 with deletion applied=true and reconciles the original DB
  ---
  duration_ms: 326.149917
  type: 'test'
  ...
# Subtest: remove aborts on RPC 14 with deletion applied=false and reconciles the original DB
ok 99 - remove aborts on RPC 14 with deletion applied=false and reconciles the original DB
  ---
  duration_ms: 425.64825
  type: 'test'
  ...
# Subtest: remove aborts on RPC 14 with deletion applied=true and reconciles the original DB
ok 100 - remove aborts on RPC 14 with deletion applied=true and reconciles the original DB
  ---
  duration_ms: 366.144042
  type: 'test'
  ...
# Subtest: disabled aborts on RPC 4 with deletion applied=false and reconciles the original DB
ok 101 - disabled aborts on RPC 4 with deletion applied=false and reconciles the original DB
  ---
  duration_ms: 237.236875
  type: 'test'
  ...
# Subtest: disabled aborts on RPC 4 with deletion applied=true and reconciles the original DB
ok 102 - disabled aborts on RPC 4 with deletion applied=true and reconciles the original DB
  ---
  duration_ms: 217.451958
  type: 'test'
  ...
# Subtest: disabled aborts on RPC 14 with deletion applied=false and reconciles the original DB
ok 103 - disabled aborts on RPC 14 with deletion applied=false and reconciles the original DB
  ---
  duration_ms: 382.892833
  type: 'test'
  ...
# Subtest: disabled aborts on RPC 14 with deletion applied=true and reconciles the original DB
ok 104 - disabled aborts on RPC 14 with deletion applied=true and reconciles the original DB
  ---
  duration_ms: 176.110375
  type: 'test'
  ...
# Subtest: configuration rollback cannot restore an obsolete manual queue token
ok 105 - configuration rollback cannot restore an obsolete manual queue token
  ---
  duration_ms: 170.52575
  type: 'test'
  ...
# Subtest: readiness stays false through failed restoration and retries without idle polling
ok 106 - readiness stays false through failed restoration and retries without idle polling
  ---
  duration_ms: 85.671167
  type: 'test'
  ...
# Subtest: single-flight recovery cannot mark an invalidated generation ready
ok 107 - single-flight recovery cannot mark an invalidated generation ready
  ---
  duration_ms: 36.916125
  type: 'test'
  ...
# Subtest: mutation waiting is bounded, a later recovery can succeed
ok 108 - mutation waiting is bounded, a later recovery can succeed
  ---
  duration_ms: 19.685334
  type: 'test'
  ...
# Subtest: probe failure immediately invalidates a previously ready scheduler
ok 109 - probe failure immediately invalidates a previously ready scheduler
  ---
  duration_ms: 42.076417
  type: 'test'
  ...
# Subtest: health uses actual readiness and returns HTTP 503 until recovery
ok 110 - health uses actual readiness and returns HTTP 503 until recovery
  ---
  duration_ms: 213.747125
  type: 'test'
  ...
# Subtest: recovery registration errors propagate while ordinary autosave retains file synchronization
ok 111 - recovery registration errors propagate while ordinary autosave retains file synchronization
  ---
  duration_ms: 16.421542
  type: 'test'
  ...
# Subtest: scheduler probe uses the cron channel and failed writes are not replayed
ok 112 - scheduler probe uses the cron channel and failed writes are not replayed
  ---
  duration_ms: 117.197
  type: 'test'
  ...
# Subtest: scheduler health probe never calls back into HTTP health
ok 113 - scheduler health probe never calls back into HTTP health
  ---
  duration_ms: 15.155333
  type: 'test'
  ...
# Subtest: recovery reconciles a surviving scheduler after missed deletes and disables, including an empty DB
ok 114 - recovery reconciles a surviving scheduler after missed deletes and disables, including an empty DB
  ---
  duration_ms: 35.0315
  type: 'test'
  ...
# Subtest: invalid replacement leaves the previous schedule intact
ok 115 - invalid replacement leaves the previous schedule intact
  ---
  duration_ms: 49.388666
  type: 'test'
  ...
# Subtest: pre-RPC channel failures invalidate readiness and return 503 without executing or replaying writes
ok 116 - pre-RPC channel failures invalidate readiness and return 503 without executing or replaying writes
  ---
  duration_ms: 163.634125
  type: 'test'
  ...
# Subtest: addCron invalidates an uncertain timed-out write without replaying it
ok 117 - addCron invalidates an uncertain timed-out write without replaying it
  ---
  duration_ms: 191.570542
  type: 'test'
  ...
# Subtest: delCron invalidates an uncertain timed-out write without replaying it
ok 118 - delCron invalidates an uncertain timed-out write without replaying it
  ---
  duration_ms: 129.947292
  type: 'test'
  ...
# Subtest: valid token cache is read with one jq and reused without generation
ok 119 - valid token cache is read with one jq and reused without generation
  ---
  duration_ms: 663.037333
  type: 'test'
  ...
# Subtest: expired, corrupt, missing or header-unsafe token cache refreshes under errexit
ok 120 - expired, corrupt, missing or header-unsafe token cache refreshes under errexit
  ---
  duration_ms: 655.571167
  type: 'test'
  ...
# Subtest: success with a message still parses once and stays silent
ok 121 - success with a message still parses once and stays silent
  ---
  duration_ms: 433.564917
  type: 'test'
  ...
# Subtest: status and statistics errors preserve multiline Unicode messages
ok 122 - status and statistics errors preserve multiline Unicode messages
  ---
  duration_ms: 583.761708
  type: 'test'
  ...
# Subtest: non-JSON errors fall back to raw text and absent messages retain legacy null
ok 123 - non-JSON errors fall back to raw text and absent messages retain legacy null
  ---
  duration_ms: 658.866959
  type: 'test'
  ...
# Subtest: statistics without a task id perform no JSON parsing
ok 124 - statistics without a task id perform no JSON parsing
  ---
  duration_ms: 5.836834
  type: 'test'
  ...
# Subtest: canonical success resets prior errors and matches jq missing-message semantics
ok 125 - canonical success resets prior errors and matches jq missing-message semantics
  ---
  duration_ms: 19.801583
  type: 'test'
  ...
# Subtest: noncanonical JSON always uses jq, including whitespace, duplicate keys and embedded success text
ok 126 - noncanonical JSON always uses jq, including whitespace, duplicate keys and embedded success text
  ---
  duration_ms: 792.630667
  type: 'test'
  ...
# Subtest: success-shaped invalid documents retain the raw-response error fallback
ok 127 - success-shaped invalid documents retain the raw-response error fallback
  ---
  duration_ms: 346.42175
  type: 'test'
  ...
# Subtest: WebSocket connections reject expired tokens and close when sessions are revoked
ok 128 - WebSocket connections reject expired tokens and close when sessions are revoked
  ---
  duration_ms: 1070.974583
  type: 'test'
  ...
# Subtest: subscription becomes idle and closes its log even when completion logging fails
not ok 129 - subscription becomes idle and closes its log even when completion logging fails
  ---
  duration_ms: 1746.038291
  type: 'test'
  location: '/Users/jonhy/PersonalDatas/Codes/github/anysoft/qinglong/test/back/subscription-cleanup.test.cjs:8:1'
  failureType: 'testCodeFailure'
  error: 'The "path" argument must be of type string. Received undefined'
  code: 'ERR_INVALID_ARG_TYPE'
  name: 'TypeError'
  stack: |-
    Object.join (node:path:1354:7)
    eval (eval at loadSecurityModule (/Users/jonhy/PersonalDatas/Codes/github/anysoft/qinglong/test/helpers/load-security-module.cjs:35:3), <anonymous>:34:30)
    loadSecurityModule (/Users/jonhy/PersonalDatas/Codes/github/anysoft/qinglong/test/helpers/load-security-module.cjs:35:72)
    requireModule (/Users/jonhy/PersonalDatas/Codes/github/anysoft/qinglong/test/helpers/load-security-module.cjs:21:16)
    eval (eval at loadSecurityModule (/Users/jonhy/PersonalDatas/Codes/github/anysoft/qinglong/test/helpers/load-security-module.cjs:35:3), <anonymous>:22:34)
    loadSecurityModule (/Users/jonhy/PersonalDatas/Codes/github/anysoft/qinglong/test/helpers/load-security-module.cjs:35:72)
    requireModule (/Users/jonhy/PersonalDatas/Codes/github/anysoft/qinglong/test/helpers/load-security-module.cjs:21:16)
    eval (eval at loadSecurityModule (/Users/jonhy/PersonalDatas/Codes/github/anysoft/qinglong/test/helpers/load-security-module.cjs:35:3), <anonymous>:21:48)
    loadSecurityModule (/Users/jonhy/PersonalDatas/Codes/github/anysoft/qinglong/test/helpers/load-security-module.cjs:35:72)
    requireModule (/Users/jonhy/PersonalDatas/Codes/github/anysoft/qinglong/test/helpers/load-security-module.cjs:21:16)
  ...
# Subtest: clearing a dependency cache marks installed entries for reinstall
ok 130 - clearing a dependency cache marks installed entries for reinstall
  ---
  duration_ms: 342.9035
  type: 'test'
  ...
# Subtest: Linux task timestamps share a snapshot and retain millisecond log names across midnight
ok 131 - Linux task timestamps share a snapshot and retain millisecond log names across midnight
  ---
  duration_ms: 19.361709
  type: 'test'
  ...
# Subtest: explicit log paths and output mode remain intact
ok 132 - explicit log paths and output mode remain intact
  ---
  duration_ms: 11.388083
  type: 'test'
  ...
# Subtest: task failure keeps exit code and minimum one-second runtime
ok 133 - task failure keeps exit code and minimum one-second runtime
  ---
  duration_ms: 9.2585
  type: 'test'
  ...
# Subtest: manual stop retains stopped message and exit status reporting
ok 134 - manual stop retains stopped message and exit status reporting
  ---
  duration_ms: 14.831583
  type: 'test'
  ...
# Subtest: macos keeps legacy time conversion helpers
ok 135 - macos keeps legacy time conversion helpers
  ---
  duration_ms: 22.294875
  type: 'test'
  ...
# Subtest: custom keeps legacy time conversion helpers
ok 136 - custom keeps legacy time conversion helpers
  ---
  duration_ms: 22.296709
  type: 'test'
  ...
# Subtest: initialization returns the username and password validation result
ok 137 - initialization returns the username and password validation result
  ---
  duration_ms: 340.847583
  type: 'test'
  ...
# Subtest: initialization checks state inside a serialized mutation
ok 138 - initialization checks state inside a serialized mutation
  ---
  duration_ms: 528.169333
  type: 'test'
  ...
# Subtest: password change revokes sessions and closes connected clients
ok 139 - password change revokes sessions and closes connected clients
  ---
  duration_ms: 471.142042
  type: 'test'
  ...
# Subtest: a concurrent old-password login cannot restore a session after reset
ok 140 - a concurrent old-password login cannot restore a session after reset
  ---
  duration_ms: 280.479
  type: 'test'
  ...
# Subtest: plaintext passwords are rejected without conversion
ok 141 - plaintext passwords are rejected without conversion
  ---
  duration_ms: 226.950084
  type: 'test'
  ...
# Subtest: TOTP failures are counted serially and further attempts are throttled
ok 142 - TOTP failures are counted serially and further attempts are throttled
  ---
  duration_ms: 347.055291
  type: 'test'
  ...
# Subtest: TOTP challenge expires and valid codes cannot be reused in the same step
ok 143 - TOTP challenge expires and valid codes cannot be reused in the same step
  ---
  duration_ms: 568.102042
  type: 'test'
  ...
# Subtest: active two-factor secret cannot be silently replaced and disabling revokes sessions
ok 144 - active two-factor secret cannot be silently replaced and disabling revokes sessions
  ---
  duration_ms: 168.975167
  type: 'test'
  ...
# Subtest: unknown default credentials do not grant fresh initialization
ok 145 - unknown default credentials do not grant fresh initialization
  ---
  duration_ms: 122.415583
  type: 'test'
  ...
# Subtest: PM2-managed primary disables only inherited worker APM and keeps worker metadata
ok 146 - PM2-managed primary disables only inherited worker APM and keeps worker metadata
  ---
  duration_ms: 1.831708
  type: 'test'
  ...
# Subtest: worker APM opt-in restores inherited PM2 settings, including explicit disable
ok 147 - worker APM opt-in restores inherited PM2 settings, including explicit disable
  ---
  duration_ms: 0.856458
  type: 'test'
  ...
# Subtest: standalone startup does not introduce a PM2-specific override
ok 148 - standalone startup does not introduce a PM2-specific override
  ---
  duration_ms: 0.38725
  type: 'test'
  ...
# Subtest: replacement workers receive the same monitoring policy
ok 149 - replacement workers receive the same monitoring policy
  ---
  duration_ms: 0.537708
  type: 'test'
  ...
# Subtest: WPUSH survives protobuf and JSON round trips without changing existing modes
ok 150 - WPUSH survives protobuf and JSON round trips without changing existing modes
  ---
  duration_ms: 4.454125
  type: 'test'
  ...
# Subtest: decoded SystemNotify requests reach WPUSH with explicit or saved configuration
ok 151 - decoded SystemNotify requests reach WPUSH with explicit or saved configuration
  ---
  duration_ms: 461.511583
  type: 'test'
  ...
# Subtest: validation errors include the failing field names
ok 152 - validation errors include the failing field names
  ---
  duration_ms: 1.977
  type: 'test'
  ...
# Subtest: existing API error details remain visible
ok 153 - existing API error details remain visible
  ---
  duration_ms: 0.162083
  type: 'test'
  ...
# Subtest: Git resource HTTP boundary never reflects submitted secrets or internal errors; routes are read/write specific
ok 154 - Git resource HTTP boundary never reflects submitted secrets or internal errors; routes are read/write specific
  ---
  duration_ms: 301.512625
  type: 'test'
  ...
# Subtest: same GitHub identity: https://github.com/anysoft/test.git
ok 155 - same GitHub identity: https://github.com/anysoft/test.git
  ---
  duration_ms: 1.018167
  type: 'test'
  ...
# Subtest: same GitHub identity: https://GITHUB.COM/anysoft/test
ok 156 - same GitHub identity: https://GITHUB.COM/anysoft/test
  ---
  duration_ms: 0.201083
  type: 'test'
  ...
# Subtest: same GitHub identity: git@github.com:anysoft/test.git
ok 157 - same GitHub identity: git@github.com:anysoft/test.git
  ---
  duration_ms: 0.096459
  type: 'test'
  ...
# Subtest: same GitHub identity: ssh://git@github.com/anysoft/test.git
ok 158 - same GitHub identity: ssh://git@github.com/anysoft/test.git
  ---
  duration_ms: 0.084209
  type: 'test'
  ...
# Subtest: provider neutral nested identity: gitlab.com
ok 159 - provider neutral nested identity: gitlab.com
  ---
  duration_ms: 0.171833
  type: 'test'
  ...
# Subtest: provider neutral nested identity: gitee.com
ok 160 - provider neutral nested identity: gitee.com
  ---
  duration_ms: 0.063417
  type: 'test'
  ...
# Subtest: provider neutral nested identity: git.example.internal
ok 161 - provider neutral nested identity: git.example.internal
  ---
  duration_ms: 0.1205
  type: 'test'
  ...
# Subtest: generic paths remain case sensitive and nondefault ports distinct
ok 162 - generic paths remain case sensitive and nondefault ports distinct
  ---
  duration_ms: 0.2125
  type: 'test'
  ...
# Subtest: reject unsafe or credentialized URL without reflecting input
ok 163 - reject unsafe or credentialized URL without reflecting input
  ---
  duration_ms: 0.548166
  type: 'test'
  ...
# Subtest: reject unsafe or credentialized URL without reflecting input
ok 164 - reject unsafe or credentialized URL without reflecting input
  ---
  duration_ms: 0.405875
  type: 'test'
  ...
# Subtest: reject unsafe or credentialized URL without reflecting input
ok 165 - reject unsafe or credentialized URL without reflecting input
  ---
  duration_ms: 0.141875
  type: 'test'
  ...
# Subtest: reject unsafe or credentialized URL without reflecting input
ok 166 - reject unsafe or credentialized URL without reflecting input
  ---
  duration_ms: 0.051417
  type: 'test'
  ...
# Subtest: reject unsafe or credentialized URL without reflecting input
ok 167 - reject unsafe or credentialized URL without reflecting input
  ---
  duration_ms: 0.050083
  type: 'test'
  ...
# Subtest: reject unsafe or credentialized URL without reflecting input
ok 168 - reject unsafe or credentialized URL without reflecting input
  ---
  duration_ms: 0.037542
  type: 'test'
  ...
# Subtest: reject unsafe or credentialized URL without reflecting input
ok 169 - reject unsafe or credentialized URL without reflecting input
  ---
  duration_ms: 0.036125
  type: 'test'
  ...
# Subtest: redacts split output, authorization, URL, private material and encoded secrets
ok 170 - redacts split output, authorization, URL, private material and encoded secrets
  ---
  duration_ms: 131.649167
  type: 'test'
  ...
# Subtest: concurrent HTTPS contexts have private immutable snapshots and idempotent cleanup
ok 171 - concurrent HTTPS contexts have private immutable snapshots and idempotent cleanup
  ---
  duration_ms: 614.740416
  type: 'test'
  ...
# Subtest: SSH contexts isolate keys and require verified known_hosts
ok 172 - SSH contexts isolate keys and require verified known_hosts
  ---
  duration_ms: 13.420792
  type: 'test'
  ...
# Subtest: disabled, missing, wrong transport and READ push fail closed
ok 173 - disabled, missing, wrong transport and READ push fail closed
  ---
  duration_ms: 7.46
  type: 'test'
  ...
# Subtest: bounded output cannot leak a partial secret at truncation boundary; timeout terminates
ok 174 - bounded output cannot leak a partial secret at truncation boundary; timeout terminates
  ---
  duration_ms: 142.74425
  type: 'test'
  ...
# Subtest: timeout terminates a child process group before credential cleanup
ok 175 - timeout terminates a child process group before credential cleanup
  ---
  duration_ms: 161.668375
  type: 'test'
  ...
# Subtest: manual, scheduler and protected system-cron launcher share canonical Config/Hooks results
ok 176 - manual, scheduler and protected system-cron launcher share canonical Config/Hooks results
  ---
  duration_ms: 10246.594917
  type: 'test'
  ...
# Subtest: durable cancellation cannot overwrite a completed run or affect a newer run
ok 177 - durable cancellation cannot overwrite a completed run or affect a newer run
  ---
  duration_ms: 4374.443583
  type: 'test'
  ...
# Subtest: native shell argv, direct Worktree cwd, immutable resolver, no host secrets
ok 178 - native shell argv, direct Worktree cwd, immutable resolver, no host secrets
  ---
  duration_ms: 5698.287666
  type: 'test'
  ...
# Subtest: real exit 124 is FAILED, supervisor timeout is TIMEOUT, cancellation is CANCELLED
ok 179 - real exit 124 is FAILED, supervisor timeout is TIMEOUT, cancellation is CANCELLED
  ---
  duration_ms: 5898.398834
  type: 'test'
  ...
# Subtest: FORBID persists skipped submission, QUEUE is FIFO, queued cancel never spawns
ok 180 - FORBID persists skipped submission, QUEUE is FIFO, queued cancel never spawns
  ---
  duration_ms: 6759.012541
  type: 'test'
  ...
# Subtest: retry attempts freeze scoped ENV and settings; each BEFORE patch starts from snapshot
ok 181 - retry attempts freeze scoped ENV and settings; each BEFORE patch starts from snapshot
  ---
  duration_ms: 5890.168208
  type: 'test'
  ...
# Subtest: BEFORE generated secret is redacted before buffered output and MAIN, FINALLY runs
ok 182 - BEFORE generated secret is redacted before buffered output and MAIN, FINALLY runs
  ---
  duration_ms: 4241.394708
  type: 'test'
  ...
# Subtest: retry resets BEFORE patches, freezes Config and Hooks, keeps run-wide secrets, removes private Hook files
ok 183 - retry resets BEFORE patches, freezes Config and Hooks, keeps run-wide secrets, removes private Hook files
  ---
  duration_ms: 7667.466625
  type: 'test'
  ...
# Subtest: invalid Hook output never retries; FINALLY executes and private files are removed
ok 184 - invalid Hook output never retries; FINALLY executes and private files are removed
  ---
  duration_ms: 2890.938375
  type: 'test'
  ...
# Subtest: pre-resolution, skipped and queued cancelled runs persist canonical results
ok 185 - pre-resolution, skipped and queued cancelled runs persist canonical results
  ---
  duration_ms: 2823.981333
  type: 'test'
  ...
# Subtest: node binding rejects imported sibling module trees and preserves unknown replacement on recovery
ok 186 - node binding rejects imported sibling module trees and preserves unknown replacement on recovery
  ---
  duration_ms: 2715.946708
  type: 'test'
  ...
# Subtest: private cleanup fails closed on unknown file and preserves that file
ok 187 - private cleanup fails closed on unknown file and preserves that file
  ---
  duration_ms: 3923.774875
  type: 'test'
  ...
# Subtest: notification observes durable final result exactly once; delivery failure is secondary
ok 188 - notification observes durable final result exactly once; delivery failure is secondary
  ---
  duration_ms: 4899.881875
  type: 'test'
  ...
# Subtest: large UTF-8 per-run logs drain all bytes and tail without split-codepoint replacement
ok 189 - large UTF-8 per-run logs drain all bytes and tail without split-codepoint replacement
  ---
  duration_ms: 2777.163958
  type: 'test'
  ...
# Subtest: graceful shutdown waits for an in-flight claim and cancels its new owner
ok 190 - graceful shutdown waits for an in-flight claim and cancels its new owner
  ---
  duration_ms: 2377.190375
  type: 'test'
  ...
# Subtest: EXPONENTIAL retry executes three total attempts with 1s then 2s backoff
ok 191 - EXPONENTIAL retry executes three total attempts with 1s then 2s backoff
  ---
  duration_ms: 9398.052542
  type: 'test'
  ...
# Subtest: ALLOW preserves same-task submissions while independent Worktrees execute concurrently
ok 192 - ALLOW preserves same-task submissions while independent Worktrees execute concurrently
  ---
  duration_ms: 4984.459417
  type: 'test'
  ...
# Subtest: SIGKILL recovery waits for inherited ownership, reaps descendants and restores Config; queued run survives
ok 193 - SIGKILL recovery waits for inherited ownership, reaps descendants and restores Config; queued run survives
  ---
  duration_ms: 8669.453166
  type: 'test'
  ...
# Subtest: two independent dispatchers atomically claim one queued run
ok 194 - two independent dispatchers atomically claim one queued run
  ---
  duration_ms: 10892.268584
  type: 'test'
  ...
# Subtest: cleanup conflict preserves unexpected file and backup, preventing SUCCESS
ok 195 - cleanup conflict preserves unexpected file and backup, preventing SUCCESS
  ---
  duration_ms: 4721.622375
  type: 'test'
  ...
# Subtest: backoff cancellation is prompt and keeps original workspace locked until cleanup
ok 196 - backoff cancellation is prompt and keeps original workspace locked until cleanup
  ---
  duration_ms: 3744.227791
  type: 'test'
  ...
# Subtest: actual frozen v6 upgrades to identical fresh v7 and restarts without schema mutation
not ok 197 - actual frozen v6 upgrades to identical fresh v7 and restarts without schema mutation
  ---
  duration_ms: 3509.456209
  type: 'test'
  location: '/Users/jonhy/PersonalDatas/Codes/github/anysoft/qinglong/tests/phase10/schema.test.cjs:13:1'
  failureType: 'testCodeFailure'
  error: |-
    Expected values to be strictly equal:
    
    8 !== 7
    
  code: 'ERR_ASSERTION'
  name: 'AssertionError'
  expected: 7
  actual: 8
  operator: 'strictEqual'
  stack: |-
    TestContext.<anonymous> (/Users/jonhy/PersonalDatas/Codes/github/anysoft/qinglong/tests/phase10/schema.test.cjs:16:9)
    async Test.run (node:internal/test_runner/test:1054:7)
    async startSubtestAfterBootstrap (node:internal/test_runner/harness:296:3)
  ...
# Subtest: v6 late DDL failure preserves Task and secret rows, then retries
ok 198 - v6 late DDL failure preserves Task and secret rows, then retries
  ---
  duration_ms: 1060.646458
  type: 'test'
  ...
# Subtest: v6 tampered schema fails closed before v7 DDL
ok 199 - v6 tampered schema fails closed before v7 DDL
  ---
  duration_ms: 1095.337084
  type: 'test'
  ...
# Subtest: durable run and attempt constraints preserve history and protect active task
ok 200 - durable run and attempt constraints preserve history and protect active task
  ---
  duration_ms: 734.364792
  type: 'test'
  ...
# Subtest: workspace HTTP API rejects paths/force/ref injection and preserves operation error codes
ok 201 - workspace HTTP API rejects paths/force/ref injection and preserves operation error codes
  ---
  duration_ms: 6185.608167
  type: 'test'
  ...
# Subtest: cross-process POSIX locks release after owner crash, success and errors
ok 202 - cross-process POSIX locks release after owner crash, success and errors
  ---
  duration_ms: 3052.570542
  type: 'test'
  ...
# Subtest: repository mutation matrix and execution lease exclusivity
ok 203 - repository mutation matrix and execution lease exclusivity
  ---
  duration_ms: 11963.906542
  type: 'test'
  ...
# Subtest: real Git timeout and controller crash during Git release locks after child termination
ok 204 - real Git timeout and controller crash during Git release locks after child termination
  ---
  duration_ms: 3590.056084
  type: 'test'
  ...
# Subtest: bare initialization is persistent; fetch updates/prunes remote refs and uses current credentials
ok 205 - bare initialization is persistent; fetch updates/prunes remote refs and uses current credentials
  ---
  duration_ms: 6124.44575
  type: 'test'
  ...
# Subtest: branch worktrees share objects; fetch never moves a worktree; update is explicit FF only
ok 206 - branch worktrees share objects; fetch never moves a worktree; update is explicit FF only
  ---
  duration_ms: 10425.177291
  type: 'test'
  ...
# Subtest: dirty, staged, ignored/untracked and conflicts are visible and protected
ok 207 - dirty, staged, ignored/untracked and conflicts are visible and protected
  ---
  duration_ms: 11594.977417
  type: 'test'
  ...
# Subtest: local commits are retained; diverged and detached worktrees cannot be reset by update/delete
ok 208 - local commits are retained; diverged and detached worktrees cannot be reset by update/delete
  ---
  duration_ms: 10059.2225
  type: 'test'
  ...
# Subtest: execution leases block mutation and prune; missing worktrees remain records and repair preserves branch
ok 209 - execution leases block mutation and prune; missing worktrees remain records and repair preserves branch
  ---
  duration_ms: 10143.664834
  type: 'test'
  ...
# Subtest: non-git storage and managed-path symlink replacements never trigger recursive deletion
ok 210 - non-git storage and managed-path symlink replacements never trigger recursive deletion
  ---
  duration_ms: 1734.829417
  type: 'test'
  ...
# Subtest: strict Managed crontab install reports errors while original default behavior is preserved
ok 211 - strict Managed crontab install reports errors while original default behavior is preserved
  ---
  duration_ms: 1041.180708
  type: 'test'
  ...
# Subtest: profile references block repository filesystem deletion before mutation
ok 212 - profile references block repository filesystem deletion before mutation
  ---
  duration_ms: 3096.045125
  type: 'test'
  ...
# Subtest: Config/Hook API contracts deny Secret plaintext in all responses and sanitize malformed payloads
ok 213 - Config/Hook API contracts deny Secret plaintext in all responses and sanitize malformed payloads
  ---
  duration_ms: 2492.586125
  type: 'test'
  ...
# Subtest: immutable revisions, optimistic edits, private storage, Secret response and downgrade protection
ok 214 - immutable revisions, optimistic edits, private storage, Secret response and downgrade protection
  ---
  duration_ms: 2449.93975
  type: 'test'
  ...
# Subtest: Repository inheritance, Task override/MASK, normalized uniqueness, disabled and manual bindings, references and cascades
ok 215 - Repository inheritance, Task override/MASK, normalized uniqueness, disabled and manual bindings, references and cascades
  ---
  duration_ms: 3135.239
  type: 'test'
  ...
# Subtest: Hook CRUD, stable order, transactional reorder conflict rollback and Task cascade
ok 216 - Hook CRUD, stable order, transactional reorder conflict rollback and Task cascade
  ---
  duration_ms: 1841.657291
  type: 'test'
  ...
# Subtest: uncommitted revision directory is retained and next edit allocates a fresh immutable path
ok 217 - uncommitted revision directory is retained and next edit allocates a fresh immutable path
  ---
  duration_ms: 1886.308917
  type: 'test'
  ...
# Subtest: BEFORE JSON set/unset/secret produces derived snapshot only and retains historical secrets
ok 218 - BEFORE JSON set/unset/secret produces derived snapshot only and retains historical secrets
  ---
  duration_ms: 1401.047
  type: 'test'
  ...
# Subtest: invalid output, reserved/invalid names, oversized values, unknown operations and symlink reject without secret errors
ok 219 - invalid output, reserved/invalid names, oversized values, unknown operations and symlink reject without secret errors
  ---
  duration_ms: 2222.572625
  type: 'test'
  ...
# Subtest: UTF-8 streaming redactor covers chunk boundaries and newly tracked secrets
ok 220 - UTF-8 streaming redactor covers chunk boundaries and newly tracked secrets
  ---
  duration_ms: 1420.813
  type: 'test'
  ...
# Subtest: Secret names require own ENV entries and unset never reintroduces prototype properties
ok 221 - Secret names require own ENV entries and unset never reintroduces prototype properties
  ---
  duration_ms: 1544.113583
  type: 'test'
  ...
# Subtest: COPY readonly=true, per-run copy, canonical immutable and cleanup
ok 222 - COPY readonly=true, per-run copy, canonical immutable and cleanup
  ---
  duration_ms: 3835.297334
  type: 'test'
  ...
# Subtest: COPY readonly=false, per-run copy, canonical immutable and cleanup
ok 223 - COPY readonly=false, per-run copy, canonical immutable and cleanup
  ---
  duration_ms: 2134.778625
  type: 'test'
  ...
# Subtest: SYMLINK readonly=true, per-run copy, canonical immutable and cleanup
ok 224 - SYMLINK readonly=true, per-run copy, canonical immutable and cleanup
  ---
  duration_ms: 2290.378208
  type: 'test'
  ...
# Subtest: SYMLINK readonly=false, per-run copy, canonical immutable and cleanup
ok 225 - SYMLINK readonly=false, per-run copy, canonical immutable and cleanup
  ---
  duration_ms: 1582.92775
  type: 'test'
  ...
# Subtest: replace restores original exact bytes/mode after simulated process loss and next acquire
ok 226 - replace restores original exact bytes/mode after simulated process loss and next acquire
  ---
  duration_ms: 1350.270125
  type: 'test'
  ...
# Subtest: unsafe paths, symlink parents/targets, special files, duplicate physical aliases fail without touching user data
ok 227 - unsafe paths, symlink parents/targets, special files, duplicate physical aliases fail without touching user data
  ---
  duration_ms: 1546.204083
  type: 'test'
  ...
# Subtest: unexpected replacement is preserved with backup and recoverable journal
ok 228 - unexpected replacement is preserved with backup and recoverable journal
  ---
  duration_ms: 1313.119334
  type: 'test'
  ...
# Subtest: pinned revision remains old through asset edit; next resolve sees new revision
ok 229 - pinned revision remains old through asset edit; next resolve sees new revision
  ---
  duration_ms: 1426.816791
  type: 'test'
  ...
# Subtest: recovery rejects a journal task root outside the leased workspace without writing outside
ok 230 - recovery rejects a journal task root outside the leased workspace without writing outside
  ---
  duration_ms: 1351.534625
  type: 'test'
  ...
# Subtest: POSIX group cleanup accepts only a verified dead Darwin group, never live permission failures
ok 231 - POSIX group cleanup accepts only a verified dead Darwin group, never live permission failures
  ---
  duration_ms: 489.502333
  type: 'test'
  ...
# Subtest: failed publication retains Task Hooks, Config bindings and ENV; successful deletion cascades once
not ok 232 - failed publication retains Task Hooks, Config bindings and ENV; successful deletion cascades once
  ---
  duration_ms: 3856.397041
  type: 'test'
  location: '/Users/jonhy/PersonalDatas/Codes/github/anysoft/qinglong/tests/phase5/publication-integrity.test.cjs:5:1'
  failureType: 'testCodeFailure'
  error: '(intermediate value).reconcileDiscoveredTasks is not a function'
  code: 'ERR_TEST_FAILURE'
  name: 'TypeError'
  stack: |-
    TestContext.<anonymous> (/Users/jonhy/PersonalDatas/Codes/github/anysoft/qinglong/tests/phase5/publication-integrity.test.cjs:9:61)
    async Test.run (node:internal/test_runner/test:1054:7)
    async startSubtestAfterBootstrap (node:internal/test_runner/harness:296:3)
  ...
# Subtest: real sh current MAIN bridge, config in all phases, generated Secret patch/redaction and cleanup
not ok 233 - real sh current MAIN bridge, config in all phases, generated Secret patch/redaction and cleanup
  ---
  duration_ms: 5188.656
  type: 'test'
  location: '/Users/jonhy/PersonalDatas/Codes/github/anysoft/qinglong/tests/phase5/runtime.test.cjs:36:5'
  failureType: 'testCodeFailure'
  error: |-
    ## 开始执行... 2026-09-16 09:52:56
    
    EXECUTION_PREPARATION_FAILED
    
    ## 失败 ❌(退出码 1)... 2026-09-16 09:52:58  耗时 2 秒　　　　　
    
    
    1 !== 0
    
  code: 'ERR_ASSERTION'
  name: 'AssertionError'
  expected: 0
  actual: 1
  operator: 'strictEqual'
  stack: |-
    TestContext.<anonymous> (/Users/jonhy/PersonalDatas/Codes/github/anysoft/qinglong/tests/phase5/runtime.test.cjs:33:50)
    processTicksAndRejections (node:internal/process/task_queues:103:5)
    async Test.run (node:internal/test_runner/test:1054:7)
    async startSubtestAfterBootstrap (node:internal/test_runner/harness:296:3)
  ...
# Subtest: real js current MAIN bridge, config in all phases, generated Secret patch/redaction and cleanup
not ok 234 - real js current MAIN bridge, config in all phases, generated Secret patch/redaction and cleanup
  ---
  duration_ms: 2747.263583
  type: 'test'
  location: '/Users/jonhy/PersonalDatas/Codes/github/anysoft/qinglong/tests/phase5/runtime.test.cjs:36:5'
  failureType: 'testCodeFailure'
  error: |-
    ## 开始执行... 2026-09-16 09:53:00
    
    EXECUTION_PREPARATION_FAILED
    
    ## 失败 ❌(退出码 1)... 2026-09-16 09:53:01  耗时 1 秒　　　　　
    
    
    1 !== 0
    
  code: 'ERR_ASSERTION'
  name: 'AssertionError'
  expected: 0
  actual: 1
  operator: 'strictEqual'
  stack: |-
    TestContext.<anonymous> (/Users/jonhy/PersonalDatas/Codes/github/anysoft/qinglong/tests/phase5/runtime.test.cjs:33:50)
    async Test.run (node:internal/test_runner/test:1054:7)
    async Test.processPendingSubtests (node:internal/test_runner/test:744:7)
  ...
# Subtest: real py current MAIN bridge, config in all phases, generated Secret patch/redaction and cleanup
not ok 235 - real py current MAIN bridge, config in all phases, generated Secret patch/redaction and cleanup
  ---
  duration_ms: 2577.503791
  type: 'test'
  location: '/Users/jonhy/PersonalDatas/Codes/github/anysoft/qinglong/tests/phase5/runtime.test.cjs:36:5'
  failureType: 'testCodeFailure'
  error: |-
    ## 开始执行... 2026-09-16 09:53:03
    
    EXECUTION_PREPARATION_FAILED
    
    ## 失败 ❌(退出码 1)... 2026-09-16 09:53:04  耗时 1 秒　　　　　
    
    
    1 !== 0
    
  code: 'ERR_ASSERTION'
  name: 'AssertionError'
  expected: 0
  actual: 1
  operator: 'strictEqual'
  stack: |-
    TestContext.<anonymous> (/Users/jonhy/PersonalDatas/Codes/github/anysoft/qinglong/tests/phase5/runtime.test.cjs:33:50)
    processTicksAndRejections (node:internal/process/task_queues:103:5)
    async Test.run (node:internal/test_runner/test:1054:7)
    async Test.processPendingSubtests (node:internal/test_runner/test:744:7)
  ...
# Subtest: real BEFORE timeout kills descendants, skips remaining BEFORE/MAIN, runs AFTER_FAILURE and FINALLY
not ok 236 - real BEFORE timeout kills descendants, skips remaining BEFORE/MAIN, runs AFTER_FAILURE and FINALLY
  ---
  duration_ms: 2246.460209
  type: 'test'
  location: '/Users/jonhy/PersonalDatas/Codes/github/anysoft/qinglong/tests/phase5/runtime.test.cjs:60:1'
  failureType: 'testCodeFailure'
  error: |-
    ## 开始执行... 2026-09-16 09:53:05
    
    EXECUTION_PREPARATION_FAILED
    
    ## 失败 ❌(退出码 1)... 2026-09-16 09:53:06  耗时 1 秒　　　　　
    
    
    1 !== 124
    
  code: 'ERR_ASSERTION'
  name: 'AssertionError'
  expected: 124
  actual: 1
  operator: 'strictEqual'
  stack: |-
    TestContext.<anonymous> (/Users/jonhy/PersonalDatas/Codes/github/anysoft/qinglong/tests/phase5/runtime.test.cjs:40:50)
    async Test.run (node:internal/test_runner/test:1054:7)
    async Test.processPendingSubtests (node:internal/test_runner/test:744:7)
  ...
# Subtest: lifecycle: main failure
not ok 237 - lifecycle: main failure
  ---
  duration_ms: 2609.805083
  type: 'test'
  location: '/Users/jonhy/PersonalDatas/Codes/github/anysoft/qinglong/tests/phase5/runtime.test.cjs:88:5'
  failureType: 'testCodeFailure'
  error: |-
    ## 开始执行... 2026-09-16 09:53:07
    
    EXECUTION_PREPARATION_FAILED
    
    ## 失败 ❌(退出码 1)... 2026-09-16 09:53:09  耗时 2 秒　　　　　
    
    
    1 !== 7
    
  code: 'ERR_ASSERTION'
  name: 'AssertionError'
  expected: 7
  actual: 1
  operator: 'strictEqual'
  stack: |-
    TestContext.<anonymous> (/Users/jonhy/PersonalDatas/Codes/github/anysoft/qinglong/tests/phase5/runtime.test.cjs:54:50)
    async Test.run (node:internal/test_runner/test:1054:7)
    async Test.processPendingSubtests (node:internal/test_runner/test:744:7)
  ...
# Subtest: lifecycle: AFTER_SUCCESS failure never triggers AFTER_FAILURE
not ok 238 - lifecycle: AFTER_SUCCESS failure never triggers AFTER_FAILURE
  ---
  duration_ms: 2303.512584
  type: 'test'
  location: '/Users/jonhy/PersonalDatas/Codes/github/anysoft/qinglong/tests/phase5/runtime.test.cjs:88:5'
  failureType: 'testCodeFailure'
  error: |-
    ## 开始执行... 2026-09-16 09:53:10
    
    EXECUTION_PREPARATION_FAILED
    
    ## 失败 ❌(退出码 1)... 2026-09-16 09:53:11  耗时 1 秒　　　　　
    
    
    1 !== 9
    
  code: 'ERR_ASSERTION'
  name: 'AssertionError'
  expected: 9
  actual: 1
  operator: 'strictEqual'
  stack: |-
    TestContext.<anonymous> (/Users/jonhy/PersonalDatas/Codes/github/anysoft/qinglong/tests/phase5/runtime.test.cjs:54:50)
    async Test.run (node:internal/test_runner/test:1054:7)
    async Test.processPendingSubtests (node:internal/test_runner/test:744:7)
  ...
# Subtest: lifecycle: FINALLY failure changes success
not ok 239 - lifecycle: FINALLY failure changes success
  ---
  duration_ms: 2465.303042
  type: 'test'
  location: '/Users/jonhy/PersonalDatas/Codes/github/anysoft/qinglong/tests/phase5/runtime.test.cjs:88:5'
  failureType: 'testCodeFailure'
  error: |-
    ## 开始执行... 2026-09-16 09:53:12
    
    EXECUTION_PREPARATION_FAILED
    
    ## 失败 ❌(退出码 1)... 2026-09-16 09:53:13  耗时 1 秒　　　　　
    
    
    1 !== 11
    
  code: 'ERR_ASSERTION'
  name: 'AssertionError'
  expected: 11
  actual: 1
  operator: 'strictEqual'
  stack: |-
    TestContext.<anonymous> (/Users/jonhy/PersonalDatas/Codes/github/anysoft/qinglong/tests/phase5/runtime.test.cjs:54:50)
    async Test.run (node:internal/test_runner/test:1054:7)
    async Test.processPendingSubtests (node:internal/test_runner/test:744:7)
  ...
# Subtest: lifecycle: FINALLY failure preserves primary
not ok 240 - lifecycle: FINALLY failure preserves primary
  ---
  duration_ms: 2150.871166
  type: 'test'
  location: '/Users/jonhy/PersonalDatas/Codes/github/anysoft/qinglong/tests/phase5/runtime.test.cjs:88:5'
  failureType: 'testCodeFailure'
  error: |-
    ## 开始执行... 2026-09-16 09:53:14
    
    EXECUTION_PREPARATION_FAILED
    
    ## 失败 ❌(退出码 1)... 2026-09-16 09:53:15  耗时 1 秒　　　　　
    
    
    1 !== 7
    
  code: 'ERR_ASSERTION'
  name: 'AssertionError'
  expected: 7
  actual: 1
  operator: 'strictEqual'
  stack: |-
    TestContext.<anonymous> (/Users/jonhy/PersonalDatas/Codes/github/anysoft/qinglong/tests/phase5/runtime.test.cjs:54:50)
    async Test.run (node:internal/test_runner/test:1054:7)
    async Test.processPendingSubtests (node:internal/test_runner/test:744:7)
  ...
# Subtest: lifecycle: CONTINUE before failure permits MAIN
not ok 241 - lifecycle: CONTINUE before failure permits MAIN
  ---
  duration_ms: 2174.048
  type: 'test'
  location: '/Users/jonhy/PersonalDatas/Codes/github/anysoft/qinglong/tests/phase5/runtime.test.cjs:88:5'
  failureType: 'testCodeFailure'
  error: |-
    ## 开始执行... 2026-09-16 09:53:17
    
    EXECUTION_PREPARATION_FAILED
    
    ## 失败 ❌(退出码 1)... 2026-09-16 09:53:18  耗时 1 秒　　　　　
    
    
    1 !== 0
    
  code: 'ERR_ASSERTION'
  name: 'AssertionError'
  expected: 0
  actual: 1
  operator: 'strictEqual'
  stack: |-
    TestContext.<anonymous> (/Users/jonhy/PersonalDatas/Codes/github/anysoft/qinglong/tests/phase5/runtime.test.cjs:54:50)
    async Test.run (node:internal/test_runner/test:1054:7)
    async Test.processPendingSubtests (node:internal/test_runner/test:744:7)
  ...
# Subtest: lifecycle: invalid BEFORE output fails without leaking generated log
not ok 242 - lifecycle: invalid BEFORE output fails without leaking generated log
  ---
  duration_ms: 2324.819334
  type: 'test'
  location: '/Users/jonhy/PersonalDatas/Codes/github/anysoft/qinglong/tests/phase5/runtime.test.cjs:88:5'
  failureType: 'testCodeFailure'
  error: |-
    The input did not match the regular expression /VISITED_AFTER_FAILURE/. Input:
    
    '## 开始执行... 2026-09-16 09:53:19\n' +
      '\n' +
      'EXECUTION_PREPARATION_FAILED\n' +
      '\n' +
      '## 失败 ❌(退出码 1)... 2026-09-16 09:53:20  耗时 1 秒　　　　　\n'
    
  code: 'ERR_ASSERTION'
  name: 'AssertionError'
  expected:
  actual: |-
    ## 开始执行... 2026-09-16 09:53:19
    
    EXECUTION_PREPARATION_FAILED
    
    ## 失败 ❌(退出码 1)... 2026-09-16 09:53:20  耗时 1 秒　　　　　
    
  operator: 'match'
  stack: |-
    TestContext.<anonymous> (/Users/jonhy/PersonalDatas/Codes/github/anysoft/qinglong/tests/phase5/runtime.test.cjs:54:94)
    async Test.run (node:internal/test_runner/test:1054:7)
    async Test.processPendingSubtests (node:internal/test_runner/test:744:7)
  ...
# Subtest: graceful cancellation tee=false executes AFTER_FAILURE/FINALLY with config, then restores original
not ok 243 - graceful cancellation tee=false executes AFTER_FAILURE/FINALLY with config, then restores original
  ---
  duration_ms: 11260.804125
  type: 'test'
  location: '/Users/jonhy/PersonalDatas/Codes/github/anysoft/qinglong/tests/phase5/runtime.test.cjs:103:5'
  failureType: 'testCodeFailure'
  error: 'runtime condition timeout'
  code: 'ERR_TEST_FAILURE'
  stack: |-
    waitFor (/Users/jonhy/PersonalDatas/Codes/github/anysoft/qinglong/tests/phase5/runtime.test.cjs:42:150)
    async TestContext.<anonymous> (/Users/jonhy/PersonalDatas/Codes/github/anysoft/qinglong/tests/phase5/runtime.test.cjs:60:89)
    async Test.run (node:internal/test_runner/test:1054:7)
    async Test.processPendingSubtests (node:internal/test_runner/test:744:7)
  ...
# Subtest: graceful cancellation tee=true executes AFTER_FAILURE/FINALLY with config, then restores original
not ok 244 - graceful cancellation tee=true executes AFTER_FAILURE/FINALLY with config, then restores original
  ---
  duration_ms: 10869.847209
  type: 'test'
  location: '/Users/jonhy/PersonalDatas/Codes/github/anysoft/qinglong/tests/phase5/runtime.test.cjs:103:5'
  failureType: 'testCodeFailure'
  error: 'runtime condition timeout'
  code: 'ERR_TEST_FAILURE'
  stack: |-
    waitFor (/Users/jonhy/PersonalDatas/Codes/github/anysoft/qinglong/tests/phase5/runtime.test.cjs:42:150)
    async TestContext.<anonymous> (/Users/jonhy/PersonalDatas/Codes/github/anysoft/qinglong/tests/phase5/runtime.test.cjs:60:89)
    async Test.run (node:internal/test_runner/test:1054:7)
    async Test.processPendingSubtests (node:internal/test_runner/test:744:7)
  ...
# Subtest: same workspace BUSY, different workspace parallel, SIGKILL lease recovery restores config
not ok 245 - same workspace BUSY, different workspace parallel, SIGKILL lease recovery restores config
  ---
  duration_ms: 11569.850666
  type: 'test'
  location: '/Users/jonhy/PersonalDatas/Codes/github/anysoft/qinglong/tests/phase5/runtime.test.cjs:121:1'
  failureType: 'testCodeFailure'
  error: 'runtime condition timeout'
  code: 'ERR_TEST_FAILURE'
  stack: |-
    waitFor (/Users/jonhy/PersonalDatas/Codes/github/anysoft/qinglong/tests/phase5/runtime.test.cjs:42:150)
    async TestContext.<anonymous> (/Users/jonhy/PersonalDatas/Codes/github/anysoft/qinglong/tests/phase5/runtime.test.cjs:66:38)
    async Test.run (node:internal/test_runner/test:1054:7)
    async Test.processPendingSubtests (node:internal/test_runner/test:744:7)
  ...
# Subtest: live execution pins Config revision, ENV and Hook plan across edits; next run observes new values
not ok 246 - live execution pins Config revision, ENV and Hook plan across edits; next run observes new values
  ---
  duration_ms: 10335.072541
  type: 'test'
  location: '/Users/jonhy/PersonalDatas/Codes/github/anysoft/qinglong/tests/phase5/runtime.test.cjs:154:1'
  failureType: 'testCodeFailure'
  error: 'runtime condition timeout'
  code: 'ERR_TEST_FAILURE'
  stack: |-
    waitFor (/Users/jonhy/PersonalDatas/Codes/github/anysoft/qinglong/tests/phase5/runtime.test.cjs:42:150)
    async TestContext.<anonymous> (/Users/jonhy/PersonalDatas/Codes/github/anysoft/qinglong/tests/phase5/runtime.test.cjs:77:36)
    async Test.run (node:internal/test_runner/test:1054:7)
    async Test.processPendingSubtests (node:internal/test_runner/test:744:7)
  ...
# Subtest: retained recovery bridge preserves Config/Hooks; scheduler projection carries Task ID only
not ok 247 - retained recovery bridge preserves Config/Hooks; scheduler projection carries Task ID only
  ---
  duration_ms: 1175.605041
  type: 'test'
  location: '/Users/jonhy/PersonalDatas/Codes/github/anysoft/qinglong/tests/phase5/runtime.test.cjs:179:1'
  failureType: 'testCodeFailure'
  error: |-
    Expected values to be strictly equal:
    
    1 !== 7
    
  code: 'ERR_ASSERTION'
  name: 'AssertionError'
  expected: 7
  actual: 1
  operator: 'strictEqual'
  stack: |-
    TestContext.<anonymous> (/Users/jonhy/PersonalDatas/Codes/github/anysoft/qinglong/tests/phase5/runtime.test.cjs:87:55)
    processTicksAndRejections (node:internal/process/task_queues:103:5)
    async Test.run (node:internal/test_runner/test:1054:7)
    async Test.processPendingSubtests (node:internal/test_runner/test:744:7)
  ...
# Subtest: PREPARE conflict starts no user phase and preserves existing data
not ok 248 - PREPARE conflict starts no user phase and preserves existing data
  ---
  duration_ms: 1129.812333
  type: 'test'
  location: '/Users/jonhy/PersonalDatas/Codes/github/anysoft/qinglong/tests/phase5/runtime.test.cjs:205:1'
  failureType: 'testCodeFailure'
  error: |-
    The input did not match the regular expression /CONFIG_TARGET_EXISTS/. Input:
    
    '## 开始执行... 2026-09-16 09:54:06\n' +
      '\n' +
      'EXECUTION_PREPARATION_FAILED\n' +
      '\n' +
      '## 失败 ❌(退出码 1)... 2026-09-16 09:54:06  耗时 1 秒　　　　　\n'
    
  code: 'ERR_ASSERTION'
  name: 'AssertionError'
  expected:
  actual: |-
    ## 开始执行... 2026-09-16 09:54:06
    
    EXECUTION_PREPARATION_FAILED
    
    ## 失败 ❌(退出码 1)... 2026-09-16 09:54:06  耗时 1 秒　　　　　
    
  operator: 'match'
  stack: |-
    TestContext.<anonymous> (/Users/jonhy/PersonalDatas/Codes/github/anysoft/qinglong/tests/phase5/runtime.test.cjs:92:754)
    async Test.run (node:internal/test_runner/test:1054:7)
    async Test.processPendingSubtests (node:internal/test_runner/test:744:7)
  ...
# Subtest: MAIN timeout invokes failure and finally independently of hook deadlines
not ok 249 - MAIN timeout invokes failure and finally independently of hook deadlines
  ---
  duration_ms: 943.504875
  type: 'test'
  location: '/Users/jonhy/PersonalDatas/Codes/github/anysoft/qinglong/tests/phase5/runtime.test.cjs:220:1'
  failureType: 'testCodeFailure'
  error: |-
    ## 开始执行... 2026-09-16 09:54:07
    
    EXECUTION_PREPARATION_FAILED
    
    ## 失败 ❌(退出码 1)... 2026-09-16 09:54:07  耗时 1 秒　　　　　
    
    
    1 !== 124
    
  code: 'ERR_ASSERTION'
  name: 'AssertionError'
  expected: 124
  actual: 1
  operator: 'strictEqual'
  stack: |-
    TestContext.<anonymous> (/Users/jonhy/PersonalDatas/Codes/github/anysoft/qinglong/tests/phase5/runtime.test.cjs:95:370)
    processTicksAndRejections (node:internal/process/task_queues:103:5)
    async Test.run (node:internal/test_runner/test:1054:7)
    async Test.processPendingSubtests (node:internal/test_runner/test:744:7)
  ...
# Subtest: all publication sources share the existing global publication-1 lease
not ok 250 - all publication sources share the existing global publication-1 lease
  ---
  duration_ms: 1157.867166
  type: 'test'
  location: '/Users/jonhy/PersonalDatas/Codes/github/anysoft/qinglong/tests/phase5/runtime.test.cjs:231:1'
  failureType: 'testCodeFailure'
  error: |-
    ## 开始执行... 2026-09-16 09:54:08
    
    EXECUTION_PREPARATION_FAILED
    
    ## 失败 ❌(退出码 1)... 2026-09-16 09:54:08  耗时 1 秒　　　　　
    
    
    1 !== 75
    
  code: 'ERR_ASSERTION'
  name: 'AssertionError'
  expected: 75
  actual: 1
  operator: 'strictEqual'
  stack: |-
    TestContext.<anonymous> (/Users/jonhy/PersonalDatas/Codes/github/anysoft/qinglong/tests/phase5/runtime.test.cjs:99:378)
    processTicksAndRejections (node:internal/process/task_queues:103:5)
    async Test.run (node:internal/test_runner/test:1054:7)
    async Test.processPendingSubtests (node:internal/test_runner/test:744:7)
  ...
# Subtest: frozen platform v1 upgrades transactionally to identical fresh latest schema and preserves data/hooks
not ok 251 - frozen platform v1 upgrades transactionally to identical fresh latest schema and preserves data/hooks
  ---
  duration_ms: 4132.4985
  type: 'test'
  location: '/Users/jonhy/PersonalDatas/Codes/github/anysoft/qinglong/tests/phase5/schema.test.cjs:6:1'
  failureType: 'testCodeFailure'
  error: |-
    Expected values to be strictly equal:
    
    8 !== 7
    
  code: 'ERR_ASSERTION'
  name: 'AssertionError'
  expected: 7
  actual: 8
  operator: 'strictEqual'
  stack: |-
    TestContext.<anonymous> (/Users/jonhy/PersonalDatas/Codes/github/anysoft/qinglong/tests/phase5/schema.test.cjs:10:102)
    async Test.run (node:internal/test_runner/test:1054:7)
    async startSubtestAfterBootstrap (node:internal/test_runner/harness:296:3)
  ...
# Subtest: migration failure rolls back DDL, data, hooks and version then permits retry
ok 252 - migration failure rolls back DDL, data, hooks and version then permits retry
  ---
  duration_ms: 1429.155041
  type: 'test'
  ...
# Subtest: unknown and tampered v1 databases fail closed without touching user rows
ok 253 - unknown and tampered v1 databases fail closed without touching user rows
  ---
  duration_ms: 587.588084
  type: 'test'
  ...
# Subtest: late migration failure after old columns drop restores all v1 data and hook fields
ok 254 - late migration failure after old columns drop restores all v1 data and hook fields
  ---
  duration_ms: 1154.573375
  type: 'test'
  ...
# Subtest: Script HTTP access is excluded by Config SH lease and blocked by stale journals, then resumes
ok 255 - Script HTTP access is excluded by Config SH lease and blocked by stale journals, then resumes
  ---
  duration_ms: 4840.292209
  type: 'test'
  ...
# Subtest: Node retains API flock after helper exit through asynchronous action and response completion
ok 256 - Node retains API flock after helper exit through asynchronous action and response completion
  ---
  duration_ms: 1897.972208
  type: 'test'
  ...
# Subtest: Runtime API returns tracked async IDs, denies arbitrary commands/paths and sanitizes every error
ok 257 - Runtime API returns tracked async IDs, denies arbitrary commands/paths and sanitizes every error
  ---
  duration_ms: 5763.2125
  type: 'test'
  ...
# Subtest: backend SIGKILL retains inherited provider lease until supervised descendants exit, then recovery succeeds
ok 258 - backend SIGKILL retains inherited provider lease until supervised descendants exit, then recovery succeeds
  ---
  duration_ms: 5477.211958
  type: 'test'
  ...
# Subtest: partial remove failure retains record and ownership for retry; provider failure preserves interpreter
ok 259 - partial remove failure retains record and ownership for retry; provider failure preserves interpreter
  ---
  duration_ms: 6885.816458
  type: 'test'
  ...
# Subtest: disk full and command failures produce bounded static errors and leave partial runtime repairable
ok 260 - disk full and command failures produce bounded static errors and leave partial runtime repairable
  ---
  duration_ms: 2287.38425
  type: 'test'
  ...
# Subtest: bounded runtime logs drain oversized output without exposing private HOME or symlink targets
ok 261 - bounded runtime logs drain oversized output without exposing private HOME or symlink targets
  ---
  duration_ms: 7130.75725
  type: 'test'
  ...
# Subtest: real provider validation rejects dirty code, mismatched revision and .git symlink before execution
ok 262 - real provider validation rejects dirty code, mismatched revision and .git symlink before execution
  ---
  duration_ms: 5462.300833
  type: 'test'
  ...
# Subtest: unknown nonempty provider root is preserved; symlinked cache reports missing requirement
ok 263 - unknown nonempty provider root is preserved; symlinked cache reports missing requirement
  ---
  duration_ms: 2341.682
  type: 'test'
  ...
# Subtest: fixed interpreter diagnostic rejects incorrect version and prefix even on first installation
ok 264 - fixed interpreter diagnostic rejects incorrect version and prefix even on first installation
  ---
  duration_ms: 3681.636833
  type: 'test'
  ...
# Subtest: exact catalog filters implementations, prereleases and injection
ok 265 - exact catalog filters implementations, prereleases and injection
  ---
  duration_ms: 3139.916167
  type: 'test'
  ...
# Subtest: provider setup, two runtimes, explicit verify/repair/remove preserve sibling and snapshots
ok 266 - provider setup, two runtimes, explicit verify/repair/remove preserve sibling and snapshots
  ---
  duration_ms: 7787.179666
  type: 'test'
  ...
# Subtest: cross-service lock, cancel and timeout keep operation ownership and descendants bounded
ok 267 - cross-service lock, cancel and timeout keep operation ownership and descendants bounded
  ---
  duration_ms: 3581.656416
  type: 'test'
  ...
# Subtest: paths reject unknown roots, version symlink, parent symlink and executable escape
ok 268 - paths reject unknown roots, version symlink, parent symlink and executable escape
  ---
  duration_ms: 2011.708084
  type: 'test'
  ...
# Subtest: recovery never kills stored PID or adopts unknown versions; reference checks block removal
ok 269 - recovery never kills stored PID or adopts unknown versions; reference checks block removal
  ---
  duration_ms: 4246.769417
  type: 'test'
  ...
# Subtest: build environment excludes backend/user secrets and logs redact split UTF-8 secrets
ok 270 - build environment excludes backend/user secrets and logs redact split UTF-8 secrets
  ---
  duration_ms: 1707.916875
  type: 'test'
  ...
# Subtest: frozen v2 migrates to identical fresh latest schema, preserves ENV/Config/Hooks and enforces runtime CHECK/FK constraints
not ok 271 - frozen v2 migrates to identical fresh latest schema, preserves ENV/Config/Hooks and enforces runtime CHECK/FK constraints
  ---
  duration_ms: 3331.10875
  type: 'test'
  location: '/Users/jonhy/PersonalDatas/Codes/github/anysoft/qinglong/tests/phase6/schema.test.cjs:12:1'
  failureType: 'testCodeFailure'
  error: |-
    Expected values to be strictly equal:
    
    8 !== 7
    
  code: 'ERR_ASSERTION'
  name: 'AssertionError'
  expected: 7
  actual: 8
  operator: 'strictEqual'
  stack: |-
    TestContext.<anonymous> (/Users/jonhy/PersonalDatas/Codes/github/anysoft/qinglong/tests/phase6/schema.test.cjs:17:9)
    async Test.run (node:internal/test_runner/test:1054:7)
    async startSubtestAfterBootstrap (node:internal/test_runner/harness:296:3)
  ...
# Subtest: v2 late migration failure rolls back runtime tables, metadata and data, then retries
ok 272 - v2 late migration failure rolls back runtime tables, metadata and data, then retries
  ---
  duration_ms: 1368.904083
  type: 'test'
  ...
# Subtest: tampered v2 signature and unknown version fail closed
ok 273 - tampered v2 signature and unknown version fail closed
  ---
  duration_ms: 1741.132417
  type: 'test'
  ...
# Subtest: Environment API scopes, strict input, definitions, optimistic revisions, reference protection and safe empty deletion
ok 274 - Environment API scopes, strict input, definitions, optimistic revisions, reference protection and safe empty deletion
  ---
  duration_ms: 7925.834375
  type: 'test'
  ...
# Subtest: staging write failure, timeout and cancellation release locks, never publish or damage Runtime
ok 275 - staging write failure, timeout and cancellation release locks, never publish or damage Runtime
  ---
  duration_ms: 8337.654833
  type: 'test'
  ...
# Subtest: partial filesystem deletion remains ERROR and retryable; publication DB failure never switches Current
ok 276 - partial filesystem deletion remains ERROR and retryable; publication DB failure never switches Current
  ---
  duration_ms: 4784.128333
  type: 'test'
  ...
# Subtest: Environment ownership refuses symlinks, replaced roots, foreign IDs, unknown files and lease collisions
ok 277 - Environment ownership refuses symlinks, replaced roots, foreign IDs, unknown files and lease collisions
  ---
  duration_ms: 3797.105916
  type: 'test'
  ...
# Subtest: frozen v3 to v4 is transactional, preserves runtime/history and equals fresh signature
not ok 278 - frozen v3 to v4 is transactional, preserves runtime/history and equals fresh signature
  ---
  duration_ms: 2766.450584
  type: 'test'
  location: '/Users/jonhy/PersonalDatas/Codes/github/anysoft/qinglong/tests/phase7/schema.test.cjs:9:1'
  failureType: 'testCodeFailure'
  error: |-
    Expected values to be strictly equal:
    
    8 !== 7
    
  code: 'ERR_ASSERTION'
  name: 'AssertionError'
  expected: 7
  actual: 8
  operator: 'strictEqual'
  stack: |-
    TestContext.<anonymous> (/Users/jonhy/PersonalDatas/Codes/github/anysoft/qinglong/tests/phase7/schema.test.cjs:15:9)
    async Test.run (node:internal/test_runner/test:1054:7)
    async startSubtestAfterBootstrap (node:internal/test_runner/harness:296:3)
  ...
# Subtest: v3 tampering fails closed before any schema or user-data changes
ok 279 - v3 tampering fails closed before any schema or user-data changes
  ---
  duration_ms: 1556.564708
  type: 'test'
  ...
# Subtest: actual SQLite constraints protect immutable revisions, build identity, current ownership and runtime FKs
ok 280 - actual SQLite constraints protect immutable revisions, build identity, current ownership and runtime FKs
  ---
  duration_ms: 742.429334
  type: 'test'
  ...
# Subtest: Node panel-only strict API, identity scoping, optimistic definitions and resource-owned operations
ok 281 - Node panel-only strict API, identity scoping, optimistic definitions and resource-owned operations
  ---
  duration_ms: 5392.368625
  type: 'test'
  ...
# Subtest: Node Build publish transaction failure and ENOSPC keep Current and Runtime healthy
ok 282 - Node Build publish transaction failure and ENOSPC keep Current and Runtime healthy
  ---
  duration_ms: 5385.313916
  type: 'test'
  ...
# Subtest: Node partial filesystem deletion remains ERROR, preserves unknown files, and explicit retry finalizes DB
ok 283 - Node partial filesystem deletion remains ERROR, preserves unknown files, and explicit retry finalizes DB
  ---
  duration_ms: 4142.911791
  type: 'test'
  ...
# Subtest: official-provider download boundary: checksum mismatch and cancellation never publish Runtime and clean private staging
ok 284 - official-provider download boundary: checksum mismatch and cancellation never publish Runtime and clean private staging
  ---
  duration_ms: 4582.6645
  type: 'test'
  ...
# Subtest: v4 → v5 preserves real Python environment references; fresh matches migration and late failure rolls back
not ok 285 - v4 → v5 preserves real Python environment references; fresh matches migration and late failure rolls back
  ---
  duration_ms: 1788.941625
  type: 'test'
  location: '/Users/jonhy/PersonalDatas/Codes/github/anysoft/qinglong/tests/phase8/schema.test.cjs:8:1'
  failureType: 'testCodeFailure'
  error: |-
    Expected values to be strictly equal:
    
    8 !== 7
    
  code: 'ERR_ASSERTION'
  name: 'AssertionError'
  expected: 7
  actual: 8
  operator: 'strictEqual'
  stack: |-
    TestContext.<anonymous> (/Users/jonhy/PersonalDatas/Codes/github/anysoft/qinglong/tests/phase8/schema.test.cjs:16:156)
    async Test.run (node:internal/test_runner/test:1054:7)
    async startSubtestAfterBootstrap (node:internal/test_runner/harness:296:3)
  ...
# Subtest: v4 tampering is rejected without mutation
ok 286 - v4 tampering is rejected without mutation
  ---
  duration_ms: 862.226583
  type: 'test'
  ...
# Subtest: Node actual SQLite constraints protect language/toolchain and immutable revision/build ownership
ok 287 - Node actual SQLite constraints protect language/toolchain and immutable revision/build ownership
  ---
  duration_ms: 922.872292
  type: 'test'
  ...
# Subtest: archive preflight rejects traversal, absolute paths, symlink/hardlink escape, special files and link ancestors before extraction
ok 288 - archive preflight rejects traversal, absolute paths, symlink/hardlink escape, special files and link ancestors before extraction
  ---
  duration_ms: 2159.963875
  type: 'test'
  ...
# Subtest: Node resource IDs, ownership, inode and symlink boundary fail closed without deleting unknown data
ok 289 - Node resource IDs, ownership, inode and symlink boundary fail closed without deleting unknown data
  ---
  duration_ms: 2415.469917
  type: 'test'
  ...
# Subtest: Node catalog, exact versions, platform and registry credential/source policy
ok 290 - Node catalog, exact versions, platform and registry credential/source policy
  ---
  duration_ms: 1028.746167
  type: 'test'
  ...
# Subtest: real Task HTTP routes coordinate domain/scheduler rollback, conflict and canonical source projections
not ok 291 - real Task HTTP routes coordinate domain/scheduler rollback, conflict and canonical source projections
  ---
  duration_ms: 5049.090167
  type: 'test'
  location: '/Users/jonhy/PersonalDatas/Codes/github/anysoft/qinglong/tests/phase9/api.test.cjs:6:1'
  failureType: 'testCodeFailure'
  error: |-
    {"status":400,"code":400,"error_code":"TASK_UNKNOWN_FIELD","message":"TASK_UNKNOWN_FIELD"}
    
    400 !== 200
    
  code: 'ERR_ASSERTION'
  name: 'AssertionError'
  expected: 200
  actual: 400
  operator: 'strictEqual'
  stack: |-
    TestContext.<anonymous> (/Users/jonhy/PersonalDatas/Codes/github/anysoft/qinglong/tests/phase9/api.test.cjs:10:102)
    processTicksAndRejections (node:internal/process/task_queues:103:5)
    async Test.run (node:internal/test_runner/test:1054:7)
    async startSubtestAfterBootstrap (node:internal/test_runner/harness:296:3)
  ...
# Subtest: real Git discovery retains canonical user resources and renames create new stable identities
not ok 292 - real Git discovery retains canonical user resources and renames create new stable identities
  ---
  duration_ms: 3441.146459
  type: 'test'
  location: '/Users/jonhy/PersonalDatas/Codes/github/anysoft/qinglong/tests/phase9/discovery.test.cjs:5:1'
  failureType: 'testCodeFailure'
  error: 'The "path" argument must be of type string. Received undefined'
  code: 'ERR_INVALID_ARG_TYPE'
  name: 'TypeError'
  stack: |-
    Object.join (node:path:1354:7)
    eval (eval at loadSecurityModule (/Users/jonhy/PersonalDatas/Codes/github/anysoft/qinglong/test/helpers/load-security-module.cjs:35:3), <anonymous>:34:30)
    loadSecurityModule (/Users/jonhy/PersonalDatas/Codes/github/anysoft/qinglong/test/helpers/load-security-module.cjs:35:72)
    requireModule (/Users/jonhy/PersonalDatas/Codes/github/anysoft/qinglong/test/helpers/load-security-module.cjs:21:16)
    eval (eval at loadSecurityModule (/Users/jonhy/PersonalDatas/Codes/github/anysoft/qinglong/test/helpers/load-security-module.cjs:35:3), <anonymous>:22:34)
    loadSecurityModule (/Users/jonhy/PersonalDatas/Codes/github/anysoft/qinglong/test/helpers/load-security-module.cjs:35:72)
    requireModule (/Users/jonhy/PersonalDatas/Codes/github/anysoft/qinglong/test/helpers/load-security-module.cjs:21:16)
    eval (eval at loadSecurityModule (/Users/jonhy/PersonalDatas/Codes/github/anysoft/qinglong/test/helpers/load-security-module.cjs:35:3), <anonymous>:21:48)
    loadSecurityModule (/Users/jonhy/PersonalDatas/Codes/github/anysoft/qinglong/test/helpers/load-security-module.cjs:35:72)
    requireModule (/Users/jonhy/PersonalDatas/Codes/github/anysoft/qinglong/test/helpers/load-security-module.cjs:21:16)
  ...
# Subtest: unsafe discovery fails closed; scheduler transports Task ID without source command text
not ok 293 - unsafe discovery fails closed; scheduler transports Task ID without source command text
  ---
  duration_ms: 2035.432458
  type: 'test'
  location: '/Users/jonhy/PersonalDatas/Codes/github/anysoft/qinglong/tests/phase9/discovery.test.cjs:48:1'
  failureType: 'testCodeFailure'
  error: 'The "path" argument must be of type string. Received undefined'
  code: 'ERR_INVALID_ARG_TYPE'
  name: 'TypeError'
  stack: |-
    Object.join (node:path:1354:7)
    eval (eval at loadSecurityModule (/Users/jonhy/PersonalDatas/Codes/github/anysoft/qinglong/test/helpers/load-security-module.cjs:35:3), <anonymous>:34:30)
    loadSecurityModule (/Users/jonhy/PersonalDatas/Codes/github/anysoft/qinglong/test/helpers/load-security-module.cjs:35:72)
    requireModule (/Users/jonhy/PersonalDatas/Codes/github/anysoft/qinglong/test/helpers/load-security-module.cjs:21:16)
    eval (eval at loadSecurityModule (/Users/jonhy/PersonalDatas/Codes/github/anysoft/qinglong/test/helpers/load-security-module.cjs:35:3), <anonymous>:22:34)
    loadSecurityModule (/Users/jonhy/PersonalDatas/Codes/github/anysoft/qinglong/test/helpers/load-security-module.cjs:35:72)
    requireModule (/Users/jonhy/PersonalDatas/Codes/github/anysoft/qinglong/test/helpers/load-security-module.cjs:21:16)
    eval (eval at loadSecurityModule (/Users/jonhy/PersonalDatas/Codes/github/anysoft/qinglong/test/helpers/load-security-module.cjs:35:3), <anonymous>:21:48)
    loadSecurityModule (/Users/jonhy/PersonalDatas/Codes/github/anysoft/qinglong/test/helpers/load-security-module.cjs:35:72)
    requireModule (/Users/jonhy/PersonalDatas/Codes/github/anysoft/qinglong/test/helpers/load-security-module.cjs:21:16)
  ...
# Subtest: Task CRUD, optimistic version, literal arguments, enable readiness and clone secrets
ok 294 - Task CRUD, optimistic version, literal arguments, enable readiness and clone secrets
  ---
  duration_ms: 2808.338917
  type: 'test'
  ...
# Subtest: runtime inheritance changes readiness dynamically, explicit override wins, references protect deletion
ok 295 - runtime inheritance changes readiness dynamically, explicit override wins, references protect deletion
  ---
  duration_ms: 1555.2605
  type: 'test'
  ...
# Subtest: cross-repository source/profile updates roll back atomically and client paths are rejected
ok 296 - cross-repository source/profile updates roll back atomically and client paths are rejected
  ---
  duration_ms: 1037.932042
  type: 'test'
  ...
# Subtest: 1000 Task list uses bounded batch queries and does not expose execution paths
ok 297 - 1000 Task list uses bounded batch queries and does not expose execution paths
  ---
  duration_ms: 12366.35025
  type: 'test'
  ...
# Subtest: Python/JS/TS/Shell binding matrix, missing/wrong environments and effective references
ok 298 - Python/JS/TS/Shell binding matrix, missing/wrong environments and effective references
  ---
  duration_ms: 2709.012375
  type: 'test'
  ...
# Subtest: Task > Subscription > Repository precedence and clone retain subscription-owned logical resources
ok 299 - Task > Subscription > Repository precedence and clone retain subscription-owned logical resources
  ---
  duration_ms: 1398.632292
  type: 'test'
  ...
# Subtest: readiness responds to source loss, disabled profile and malformed Config/Hook without execution snapshots
ok 300 - readiness responds to source loss, disabled profile and malformed Config/Hook without execution snapshots
  ---
  duration_ms: 886.365708
  type: 'test'
  ...
# Subtest: clone copies Config/Hooks/settings while Task delete keeps independent resources and run history
ok 301 - clone copies Config/Hooks/settings while Task delete keeps independent resources and run history
  ---
  duration_ms: 1017.282875
  type: 'test'
  ...
# Subtest: v5 and fresh Task schema have identical signatures and valid foreign keys
ok 302 - v5 and fresh Task schema have identical signatures and valid foreign keys
  ---
  duration_ms: 2190.905375
  type: 'test'
  ...
# Subtest: v5 command-only task ID and owned secrets survive; failed migration rolls back and retries
ok 303 - v5 command-only task ID and owned secrets survive; failed migration rolls back and retries
  ---
  duration_ms: 987.988708
  type: 'test'
  ...
# Subtest: v5 populated migration preserves discovery, ENV, Config, Hooks, runtimes, statistics and execution IDs
not ok 304 - v5 populated migration preserves discovery, ENV, Config, Hooks, runtimes, statistics and execution IDs
  ---
  duration_ms: 1225.144333
  type: 'test'
  location: '/Users/jonhy/PersonalDatas/Codes/github/anysoft/qinglong/tests/phase9/schema.test.cjs:11:1'
  failureType: 'testCodeFailure'
  error: |-
    Expected values to be strictly equal:
    
    8 !== 7
    
  code: 'ERR_ASSERTION'
  name: 'AssertionError'
  expected: 7
  actual: 8
  operator: 'strictEqual'
  stack: |-
    TestContext.<anonymous> (/Users/jonhy/PersonalDatas/Codes/github/anysoft/qinglong/tests/phase9/schema.test.cjs:9:1152)
    async Test.run (node:internal/test_runner/test:1054:7)
    async Test.processPendingSubtests (node:internal/test_runner/test:744:7)
  ...
# Subtest: source paths reject traversal, absolute paths, Windows paths, control characters and ambiguous segments
ok 305 - source paths reject traversal, absolute paths, Windows paths, control characters and ambiguous segments
  ---
  duration_ms: 0.954542
  type: 'test'
  ...
# Subtest: arguments are literal structured strings; settings and runtime languages are bounded
ok 306 - arguments are literal structured strings; settings and runtime languages are bounded
  ---
  duration_ms: 0.684083
  type: 'test'
  ...
# Subtest: deep source validation rejects internal and escaping symlinks, directories, FIFO and socket
ok 307 - deep source validation rejects internal and escaping symlinks, directories, FIFO and socket
  ---
  duration_ms: 51.217583
  type: 'test'
  ...
# Subtest: subscription deletion protects discovered Tasks; explicit cascade is atomic and leaves manual Tasks intact
not ok 308 - subscription deletion protects discovered Tasks; explicit cascade is atomic and leaves manual Tasks intact
  ---
  duration_ms: 2656.025791
  type: 'test'
  location: '/Users/jonhy/PersonalDatas/Codes/github/anysoft/qinglong/tests/phase9/subscription-delete.test.cjs:5:1'
  failureType: 'testCodeFailure'
  error: 'The "path" argument must be of type string. Received undefined'
  code: 'ERR_INVALID_ARG_TYPE'
  name: 'TypeError'
  stack: |-
    Object.join (node:path:1354:7)
    eval (eval at loadSecurityModule (/Users/jonhy/PersonalDatas/Codes/github/anysoft/qinglong/test/helpers/load-security-module.cjs:35:3), <anonymous>:34:30)
    loadSecurityModule (/Users/jonhy/PersonalDatas/Codes/github/anysoft/qinglong/test/helpers/load-security-module.cjs:35:72)
    requireModule (/Users/jonhy/PersonalDatas/Codes/github/anysoft/qinglong/test/helpers/load-security-module.cjs:21:16)
    eval (eval at loadSecurityModule (/Users/jonhy/PersonalDatas/Codes/github/anysoft/qinglong/test/helpers/load-security-module.cjs:35:3), <anonymous>:22:34)
    loadSecurityModule (/Users/jonhy/PersonalDatas/Codes/github/anysoft/qinglong/test/helpers/load-security-module.cjs:35:72)
    requireModule (/Users/jonhy/PersonalDatas/Codes/github/anysoft/qinglong/test/helpers/load-security-module.cjs:21:16)
    eval (eval at loadSecurityModule (/Users/jonhy/PersonalDatas/Codes/github/anysoft/qinglong/test/helpers/load-security-module.cjs:35:3), <anonymous>:21:48)
    loadSecurityModule (/Users/jonhy/PersonalDatas/Codes/github/anysoft/qinglong/test/helpers/load-security-module.cjs:35:72)
    requireModule (/Users/jonhy/PersonalDatas/Codes/github/anysoft/qinglong/test/helpers/load-security-module.cjs:21:16)
  ...
# Subtest: script filename route is removed while the detail API remains
ok 309 - script filename route is removed while the detail API remains
  ---
  duration_ms: 504.565291
  type: 'test'
  ...
# Subtest: log filename route is removed while the detail API remains
ok 310 - log filename route is removed while the detail API remains
  ---
  duration_ms: 48.466292
  type: 'test'
  ...
# Subtest: arbitrary Config editor has no public controller or service
ok 311 - arbitrary Config editor has no public controller or service
  ---
  duration_ms: 0.161458
  type: 'test'
  ...
# Subtest: fresh seed is local, idempotent and creates no usable password or legacy startup task
not ok 312 - fresh seed is local, idempotent and creates no usable password or legacy startup task
  ---
  duration_ms: 35.122417
  type: 'test'
  location: '/Users/jonhy/PersonalDatas/Codes/github/anysoft/qinglong/tests/platform/bootstrap-data.test.cjs:5:1'
  failureType: 'testCodeFailure'
  error: |-
    Expected values to be strictly equal:
    
    0 !== 2
    
  code: 'ERR_ASSERTION'
  name: 'AssertionError'
  expected: 2
  actual: 0
  operator: 'strictEqual'
  stack: |-
    TestContext.<anonymous> (/Users/jonhy/PersonalDatas/Codes/github/anysoft/qinglong/tests/platform/bootstrap-data.test.cjs:40:10)
    async Test.run (node:internal/test_runner/test:1054:7)
    async startSubtestAfterBootstrap (node:internal/test_runner/harness:296:3)
  ...
# Subtest: database loader rejects initialization failure rather than allowing workers to start
ok 313 - database loader rejects initialization failure rather than allowing workers to start
  ---
  duration_ms: 785.967709
  type: 'test'
  ...
# Subtest: A/B/D/H/I: stable identity, reusable credentials, secret replacement and deletion protection
ok 314 - A/B/D/H/I: stable identity, reusable credentials, secret replacement and deletion protection
  ---
  duration_ms: 1123.694042
  type: 'test'
  ...
# Subtest: C: encrypted SSH key validation derives public key, preserves secret privacy and supports reuse
ok 315 - C: encrypted SSH key validation derives public key, preserves secret privacy and supports reuse
  ---
  duration_ms: 3120.531625
  type: 'test'
  ...
# Subtest: access tests use only ls-remote, update status, hide remote errors and clean contexts
ok 316 - access tests use only ls-remote, update status, hide remote errors and clean contexts
  ---
  duration_ms: 430.781416
  type: 'test'
  ...
# Subtest: credential update does not mutate the snapshot of a running invocation
ok 317 - credential update does not mutate the snapshot of a running invocation
  ---
  duration_ms: 254.475791
  type: 'test'
  ...
# Subtest: DB projection controls identity, nested filters, metadata updates, user edits and removal policy
ok 318 - DB projection controls identity, nested filters, metadata updates, user edits and removal policy
  ---
  duration_ms: 1822.931
  type: 'test'
  ...
# Subtest: symlinks fail closed and no cron metadata never invents a schedule
ok 319 - symlinks fail closed and no cron metadata never invents a schedule
  ---
  duration_ms: 1118.467708
  type: 'test'
  ...
# Subtest: definition DB failure and scheduler failure compensate updates without changing task identity or overrides
not ok 320 - definition DB failure and scheduler failure compensate updates without changing task identity or overrides
  ---
  duration_ms: 1552.296792
  type: 'test'
  location: '/Users/jonhy/PersonalDatas/Codes/github/anysoft/qinglong/tests/platform/discovery.test.cjs:49:1'
  failureType: 'testCodeFailure'
  error: '(intermediate value).reconcileDiscoveredTasks is not a function'
  code: 'ERR_TEST_FAILURE'
  name: 'TypeError'
  stack: |-
    TestContext.<anonymous> (/Users/jonhy/PersonalDatas/Codes/github/anysoft/qinglong/tests/platform/discovery.test.cjs:48:64)
    async Test.run (node:internal/test_runner/test:1054:7)
    async Test.processPendingSubtests (node:internal/test_runner/test:744:7)
  ...
# Subtest: scoped sh account concurrency keeps split secrets in private temporary logs
ok 321 - scoped sh account concurrency keeps split secrets in private temporary logs
  ---
  duration_ms: 2997.178709
  type: 'test'
  ...
# Subtest: scoped js account concurrency keeps split secrets in private temporary logs
ok 322 - scoped js account concurrency keeps split secrets in private temporary logs
  ---
  duration_ms: 2065.46925
  type: 'test'
  ...
# Subtest: scoped py account concurrency keeps split secrets in private temporary logs
ok 323 - scoped py account concurrency keeps split secrets in private temporary logs
  ---
  duration_ms: 2368.888375
  type: 'test'
  ...
# Subtest: real HTTP APIs mask secrets and validation errors, enforce scope and block open access
ok 324 - real HTTP APIs mask secrets and validation errors, enforce scope and block open access
  ---
  duration_ms: 1587.679875
  type: 'test'
  ...
# Subtest: profile CRUD, uniqueness, default, clone secrets, and reference protection
ok 325 - profile CRUD, uniqueness, default, clone secrets, and reference protection
  ---
  duration_ms: 1306.184209
  type: 'test'
  ...
# Subtest: secret keep/replace/clear, metadata edits, atomic batch rollback and safe errors
ok 326 - secret keep/replace/clear, metadata edits, atomic batch rollback and safe errors
  ---
  duration_ms: 810.435875
  type: 'test'
  ...
# Subtest: profile precedence, manual task, disabled and wrong repository fail closed
ok 327 - profile precedence, manual task, disabled and wrong repository fail closed
  ---
  duration_ms: 527.257459
  type: 'test'
  ...
# Subtest: SET/UNSET/disabled/empty precedence, immutable snapshot and parent isolation
ok 328 - SET/UNSET/disabled/empty precedence, immutable snapshot and parent isolation
  ---
  duration_ms: 475.07025
  type: 'test'
  ...
# Subtest: Global unique contract masks secrets across SDK responses and rejects inherited backend secrets
ok 329 - Global unique contract masks secrets across SDK responses and rejects inherited backend secrets
  ---
  duration_ms: 691.130834
  type: 'test'
  ...
# Subtest: real ID-to-SQLite shell bridge resolves current config, cleans per-run files and fails disabled profiles
not ok 330 - real ID-to-SQLite shell bridge resolves current config, cleans per-run files and fails disabled profiles
  ---
  duration_ms: 5117.281583
  type: 'test'
  location: '/Users/jonhy/PersonalDatas/Codes/github/anysoft/qinglong/tests/platform/environment-entrypoint.test.cjs:6:1'
  failureType: 'testCodeFailure'
  error: |-
    ## 开始执行... 2026-09-16 09:53:32
    
    EXECUTION_PREPARATION_FAILED
    
    ## 失败 ❌(退出码 1)... 2026-09-16 09:53:33  耗时 1 秒　　　　　
    
    
    1 !== 0
    
  code: 'ERR_ASSERTION'
  name: 'AssertionError'
  expected: 0
  actual: 1
  operator: 'strictEqual'
  stack: |-
    TestContext.<anonymous> (/Users/jonhy/PersonalDatas/Codes/github/anysoft/qinglong/tests/platform/environment-entrypoint.test.cjs:25:36)
    async Test.run (node:internal/test_runner/test:1054:7)
    async startSubtestAfterBootstrap (node:internal/test_runner/harness:296:3)
  ...
# Subtest: actual Python/Node/Shell snapshot complex values, UNSET, no interpolation or secret logs
not ok 331 - actual Python/Node/Shell snapshot complex values, UNSET, no interpolation or secret logs
  ---
  duration_ms: 6108.567083
  type: 'test'
  location: '/Users/jonhy/PersonalDatas/Codes/github/anysoft/qinglong/tests/platform/environment-execution.test.cjs:16:1'
  failureType: 'testCodeFailure'
  error: |-
    [MAIN]
    /var/folders/zw/3r78x0_95dl5_cj7tpslfdq40000gn/T/ql-env4-Bd7044/shell/otask.sh: line 172: ts-node-transpile-only: command not found
    
    
    127 !== 0
    
  code: 'ERR_ASSERTION'
  name: 'AssertionError'
  expected: 0
  actual: 127
  operator: 'strictEqual'
  stack: |-
    TestContext.<anonymous> (/Users/jonhy/PersonalDatas/Codes/github/anysoft/qinglong/tests/platform/environment-execution.test.cjs:28:12)
    async Test.run (node:internal/test_runner/test:1054:7)
    async startSubtestAfterBootstrap (node:internal/test_runner/harness:296:3)
  ...
# Subtest: 50 simultaneously live runs across repositories/profiles/tasks isolate snapshots and preserve A across update to B
ok 332 - 50 simultaneously live runs across repositories/profiles/tasks isolate snapshots and preserve A across update to B
  ---
  duration_ms: 9970.265625
  type: 'test'
  ...
# Subtest: cross-repository and same-repository profiles stay isolated with task overrides; next unscoped run has no residue
ok 333 - cross-repository and same-repository profiles stay isolated with task overrides; next unscoped run has no residue
  ---
  duration_ms: 3526.772542
  type: 'test'
  ...
# Subtest: malformed scoped request JSON is never echoed by the HTTP error boundary
ok 334 - malformed scoped request JSON is never echoed by the HTTP error boundary
  ---
  duration_ms: 766.840458
  type: 'test'
  ...
# Subtest: streaming secret redaction preserves UTF-8 and masks literal and JSON-escaped multiline values
ok 335 - streaming secret redaction preserves UTF-8 and masks literal and JSON-escaped multiline values
  ---
  duration_ms: 232.737583
  type: 'test'
  ...
# Subtest: snapshot cleanup preserves live owners, removes stale dead owners, rejects symlinks and oversized environment
ok 336 - snapshot cleanup preserves live owners, removes stale dead owners, rejects symlinks and oversized environment
  ---
  duration_ms: 1248.286708
  type: 'test'
  ...
# Subtest: global-only execution allocates a private full snapshot
ok 337 - global-only execution allocates a private full snapshot
  ---
  duration_ms: 455.957542
  type: 'test'
  ...
# Subtest: empty data root creates v4, all bridge/core tables, and restarts without schema writes
not ok 338 - empty data root creates v4, all bridge/core tables, and restarts without schema writes
  ---
  duration_ms: 692.011625
  type: 'test'
  location: '/Users/jonhy/PersonalDatas/Codes/github/anysoft/qinglong/tests/platform/fresh-schema.test.cjs:30:1'
  failureType: 'testCodeFailure'
  error: 'TRIGGER_SCHEMA_MODEL_MISSING:TaskTriggers'
  code: 'ERR_TEST_FAILURE'
  stack: |-
    createTriggerSchema (eval at loadSecurityModule (/Users/jonhy/PersonalDatas/Codes/github/anysoft/qinglong/test/helpers/load-security-module.cjs:35:3), <anonymous>:12:19)
    eval (eval at loadSecurityModule (/Users/jonhy/PersonalDatas/Codes/github/anysoft/qinglong/test/helpers/load-security-module.cjs:35:3), <anonymous>:205:59)
    async /Users/jonhy/PersonalDatas/Codes/github/anysoft/qinglong/node_modules/.pnpm/sequelize@6.37.5_@whyour+sqlite3@1.1.2/node_modules/sequelize/src/sequelize.js:1197:18
    async initializeOperationalSchema (eval at loadSecurityModule (/Users/jonhy/PersonalDatas/Codes/github/anysoft/qinglong/test/helpers/load-security-module.cjs:35:3), <anonymous>:60:5)
    async TestContext.<anonymous> (/Users/jonhy/PersonalDatas/Codes/github/anysoft/qinglong/tests/platform/fresh-schema.test.cjs:28:3)
    async Test.run (node:internal/test_runner/test:1054:7)
    async startSubtestAfterBootstrap (node:internal/test_runner/harness:296:3)
  ...
# Subtest: unknown nonempty database fails closed and preserves rows and schema
ok 339 - unknown nonempty database fails closed and preserves rows and schema
  ---
  duration_ms: 176.599333
  type: 'test'
  ...
# Subtest: partial DDL failure rolls back all objects and allows a clean retry
not ok 340 - partial DDL failure rolls back all objects and allows a clean retry
  ---
  duration_ms: 434.513916
  type: 'test'
  location: '/Users/jonhy/PersonalDatas/Codes/github/anysoft/qinglong/tests/platform/fresh-schema.test.cjs:54:1'
  failureType: 'testCodeFailure'
  error: |-
    The input did not match the regular expression /INJECTED_DDL_FAILURE/. Input:
    
    'Error: TRIGGER_SCHEMA_MODEL_MISSING:TaskTriggers'
    
  code: 'ERR_ASSERTION'
  name: 'AssertionError'
  expected:
  actual:
  error: 'TRIGGER_SCHEMA_MODEL_MISSING:TaskTriggers'
  stack: |-
    createTriggerSchema (eval at loadSecurityModule (/Users/jonhy/PersonalDatas/Codes/github/anysoft/qinglong/test/helpers/load-security-module.cjs:35:3), <anonymous>:12:19)
    eval (eval at loadSecurityModule (/Users/jonhy/PersonalDatas/Codes/github/anysoft/qinglong/test/helpers/load-security-module.cjs:35:3), <anonymous>:205:59)
    async /Users/jonhy/PersonalDatas/Codes/github/anysoft/qinglong/node_modules/.pnpm/sequelize@6.37.5_@whyour+sqlite3@1.1.2/node_modules/sequelize/src/sequelize.js:1197:18
    async initializeOperationalSchema (eval at loadSecurityModule (/Users/jonhy/PersonalDatas/Codes/github/anysoft/qinglong/test/helpers/load-security-module.cjs:35:3), <anonymous>:60:5)
    async waitForActual (node:assert:644:5)
    async Function.rejects (node:assert:767:25)
    async TestContext.<anonymous> (/Users/jonhy/PersonalDatas/Codes/github/anysoft/qinglong/tests/platform/fresh-schema.test.cjs:53:3)
    async Test.run (node:internal/test_runner/test:1054:7)
    async Test.processPendingSubtests (node:internal/test_runner/test:744:7)
  operator: 'rejects'
  stack: |-
    async TestContext.<anonymous> (/Users/jonhy/PersonalDatas/Codes/github/anysoft/qinglong/tests/platform/fresh-schema.test.cjs:53:3)
    async Test.run (node:internal/test_runner/test:1054:7)
    async Test.processPendingSubtests (node:internal/test_runner/test:744:7)
  ...
# Subtest: unexpected schema objects are rejected on restart
not ok 341 - unexpected schema objects are rejected on restart
  ---
  duration_ms: 429.455333
  type: 'test'
  location: '/Users/jonhy/PersonalDatas/Codes/github/anysoft/qinglong/tests/platform/fresh-schema.test.cjs:64:1'
  failureType: 'testCodeFailure'
  error: 'TRIGGER_SCHEMA_MODEL_MISSING:TaskTriggers'
  code: 'ERR_TEST_FAILURE'
  stack: |-
    createTriggerSchema (eval at loadSecurityModule (/Users/jonhy/PersonalDatas/Codes/github/anysoft/qinglong/test/helpers/load-security-module.cjs:35:3), <anonymous>:12:19)
    eval (eval at loadSecurityModule (/Users/jonhy/PersonalDatas/Codes/github/anysoft/qinglong/test/helpers/load-security-module.cjs:35:3), <anonymous>:205:59)
    async /Users/jonhy/PersonalDatas/Codes/github/anysoft/qinglong/node_modules/.pnpm/sequelize@6.37.5_@whyour+sqlite3@1.1.2/node_modules/sequelize/src/sequelize.js:1197:18
    async initializeOperationalSchema (eval at loadSecurityModule (/Users/jonhy/PersonalDatas/Codes/github/anysoft/qinglong/test/helpers/load-security-module.cjs:35:3), <anonymous>:60:5)
    async TestContext.<anonymous> (/Users/jonhy/PersonalDatas/Codes/github/anysoft/qinglong/tests/platform/fresh-schema.test.cjs:60:3)
    async Test.run (node:internal/test_runner/test:1054:7)
    async Test.processPendingSubtests (node:internal/test_runner/test:744:7)
  ...
# Subtest: fresh directory bootstrap refuses symlinked database directory
ok 342 - fresh directory bootstrap refuses symlinked database directory
  ---
  duration_ms: 9.45475
  type: 'test'
  ...
# Subtest: worktree deletion DB failure is recoverable by reconstruction without resetting local history
ok 343 - worktree deletion DB failure is recoverable by reconstruction without resetting local history
  ---
  duration_ms: 9597.260708
  type: 'test'
  ...
# Subtest: repository delete can retry after filesystem success and DB failure
ok 344 - repository delete can retry after filesystem success and DB failure
  ---
  duration_ms: 3708.737542
  type: 'test'
  ...
# Subtest: operation timeout persists ERROR and releases mutation lease
ok 345 - operation timeout persists ERROR and releases mutation lease
  ---
  duration_ms: 2208.90075
  type: 'test'
  ...
# Subtest: ignored files and symlink replacement protect user data; orphan worktrees are diagnosed
ok 346 - ignored files and symlink replacement protect user data; orphan worktrees are diagnosed
  ---
  duration_ms: 3469.3795
  type: 'test'
  ...
# Subtest: remote spelling changes preserve identity, storage and subscription references
ok 347 - remote spelling changes preserve identity, storage and subscription references
  ---
  duration_ms: 2003.441458
  type: 'test'
  ...
# Subtest: Git core.worktree override cannot redirect status or mutations outside managed checkout
ok 348 - Git core.worktree override cannot redirect status or mutations outside managed checkout
  ---
  duration_ms: 2580.961458
  type: 'test'
  ...
# Subtest: dependency command generation retains global Node and optional Python prefix without installing packages
ok 349 - dependency command generation retains global Node and optional Python prefix without installing packages
  ---
  duration_ms: 625.723708
  type: 'test'
  ...
# Subtest: real node-schedule trigger reaches production runTask and drains stdout/stderr
ok 350 - real node-schedule trigger reaches production runTask and drains stdout/stderr
  ---
  duration_ms: 282.46475
  type: 'test'
  ...
# Subtest: repository required at domain and DB boundaries; obsolete API fields cannot become persisted columns
not ok 351 - repository required at domain and DB boundaries; obsolete API fields cannot become persisted columns
  ---
  duration_ms: 1730.113291
  type: 'test'
  location: '/Users/jonhy/PersonalDatas/Codes/github/anysoft/qinglong/tests/platform/subscription-domain.test.cjs:23:1'
  failureType: 'testCodeFailure'
  error: 'The "path" argument must be of type string. Received undefined'
  code: 'ERR_INVALID_ARG_TYPE'
  name: 'TypeError'
  stack: |-
    Object.join (node:path:1354:7)
    eval (eval at loadSecurityModule (/Users/jonhy/PersonalDatas/Codes/github/anysoft/qinglong/test/helpers/load-security-module.cjs:35:3), <anonymous>:34:30)
    loadSecurityModule (/Users/jonhy/PersonalDatas/Codes/github/anysoft/qinglong/test/helpers/load-security-module.cjs:35:72)
    requireModule (/Users/jonhy/PersonalDatas/Codes/github/anysoft/qinglong/test/helpers/load-security-module.cjs:21:16)
    eval (eval at loadSecurityModule (/Users/jonhy/PersonalDatas/Codes/github/anysoft/qinglong/test/helpers/load-security-module.cjs:35:3), <anonymous>:22:34)
    loadSecurityModule (/Users/jonhy/PersonalDatas/Codes/github/anysoft/qinglong/test/helpers/load-security-module.cjs:35:72)
    requireModule (/Users/jonhy/PersonalDatas/Codes/github/anysoft/qinglong/test/helpers/load-security-module.cjs:21:16)
    eval (eval at loadSecurityModule (/Users/jonhy/PersonalDatas/Codes/github/anysoft/qinglong/test/helpers/load-security-module.cjs:35:3), <anonymous>:21:48)
    loadSecurityModule (/Users/jonhy/PersonalDatas/Codes/github/anysoft/qinglong/test/helpers/load-security-module.cjs:35:72)
    requireModule (/Users/jonhy/PersonalDatas/Codes/github/anysoft/qinglong/test/helpers/load-security-module.cjs:21:16)
  ...
# Subtest: CRUD, cron/interval registration, manual dispatch, stop and ID log identity use one pipeline
not ok 352 - CRUD, cron/interval registration, manual dispatch, stop and ID log identity use one pipeline
  ---
  duration_ms: 851.826458
  type: 'test'
  location: '/Users/jonhy/PersonalDatas/Codes/github/anysoft/qinglong/tests/platform/subscription-domain.test.cjs:32:1'
  failureType: 'testCodeFailure'
  error: 'The "path" argument must be of type string. Received undefined'
  code: 'ERR_INVALID_ARG_TYPE'
  name: 'TypeError'
  stack: |-
    Object.join (node:path:1354:7)
    eval (eval at loadSecurityModule (/Users/jonhy/PersonalDatas/Codes/github/anysoft/qinglong/test/helpers/load-security-module.cjs:35:3), <anonymous>:34:30)
    loadSecurityModule (/Users/jonhy/PersonalDatas/Codes/github/anysoft/qinglong/test/helpers/load-security-module.cjs:35:72)
    requireModule (/Users/jonhy/PersonalDatas/Codes/github/anysoft/qinglong/test/helpers/load-security-module.cjs:21:16)
    eval (eval at loadSecurityModule (/Users/jonhy/PersonalDatas/Codes/github/anysoft/qinglong/test/helpers/load-security-module.cjs:35:3), <anonymous>:22:34)
    loadSecurityModule (/Users/jonhy/PersonalDatas/Codes/github/anysoft/qinglong/test/helpers/load-security-module.cjs:35:72)
    requireModule (/Users/jonhy/PersonalDatas/Codes/github/anysoft/qinglong/test/helpers/load-security-module.cjs:21:16)
    eval (eval at loadSecurityModule (/Users/jonhy/PersonalDatas/Codes/github/anysoft/qinglong/test/helpers/load-security-module.cjs:35:3), <anonymous>:21:48)
    loadSecurityModule (/Users/jonhy/PersonalDatas/Codes/github/anysoft/qinglong/test/helpers/load-security-module.cjs:35:72)
    requireModule (/Users/jonhy/PersonalDatas/Codes/github/anysoft/qinglong/test/helpers/load-security-module.cjs:21:16)
  ...
# Subtest: only repository credential is resolved; disabled credential fails instead of anonymous fallback
not ok 353 - only repository credential is resolved; disabled credential fails instead of anonymous fallback
  ---
  duration_ms: 708.973417
  type: 'test'
  location: '/Users/jonhy/PersonalDatas/Codes/github/anysoft/qinglong/tests/platform/subscription-domain.test.cjs:61:1'
  failureType: 'testCodeFailure'
  error: 'The "path" argument must be of type string. Received undefined'
  code: 'ERR_INVALID_ARG_TYPE'
  name: 'TypeError'
  stack: |-
    Object.join (node:path:1354:7)
    eval (eval at loadSecurityModule (/Users/jonhy/PersonalDatas/Codes/github/anysoft/qinglong/test/helpers/load-security-module.cjs:35:3), <anonymous>:34:30)
    loadSecurityModule (/Users/jonhy/PersonalDatas/Codes/github/anysoft/qinglong/test/helpers/load-security-module.cjs:35:72)
    requireModule (/Users/jonhy/PersonalDatas/Codes/github/anysoft/qinglong/test/helpers/load-security-module.cjs:21:16)
    eval (eval at loadSecurityModule (/Users/jonhy/PersonalDatas/Codes/github/anysoft/qinglong/test/helpers/load-security-module.cjs:35:3), <anonymous>:22:34)
    loadSecurityModule (/Users/jonhy/PersonalDatas/Codes/github/anysoft/qinglong/test/helpers/load-security-module.cjs:35:72)
    requireModule (/Users/jonhy/PersonalDatas/Codes/github/anysoft/qinglong/test/helpers/load-security-module.cjs:21:16)
    eval (eval at loadSecurityModule (/Users/jonhy/PersonalDatas/Codes/github/anysoft/qinglong/test/helpers/load-security-module.cjs:35:3), <anonymous>:21:48)
    loadSecurityModule (/Users/jonhy/PersonalDatas/Codes/github/anysoft/qinglong/test/helpers/load-security-module.cjs:35:72)
    requireModule (/Users/jonhy/PersonalDatas/Codes/github/anysoft/qinglong/test/helpers/load-security-module.cjs:21:16)
  ...
# Subtest: staging Bash timeout kills its process group and releases the existing POSIX lease
ok 354 - staging Bash timeout kills its process group and releases the existing POSIX lease
  ---
  duration_ms: 2055.378125
  type: 'test'
  ...
# Subtest: preflight refuses an execution lease instead of accepting cached clean status
not ok 355 - preflight refuses an execution lease instead of accepting cached clean status
  ---
  duration_ms: 6925.829375
  type: 'test'
  location: '/Users/jonhy/PersonalDatas/Codes/github/anysoft/qinglong/tests/platform/subscription-lease.test.cjs:6:1'
  failureType: 'testCodeFailure'
  error: 'The "path" argument must be of type string. Received undefined'
  code: 'ERR_INVALID_ARG_TYPE'
  name: 'TypeError'
  stack: |-
    Object.join (node:path:1354:7)
    eval (eval at loadSecurityModule (/Users/jonhy/PersonalDatas/Codes/github/anysoft/qinglong/test/helpers/load-security-module.cjs:35:3), <anonymous>:34:30)
    loadSecurityModule (/Users/jonhy/PersonalDatas/Codes/github/anysoft/qinglong/test/helpers/load-security-module.cjs:35:72)
    requireModule (/Users/jonhy/PersonalDatas/Codes/github/anysoft/qinglong/test/helpers/load-security-module.cjs:21:16)
    eval (eval at loadSecurityModule (/Users/jonhy/PersonalDatas/Codes/github/anysoft/qinglong/test/helpers/load-security-module.cjs:35:3), <anonymous>:22:34)
    loadSecurityModule (/Users/jonhy/PersonalDatas/Codes/github/anysoft/qinglong/test/helpers/load-security-module.cjs:35:72)
    requireModule (/Users/jonhy/PersonalDatas/Codes/github/anysoft/qinglong/test/helpers/load-security-module.cjs:21:16)
    eval (eval at loadSecurityModule (/Users/jonhy/PersonalDatas/Codes/github/anysoft/qinglong/test/helpers/load-security-module.cjs:35:3), <anonymous>:21:48)
    loadSecurityModule (/Users/jonhy/PersonalDatas/Codes/github/anysoft/qinglong/test/helpers/load-security-module.cjs:35:72)
    requireModule (/Users/jonhy/PersonalDatas/Codes/github/anysoft/qinglong/test/helpers/load-security-module.cjs:21:16)
  ...
# Subtest: repository-only prepare, first sync, no-change retry and FF update retain stable namespace
not ok 356 - repository-only prepare, first sync, no-change retry and FF update retain stable namespace
  ---
  duration_ms: 1574.048417
  type: 'test'
  location: '/Users/jonhy/PersonalDatas/Codes/github/anysoft/qinglong/tests/platform/subscription-pipeline.test.cjs:28:1'
  failureType: 'testCodeFailure'
  error: 'The "path" argument must be of type string. Received undefined'
  code: 'ERR_INVALID_ARG_TYPE'
  name: 'TypeError'
  stack: |-
    Object.join (node:path:1354:7)
    eval (eval at loadSecurityModule (/Users/jonhy/PersonalDatas/Codes/github/anysoft/qinglong/test/helpers/load-security-module.cjs:35:3), <anonymous>:34:30)
    loadSecurityModule (/Users/jonhy/PersonalDatas/Codes/github/anysoft/qinglong/test/helpers/load-security-module.cjs:35:72)
    requireModule (/Users/jonhy/PersonalDatas/Codes/github/anysoft/qinglong/test/helpers/load-security-module.cjs:21:16)
    eval (eval at loadSecurityModule (/Users/jonhy/PersonalDatas/Codes/github/anysoft/qinglong/test/helpers/load-security-module.cjs:35:3), <anonymous>:22:34)
    loadSecurityModule (/Users/jonhy/PersonalDatas/Codes/github/anysoft/qinglong/test/helpers/load-security-module.cjs:35:72)
    requireModule (/Users/jonhy/PersonalDatas/Codes/github/anysoft/qinglong/test/helpers/load-security-module.cjs:21:16)
    eval (eval at loadSecurityModule (/Users/jonhy/PersonalDatas/Codes/github/anysoft/qinglong/test/helpers/load-security-module.cjs:35:3), <anonymous>:21:48)
    loadSecurityModule (/Users/jonhy/PersonalDatas/Codes/github/anysoft/qinglong/test/helpers/load-security-module.cjs:35:72)
    requireModule (/Users/jonhy/PersonalDatas/Codes/github/anysoft/qinglong/test/helpers/load-security-module.cjs:21:16)
  ...
# Subtest: dirty Worktree preserves last scripts and Tasks
not ok 357 - dirty Worktree preserves last scripts and Tasks
  ---
  duration_ms: 832.409417
  type: 'test'
  location: '/Users/jonhy/PersonalDatas/Codes/github/anysoft/qinglong/tests/platform/subscription-pipeline.test.cjs:50:5'
  failureType: 'testCodeFailure'
  error: 'The "path" argument must be of type string. Received undefined'
  code: 'ERR_INVALID_ARG_TYPE'
  name: 'TypeError'
  stack: |-
    Object.join (node:path:1354:7)
    eval (eval at loadSecurityModule (/Users/jonhy/PersonalDatas/Codes/github/anysoft/qinglong/test/helpers/load-security-module.cjs:35:3), <anonymous>:34:30)
    loadSecurityModule (/Users/jonhy/PersonalDatas/Codes/github/anysoft/qinglong/test/helpers/load-security-module.cjs:35:72)
    requireModule (/Users/jonhy/PersonalDatas/Codes/github/anysoft/qinglong/test/helpers/load-security-module.cjs:21:16)
    eval (eval at loadSecurityModule (/Users/jonhy/PersonalDatas/Codes/github/anysoft/qinglong/test/helpers/load-security-module.cjs:35:3), <anonymous>:22:34)
    loadSecurityModule (/Users/jonhy/PersonalDatas/Codes/github/anysoft/qinglong/test/helpers/load-security-module.cjs:35:72)
    requireModule (/Users/jonhy/PersonalDatas/Codes/github/anysoft/qinglong/test/helpers/load-security-module.cjs:21:16)
    eval (eval at loadSecurityModule (/Users/jonhy/PersonalDatas/Codes/github/anysoft/qinglong/test/helpers/load-security-module.cjs:35:3), <anonymous>:21:48)
    loadSecurityModule (/Users/jonhy/PersonalDatas/Codes/github/anysoft/qinglong/test/helpers/load-security-module.cjs:35:72)
    requireModule (/Users/jonhy/PersonalDatas/Codes/github/anysoft/qinglong/test/helpers/load-security-module.cjs:21:16)
  ...
# Subtest: untracked Worktree preserves last scripts and Tasks
not ok 358 - untracked Worktree preserves last scripts and Tasks
  ---
  duration_ms: 716.242708
  type: 'test'
  location: '/Users/jonhy/PersonalDatas/Codes/github/anysoft/qinglong/tests/platform/subscription-pipeline.test.cjs:50:5'
  failureType: 'testCodeFailure'
  error: 'The "path" argument must be of type string. Received undefined'
  code: 'ERR_INVALID_ARG_TYPE'
  name: 'TypeError'
  stack: |-
    Object.join (node:path:1354:7)
    eval (eval at loadSecurityModule (/Users/jonhy/PersonalDatas/Codes/github/anysoft/qinglong/test/helpers/load-security-module.cjs:35:3), <anonymous>:34:30)
    loadSecurityModule (/Users/jonhy/PersonalDatas/Codes/github/anysoft/qinglong/test/helpers/load-security-module.cjs:35:72)
    requireModule (/Users/jonhy/PersonalDatas/Codes/github/anysoft/qinglong/test/helpers/load-security-module.cjs:21:16)
    eval (eval at loadSecurityModule (/Users/jonhy/PersonalDatas/Codes/github/anysoft/qinglong/test/helpers/load-security-module.cjs:35:3), <anonymous>:22:34)
    loadSecurityModule (/Users/jonhy/PersonalDatas/Codes/github/anysoft/qinglong/test/helpers/load-security-module.cjs:35:72)
    requireModule (/Users/jonhy/PersonalDatas/Codes/github/anysoft/qinglong/test/helpers/load-security-module.cjs:21:16)
    eval (eval at loadSecurityModule (/Users/jonhy/PersonalDatas/Codes/github/anysoft/qinglong/test/helpers/load-security-module.cjs:35:3), <anonymous>:21:48)
    loadSecurityModule (/Users/jonhy/PersonalDatas/Codes/github/anysoft/qinglong/test/helpers/load-security-module.cjs:35:72)
    requireModule (/Users/jonhy/PersonalDatas/Codes/github/anysoft/qinglong/test/helpers/load-security-module.cjs:21:16)
  ...
# Subtest: ahead Worktree preserves last scripts and Tasks
not ok 359 - ahead Worktree preserves last scripts and Tasks
  ---
  duration_ms: 1539.275917
  type: 'test'
  location: '/Users/jonhy/PersonalDatas/Codes/github/anysoft/qinglong/tests/platform/subscription-pipeline.test.cjs:50:5'
  failureType: 'testCodeFailure'
  error: 'The "path" argument must be of type string. Received undefined'
  code: 'ERR_INVALID_ARG_TYPE'
  name: 'TypeError'
  stack: |-
    Object.join (node:path:1354:7)
    eval (eval at loadSecurityModule (/Users/jonhy/PersonalDatas/Codes/github/anysoft/qinglong/test/helpers/load-security-module.cjs:35:3), <anonymous>:34:30)
    loadSecurityModule (/Users/jonhy/PersonalDatas/Codes/github/anysoft/qinglong/test/helpers/load-security-module.cjs:35:72)
    requireModule (/Users/jonhy/PersonalDatas/Codes/github/anysoft/qinglong/test/helpers/load-security-module.cjs:21:16)
    eval (eval at loadSecurityModule (/Users/jonhy/PersonalDatas/Codes/github/anysoft/qinglong/test/helpers/load-security-module.cjs:35:3), <anonymous>:22:34)
    loadSecurityModule (/Users/jonhy/PersonalDatas/Codes/github/anysoft/qinglong/test/helpers/load-security-module.cjs:35:72)
    requireModule (/Users/jonhy/PersonalDatas/Codes/github/anysoft/qinglong/test/helpers/load-security-module.cjs:21:16)
    eval (eval at loadSecurityModule (/Users/jonhy/PersonalDatas/Codes/github/anysoft/qinglong/test/helpers/load-security-module.cjs:35:3), <anonymous>:21:48)
    loadSecurityModule (/Users/jonhy/PersonalDatas/Codes/github/anysoft/qinglong/test/helpers/load-security-module.cjs:35:72)
    requireModule (/Users/jonhy/PersonalDatas/Codes/github/anysoft/qinglong/test/helpers/load-security-module.cjs:21:16)
  ...
# Subtest: missing Worktree preserves last scripts and Tasks
not ok 360 - missing Worktree preserves last scripts and Tasks
  ---
  duration_ms: 5242.090541
  type: 'test'
  location: '/Users/jonhy/PersonalDatas/Codes/github/anysoft/qinglong/tests/platform/subscription-pipeline.test.cjs:50:5'
  failureType: 'testCodeFailure'
  error: 'The "path" argument must be of type string. Received undefined'
  code: 'ERR_INVALID_ARG_TYPE'
  name: 'TypeError'
  stack: |-
    Object.join (node:path:1354:7)
    eval (eval at loadSecurityModule (/Users/jonhy/PersonalDatas/Codes/github/anysoft/qinglong/test/helpers/load-security-module.cjs:35:3), <anonymous>:34:30)
    loadSecurityModule (/Users/jonhy/PersonalDatas/Codes/github/anysoft/qinglong/test/helpers/load-security-module.cjs:35:72)
    requireModule (/Users/jonhy/PersonalDatas/Codes/github/anysoft/qinglong/test/helpers/load-security-module.cjs:21:16)
    eval (eval at loadSecurityModule (/Users/jonhy/PersonalDatas/Codes/github/anysoft/qinglong/test/helpers/load-security-module.cjs:35:3), <anonymous>:22:34)
    loadSecurityModule (/Users/jonhy/PersonalDatas/Codes/github/anysoft/qinglong/test/helpers/load-security-module.cjs:35:72)
    requireModule (/Users/jonhy/PersonalDatas/Codes/github/anysoft/qinglong/test/helpers/load-security-module.cjs:21:16)
    eval (eval at loadSecurityModule (/Users/jonhy/PersonalDatas/Codes/github/anysoft/qinglong/test/helpers/load-security-module.cjs:35:3), <anonymous>:21:48)
    loadSecurityModule (/Users/jonhy/PersonalDatas/Codes/github/anysoft/qinglong/test/helpers/load-security-module.cjs:35:72)
    requireModule (/Users/jonhy/PersonalDatas/Codes/github/anysoft/qinglong/test/helpers/load-security-module.cjs:21:16)
  ...
# Subtest: detached Worktree preserves last scripts and Tasks
not ok 361 - detached Worktree preserves last scripts and Tasks
  ---
  duration_ms: 753.413709
  type: 'test'
  location: '/Users/jonhy/PersonalDatas/Codes/github/anysoft/qinglong/tests/platform/subscription-pipeline.test.cjs:50:5'
  failureType: 'testCodeFailure'
  error: 'The "path" argument must be of type string. Received undefined'
  code: 'ERR_INVALID_ARG_TYPE'
  name: 'TypeError'
  stack: |-
    Object.join (node:path:1354:7)
    eval (eval at loadSecurityModule (/Users/jonhy/PersonalDatas/Codes/github/anysoft/qinglong/test/helpers/load-security-module.cjs:35:3), <anonymous>:34:30)
    loadSecurityModule (/Users/jonhy/PersonalDatas/Codes/github/anysoft/qinglong/test/helpers/load-security-module.cjs:35:72)
    requireModule (/Users/jonhy/PersonalDatas/Codes/github/anysoft/qinglong/test/helpers/load-security-module.cjs:21:16)
    eval (eval at loadSecurityModule (/Users/jonhy/PersonalDatas/Codes/github/anysoft/qinglong/test/helpers/load-security-module.cjs:35:3), <anonymous>:22:34)
    loadSecurityModule (/Users/jonhy/PersonalDatas/Codes/github/anysoft/qinglong/test/helpers/load-security-module.cjs:35:72)
    requireModule (/Users/jonhy/PersonalDatas/Codes/github/anysoft/qinglong/test/helpers/load-security-module.cjs:21:16)
    eval (eval at loadSecurityModule (/Users/jonhy/PersonalDatas/Codes/github/anysoft/qinglong/test/helpers/load-security-module.cjs:35:3), <anonymous>:21:48)
    loadSecurityModule (/Users/jonhy/PersonalDatas/Codes/github/anysoft/qinglong/test/helpers/load-security-module.cjs:35:72)
    requireModule (/Users/jonhy/PersonalDatas/Codes/github/anysoft/qinglong/test/helpers/load-security-module.cjs:21:16)
  ...
# Subtest: discovery failure preserves last good state and retry at same commit succeeds
not ok 362 - discovery failure preserves last good state and retry at same commit succeeds
  ---
  duration_ms: 552.0175
  type: 'test'
  location: '/Users/jonhy/PersonalDatas/Codes/github/anysoft/qinglong/tests/platform/subscription-pipeline.test.cjs:72:1'
  failureType: 'testCodeFailure'
  error: 'The "path" argument must be of type string. Received undefined'
  code: 'ERR_INVALID_ARG_TYPE'
  name: 'TypeError'
  stack: |-
    Object.join (node:path:1354:7)
    eval (eval at loadSecurityModule (/Users/jonhy/PersonalDatas/Codes/github/anysoft/qinglong/test/helpers/load-security-module.cjs:35:3), <anonymous>:34:30)
    loadSecurityModule (/Users/jonhy/PersonalDatas/Codes/github/anysoft/qinglong/test/helpers/load-security-module.cjs:35:72)
    requireModule (/Users/jonhy/PersonalDatas/Codes/github/anysoft/qinglong/test/helpers/load-security-module.cjs:21:16)
    eval (eval at loadSecurityModule (/Users/jonhy/PersonalDatas/Codes/github/anysoft/qinglong/test/helpers/load-security-module.cjs:35:3), <anonymous>:22:34)
    loadSecurityModule (/Users/jonhy/PersonalDatas/Codes/github/anysoft/qinglong/test/helpers/load-security-module.cjs:35:72)
    requireModule (/Users/jonhy/PersonalDatas/Codes/github/anysoft/qinglong/test/helpers/load-security-module.cjs:21:16)
    eval (eval at loadSecurityModule (/Users/jonhy/PersonalDatas/Codes/github/anysoft/qinglong/test/helpers/load-security-module.cjs:35:3), <anonymous>:21:48)
    loadSecurityModule (/Users/jonhy/PersonalDatas/Codes/github/anysoft/qinglong/test/helpers/load-security-module.cjs:35:72)
    requireModule (/Users/jonhy/PersonalDatas/Codes/github/anysoft/qinglong/test/helpers/load-security-module.cjs:21:16)
  ...
# Subtest: shared repository/branch binding is retained and blocks worktree deletion
not ok 363 - shared repository/branch binding is retained and blocks worktree deletion
  ---
  duration_ms: 529.144792
  type: 'test'
  location: '/Users/jonhy/PersonalDatas/Codes/github/anysoft/qinglong/tests/platform/subscription-pipeline.test.cjs:84:1'
  failureType: 'testCodeFailure'
  error: 'The "path" argument must be of type string. Received undefined'
  code: 'ERR_INVALID_ARG_TYPE'
  name: 'TypeError'
  stack: |-
    Object.join (node:path:1354:7)
    eval (eval at loadSecurityModule (/Users/jonhy/PersonalDatas/Codes/github/anysoft/qinglong/test/helpers/load-security-module.cjs:35:3), <anonymous>:34:30)
    loadSecurityModule (/Users/jonhy/PersonalDatas/Codes/github/anysoft/qinglong/test/helpers/load-security-module.cjs:35:72)
    requireModule (/Users/jonhy/PersonalDatas/Codes/github/anysoft/qinglong/test/helpers/load-security-module.cjs:21:16)
    eval (eval at loadSecurityModule (/Users/jonhy/PersonalDatas/Codes/github/anysoft/qinglong/test/helpers/load-security-module.cjs:35:3), <anonymous>:22:34)
    loadSecurityModule (/Users/jonhy/PersonalDatas/Codes/github/anysoft/qinglong/test/helpers/load-security-module.cjs:35:72)
    requireModule (/Users/jonhy/PersonalDatas/Codes/github/anysoft/qinglong/test/helpers/load-security-module.cjs:21:16)
    eval (eval at loadSecurityModule (/Users/jonhy/PersonalDatas/Codes/github/anysoft/qinglong/test/helpers/load-security-module.cjs:35:3), <anonymous>:21:48)
    loadSecurityModule (/Users/jonhy/PersonalDatas/Codes/github/anysoft/qinglong/test/helpers/load-security-module.cjs:35:72)
    requireModule (/Users/jonhy/PersonalDatas/Codes/github/anysoft/qinglong/test/helpers/load-security-module.cjs:21:16)
  ...
# Subtest: fetch, scanner, copy and Cron failures preserve Tasks; every failure can retry
not ok 364 - fetch, scanner, copy and Cron failures preserve Tasks; every failure can retry
  ---
  duration_ms: 526.157625
  type: 'test'
  location: '/Users/jonhy/PersonalDatas/Codes/github/anysoft/qinglong/tests/platform/subscription-pipeline.test.cjs:99:1'
  failureType: 'testCodeFailure'
  error: 'The "path" argument must be of type string. Received undefined'
  code: 'ERR_INVALID_ARG_TYPE'
  name: 'TypeError'
  stack: |-
    Object.join (node:path:1354:7)
    eval (eval at loadSecurityModule (/Users/jonhy/PersonalDatas/Codes/github/anysoft/qinglong/test/helpers/load-security-module.cjs:35:3), <anonymous>:34:30)
    loadSecurityModule (/Users/jonhy/PersonalDatas/Codes/github/anysoft/qinglong/test/helpers/load-security-module.cjs:35:72)
    requireModule (/Users/jonhy/PersonalDatas/Codes/github/anysoft/qinglong/test/helpers/load-security-module.cjs:21:16)
    eval (eval at loadSecurityModule (/Users/jonhy/PersonalDatas/Codes/github/anysoft/qinglong/test/helpers/load-security-module.cjs:35:3), <anonymous>:22:34)
    loadSecurityModule (/Users/jonhy/PersonalDatas/Codes/github/anysoft/qinglong/test/helpers/load-security-module.cjs:35:72)
    requireModule (/Users/jonhy/PersonalDatas/Codes/github/anysoft/qinglong/test/helpers/load-security-module.cjs:21:16)
    eval (eval at loadSecurityModule (/Users/jonhy/PersonalDatas/Codes/github/anysoft/qinglong/test/helpers/load-security-module.cjs:35:3), <anonymous>:21:48)
    loadSecurityModule (/Users/jonhy/PersonalDatas/Codes/github/anysoft/qinglong/test/helpers/load-security-module.cjs:35:72)
    requireModule (/Users/jonhy/PersonalDatas/Codes/github/anysoft/qinglong/test/helpers/load-security-module.cjs:21:16)
  ...
# Subtest: Managed leases block overlapping sync, update and binding changes
not ok 365 - Managed leases block overlapping sync, update and binding changes
  ---
  duration_ms: 523.630209
  type: 'test'
  location: '/Users/jonhy/PersonalDatas/Codes/github/anysoft/qinglong/tests/platform/subscription-pipeline.test.cjs:155:1'
  failureType: 'testCodeFailure'
  error: 'The "path" argument must be of type string. Received undefined'
  code: 'ERR_INVALID_ARG_TYPE'
  name: 'TypeError'
  stack: |-
    Object.join (node:path:1354:7)
    eval (eval at loadSecurityModule (/Users/jonhy/PersonalDatas/Codes/github/anysoft/qinglong/test/helpers/load-security-module.cjs:35:3), <anonymous>:34:30)
    loadSecurityModule (/Users/jonhy/PersonalDatas/Codes/github/anysoft/qinglong/test/helpers/load-security-module.cjs:35:72)
    requireModule (/Users/jonhy/PersonalDatas/Codes/github/anysoft/qinglong/test/helpers/load-security-module.cjs:21:16)
    eval (eval at loadSecurityModule (/Users/jonhy/PersonalDatas/Codes/github/anysoft/qinglong/test/helpers/load-security-module.cjs:35:3), <anonymous>:22:34)
    loadSecurityModule (/Users/jonhy/PersonalDatas/Codes/github/anysoft/qinglong/test/helpers/load-security-module.cjs:35:72)
    requireModule (/Users/jonhy/PersonalDatas/Codes/github/anysoft/qinglong/test/helpers/load-security-module.cjs:21:16)
    eval (eval at loadSecurityModule (/Users/jonhy/PersonalDatas/Codes/github/anysoft/qinglong/test/helpers/load-security-module.cjs:35:3), <anonymous>:21:48)
    loadSecurityModule (/Users/jonhy/PersonalDatas/Codes/github/anysoft/qinglong/test/helpers/load-security-module.cjs:35:72)
    requireModule (/Users/jonhy/PersonalDatas/Codes/github/anysoft/qinglong/test/helpers/load-security-module.cjs:21:16)
  ...
# Subtest: symlink source is refused without reading or copying outside data root
not ok 366 - symlink source is refused without reading or copying outside data root
  ---
  duration_ms: 575.21975
  type: 'test'
  location: '/Users/jonhy/PersonalDatas/Codes/github/anysoft/qinglong/tests/platform/subscription-pipeline.test.cjs:169:1'
  failureType: 'testCodeFailure'
  error: 'The "path" argument must be of type string. Received undefined'
  code: 'ERR_INVALID_ARG_TYPE'
  name: 'TypeError'
  stack: |-
    Object.join (node:path:1354:7)
    eval (eval at loadSecurityModule (/Users/jonhy/PersonalDatas/Codes/github/anysoft/qinglong/test/helpers/load-security-module.cjs:35:3), <anonymous>:34:30)
    loadSecurityModule (/Users/jonhy/PersonalDatas/Codes/github/anysoft/qinglong/test/helpers/load-security-module.cjs:35:72)
    requireModule (/Users/jonhy/PersonalDatas/Codes/github/anysoft/qinglong/test/helpers/load-security-module.cjs:21:16)
    eval (eval at loadSecurityModule (/Users/jonhy/PersonalDatas/Codes/github/anysoft/qinglong/test/helpers/load-security-module.cjs:35:3), <anonymous>:22:34)
    loadSecurityModule (/Users/jonhy/PersonalDatas/Codes/github/anysoft/qinglong/test/helpers/load-security-module.cjs:35:72)
    requireModule (/Users/jonhy/PersonalDatas/Codes/github/anysoft/qinglong/test/helpers/load-security-module.cjs:21:16)
    eval (eval at loadSecurityModule (/Users/jonhy/PersonalDatas/Codes/github/anysoft/qinglong/test/helpers/load-security-module.cjs:35:3), <anonymous>:21:48)
    loadSecurityModule (/Users/jonhy/PersonalDatas/Codes/github/anysoft/qinglong/test/helpers/load-security-module.cjs:35:72)
    requireModule (/Users/jonhy/PersonalDatas/Codes/github/anysoft/qinglong/test/helpers/load-security-module.cjs:21:16)
  ...
# Subtest: branch selection creates a new binding and preserves the old Worktree
not ok 367 - branch selection creates a new binding and preserves the old Worktree
  ---
  duration_ms: 523.905208
  type: 'test'
  location: '/Users/jonhy/PersonalDatas/Codes/github/anysoft/qinglong/tests/platform/subscription-pipeline.test.cjs:181:1'
  failureType: 'testCodeFailure'
  error: 'The "path" argument must be of type string. Received undefined'
  code: 'ERR_INVALID_ARG_TYPE'
  name: 'TypeError'
  stack: |-
    Object.join (node:path:1354:7)
    eval (eval at loadSecurityModule (/Users/jonhy/PersonalDatas/Codes/github/anysoft/qinglong/test/helpers/load-security-module.cjs:35:3), <anonymous>:34:30)
    loadSecurityModule (/Users/jonhy/PersonalDatas/Codes/github/anysoft/qinglong/test/helpers/load-security-module.cjs:35:72)
    requireModule (/Users/jonhy/PersonalDatas/Codes/github/anysoft/qinglong/test/helpers/load-security-module.cjs:21:16)
    eval (eval at loadSecurityModule (/Users/jonhy/PersonalDatas/Codes/github/anysoft/qinglong/test/helpers/load-security-module.cjs:35:3), <anonymous>:22:34)
    loadSecurityModule (/Users/jonhy/PersonalDatas/Codes/github/anysoft/qinglong/test/helpers/load-security-module.cjs:35:72)
    requireModule (/Users/jonhy/PersonalDatas/Codes/github/anysoft/qinglong/test/helpers/load-security-module.cjs:21:16)
    eval (eval at loadSecurityModule (/Users/jonhy/PersonalDatas/Codes/github/anysoft/qinglong/test/helpers/load-security-module.cjs:35:3), <anonymous>:21:48)
    loadSecurityModule (/Users/jonhy/PersonalDatas/Codes/github/anysoft/qinglong/test/helpers/load-security-module.cjs:35:72)
    requireModule (/Users/jonhy/PersonalDatas/Codes/github/anysoft/qinglong/test/helpers/load-security-module.cjs:21:16)
  ...
# Subtest: branch deleted stops before scripts and Task diff
not ok 368 - branch deleted stops before scripts and Task diff
  ---
  duration_ms: 522.632083
  type: 'test'
  location: '/Users/jonhy/PersonalDatas/Codes/github/anysoft/qinglong/tests/platform/subscription-pipeline.test.cjs:199:5'
  failureType: 'testCodeFailure'
  error: 'The "path" argument must be of type string. Received undefined'
  code: 'ERR_INVALID_ARG_TYPE'
  name: 'TypeError'
  stack: |-
    Object.join (node:path:1354:7)
    eval (eval at loadSecurityModule (/Users/jonhy/PersonalDatas/Codes/github/anysoft/qinglong/test/helpers/load-security-module.cjs:35:3), <anonymous>:34:30)
    loadSecurityModule (/Users/jonhy/PersonalDatas/Codes/github/anysoft/qinglong/test/helpers/load-security-module.cjs:35:72)
    requireModule (/Users/jonhy/PersonalDatas/Codes/github/anysoft/qinglong/test/helpers/load-security-module.cjs:21:16)
    eval (eval at loadSecurityModule (/Users/jonhy/PersonalDatas/Codes/github/anysoft/qinglong/test/helpers/load-security-module.cjs:35:3), <anonymous>:22:34)
    loadSecurityModule (/Users/jonhy/PersonalDatas/Codes/github/anysoft/qinglong/test/helpers/load-security-module.cjs:35:72)
    requireModule (/Users/jonhy/PersonalDatas/Codes/github/anysoft/qinglong/test/helpers/load-security-module.cjs:21:16)
    eval (eval at loadSecurityModule (/Users/jonhy/PersonalDatas/Codes/github/anysoft/qinglong/test/helpers/load-security-module.cjs:35:3), <anonymous>:21:48)
    loadSecurityModule (/Users/jonhy/PersonalDatas/Codes/github/anysoft/qinglong/test/helpers/load-security-module.cjs:35:72)
    requireModule (/Users/jonhy/PersonalDatas/Codes/github/anysoft/qinglong/test/helpers/load-security-module.cjs:21:16)
  ...
# Subtest: force push stops before scripts and Task diff
not ok 369 - force push stops before scripts and Task diff
  ---
  duration_ms: 500.269083
  type: 'test'
  location: '/Users/jonhy/PersonalDatas/Codes/github/anysoft/qinglong/tests/platform/subscription-pipeline.test.cjs:199:5'
  failureType: 'testCodeFailure'
  error: 'The "path" argument must be of type string. Received undefined'
  code: 'ERR_INVALID_ARG_TYPE'
  name: 'TypeError'
  stack: |-
    Object.join (node:path:1354:7)
    eval (eval at loadSecurityModule (/Users/jonhy/PersonalDatas/Codes/github/anysoft/qinglong/test/helpers/load-security-module.cjs:35:3), <anonymous>:34:30)
    loadSecurityModule (/Users/jonhy/PersonalDatas/Codes/github/anysoft/qinglong/test/helpers/load-security-module.cjs:35:72)
    requireModule (/Users/jonhy/PersonalDatas/Codes/github/anysoft/qinglong/test/helpers/load-security-module.cjs:21:16)
    eval (eval at loadSecurityModule (/Users/jonhy/PersonalDatas/Codes/github/anysoft/qinglong/test/helpers/load-security-module.cjs:35:3), <anonymous>:22:34)
    loadSecurityModule (/Users/jonhy/PersonalDatas/Codes/github/anysoft/qinglong/test/helpers/load-security-module.cjs:35:72)
    requireModule (/Users/jonhy/PersonalDatas/Codes/github/anysoft/qinglong/test/helpers/load-security-module.cjs:21:16)
    eval (eval at loadSecurityModule (/Users/jonhy/PersonalDatas/Codes/github/anysoft/qinglong/test/helpers/load-security-module.cjs:35:3), <anonymous>:21:48)
    loadSecurityModule (/Users/jonhy/PersonalDatas/Codes/github/anysoft/qinglong/test/helpers/load-security-module.cjs:35:72)
    requireModule (/Users/jonhy/PersonalDatas/Codes/github/anysoft/qinglong/test/helpers/load-security-module.cjs:21:16)
  ...
# Subtest: storage missing stops before scripts and Task diff
not ok 370 - storage missing stops before scripts and Task diff
  ---
  duration_ms: 498.196625
  type: 'test'
  location: '/Users/jonhy/PersonalDatas/Codes/github/anysoft/qinglong/tests/platform/subscription-pipeline.test.cjs:199:5'
  failureType: 'testCodeFailure'
  error: 'The "path" argument must be of type string. Received undefined'
  code: 'ERR_INVALID_ARG_TYPE'
  name: 'TypeError'
  stack: |-
    Object.join (node:path:1354:7)
    eval (eval at loadSecurityModule (/Users/jonhy/PersonalDatas/Codes/github/anysoft/qinglong/test/helpers/load-security-module.cjs:35:3), <anonymous>:34:30)
    loadSecurityModule (/Users/jonhy/PersonalDatas/Codes/github/anysoft/qinglong/test/helpers/load-security-module.cjs:35:72)
    requireModule (/Users/jonhy/PersonalDatas/Codes/github/anysoft/qinglong/test/helpers/load-security-module.cjs:21:16)
    eval (eval at loadSecurityModule (/Users/jonhy/PersonalDatas/Codes/github/anysoft/qinglong/test/helpers/load-security-module.cjs:35:3), <anonymous>:22:34)
    loadSecurityModule (/Users/jonhy/PersonalDatas/Codes/github/anysoft/qinglong/test/helpers/load-security-module.cjs:35:72)
    requireModule (/Users/jonhy/PersonalDatas/Codes/github/anysoft/qinglong/test/helpers/load-security-module.cjs:21:16)
    eval (eval at loadSecurityModule (/Users/jonhy/PersonalDatas/Codes/github/anysoft/qinglong/test/helpers/load-security-module.cjs:35:3), <anonymous>:21:48)
    loadSecurityModule (/Users/jonhy/PersonalDatas/Codes/github/anysoft/qinglong/test/helpers/load-security-module.cjs:35:72)
    requireModule (/Users/jonhy/PersonalDatas/Codes/github/anysoft/qinglong/test/helpers/load-security-module.cjs:21:16)
  ...
# Subtest: disabled credential stops before scripts and Task diff
not ok 371 - disabled credential stops before scripts and Task diff
  ---
  duration_ms: 498.515417
  type: 'test'
  location: '/Users/jonhy/PersonalDatas/Codes/github/anysoft/qinglong/tests/platform/subscription-pipeline.test.cjs:199:5'
  failureType: 'testCodeFailure'
  error: 'The "path" argument must be of type string. Received undefined'
  code: 'ERR_INVALID_ARG_TYPE'
  name: 'TypeError'
  stack: |-
    Object.join (node:path:1354:7)
    eval (eval at loadSecurityModule (/Users/jonhy/PersonalDatas/Codes/github/anysoft/qinglong/test/helpers/load-security-module.cjs:35:3), <anonymous>:34:30)
    loadSecurityModule (/Users/jonhy/PersonalDatas/Codes/github/anysoft/qinglong/test/helpers/load-security-module.cjs:35:72)
    requireModule (/Users/jonhy/PersonalDatas/Codes/github/anysoft/qinglong/test/helpers/load-security-module.cjs:21:16)
    eval (eval at loadSecurityModule (/Users/jonhy/PersonalDatas/Codes/github/anysoft/qinglong/test/helpers/load-security-module.cjs:35:3), <anonymous>:22:34)
    loadSecurityModule (/Users/jonhy/PersonalDatas/Codes/github/anysoft/qinglong/test/helpers/load-security-module.cjs:35:72)
    requireModule (/Users/jonhy/PersonalDatas/Codes/github/anysoft/qinglong/test/helpers/load-security-module.cjs:21:16)
    eval (eval at loadSecurityModule (/Users/jonhy/PersonalDatas/Codes/github/anysoft/qinglong/test/helpers/load-security-module.cjs:35:3), <anonymous>:21:48)
    loadSecurityModule (/Users/jonhy/PersonalDatas/Codes/github/anysoft/qinglong/test/helpers/load-security-module.cjs:35:72)
    requireModule (/Users/jonhy/PersonalDatas/Codes/github/anysoft/qinglong/test/helpers/load-security-module.cjs:21:16)
  ...
# Subtest: actual ORM tables, automatic and manual tasks, and execution exit code in isolated SQLite
ok 372 - actual ORM tables, automatic and manual tasks, and execution exit code in isolated SQLite
  ---
  duration_ms: 1139.368458
  type: 'test'
  ...
# Subtest: managed paths use IDs, reject traversal, symlink escape and case collisions
ok 373 - managed paths use IDs, reject traversal, symlink escape and case collisions
  ---
  duration_ms: 73.079708
  type: 'test'
  ...
1..373
# tests 375
# suites 0
# pass 314
# fail 58
# cancelled 0
# skipped 3
# todo 0
# duration_ms 104416.363708
