TAP version 13
# Subtest: platform sessions validate and obsolete single-token shapes fail closed
ok 1 - platform sessions validate and obsolete single-token shapes fail closed
  ---
  duration_ms: 5.706125
  type: 'test'
  ...
# Subtest: session membership never bypasses JWT signature, expiry, algorithm or nbf
ok 2 - session membership never bypasses JWT signature, expiry, algorithm or nbf
  ---
  duration_ms: 1.765208
  type: 'test'
  ...
# Subtest: platform token metadata can shorten but cannot extend JWT expiration
ok 3 - platform token metadata can shorten but cannot extend JWT expiration
  ---
  duration_ms: 0.453042
  type: 'test'
  ...
# Subtest: passwords are salted and plaintext credentials are rejected
ok 4 - passwords are salted and plaintext credentials are rejected
  ---
  duration_ms: 229.076583
  type: 'test'
  ...
# Subtest: build verification accepts matching source and rejects stale or dirty artifacts
ok 5 - build verification accepts matching source and rejects stale or dirty artifacts
  ---
  duration_ms: 807.6105
  type: 'test'
  ...
# Subtest: release images receive the same-run artifact and verify it before use
ok 6 - release images receive the same-run artifact and verify it before use
  ---
  duration_ms: 14.461916
  type: 'test'
  ...
# Subtest: complete artifact manifests reject changed, missing, extra files and untracked build inputs
ok 7 - complete artifact manifests reject changed, missing, extra files and untracked build inputs
  ---
  duration_ms: 2649.820542
  type: 'test'
  ...
# Subtest: bridge API accepts Chinese log names and existing supported names
ok 8 - bridge API accepts Chinese log names and existing supported names
  ---
  duration_ms: 1.64775
  type: 'test'
  ...
# Subtest: bridge API still rejects unsafe relative names and excessive length
ok 9 - bridge API still rejects unsafe relative names and excessive length
  ---
  duration_ms: 3.147041
  type: 'test'
  ...
# Subtest: API restricts absolute log paths to the configured directory or /dev/null
ok 10 - API restricts absolute log paths to the configured directory or /dev/null
  ---
  duration_ms: 0.180375
  type: 'test'
  ...
# Subtest: cron validation accepts leading-zero schedules and legacy null labels
ok 11 - cron validation accepts leading-zero schedules and legacy null labels
  ---
  duration_ms: 43.397792
  type: 'test'
  ...
# Subtest: cron validation identifies invalid fields
ok 12 - cron validation identifies invalid fields
  ---
  duration_ms: 2.537417
  type: 'test'
  ...
# Subtest: today failures includes recovered and deleted tasks, excluding previous days and successes
ok 13 - today failures includes recovered and deleted tasks, excluding previous days and successes
  ---
  duration_ms: 407.862916
  type: 'test'
  ...
# Subtest: dependency listing marks cache entries missing from disk for reinstall
ok 14 - dependency listing marks cache entries missing from disk for reinstall
  ---
  duration_ms: 365.438375
  type: 'test'
  ...
# Subtest: container logging discards stdout and forwards startup errors without persistent copies
ok 15 - container logging discards stdout and forwards startup errors without persistent copies
  ---
  duration_ms: 13.240791
  type: 'test'
  ...
# Subtest: non-container installs keep the PM2 logging defaults
ok 16 - non-container installs keep the PM2 logging defaults
  ---
  duration_ms: 14.198
  type: 'test'
  ...
# Subtest: scheduler submission failure settles and next Task identity can be submitted
ok 17 - scheduler submission failure settles and next Task identity can be submitted
  ---
  duration_ms: 8.322333
  type: 'test'
  ...
# Subtest: completion waits for slow log consumers and preserves the final output
ok 18 - completion waits for slow log consumers and preserves the final output
  ---
  duration_ms: 88.119833
  type: 'test'
  ...
# Subtest: exit is not completion, and UTF-8 split across writes remains intact
ok 19 - exit is not completion, and UTF-8 split across writes remains intact
  ---
  duration_ms: 12.517667
  type: 'test'
  ...
# Subtest: failed log sink drains large output instead of blocking the child
ok 20 - failed log sink drains large output instead of blocking the child
  ---
  duration_ms: 72.3645
  type: 'test'
  ...
# Subtest: PID response keeps queue capacity occupied until cleanup completes
ok 21 - PID response keeps queue capacity occupied until cleanup completes
  ---
  duration_ms: 326.330458
  type: 'test'
  ...
# Subtest: before/error/end callback failures settle and release capacity
ok 22 - before/error/end callback failures settle and release capacity
  ---
  duration_ms: 127.083875
  type: 'test'
  ...
# Subtest: concurrent writes and closes preserve all bytes, and failed files can be closed
ok 23 - concurrent writes and closes preserve all bytes, and failed files can be closed
  ---
  duration_ms: 192.2085
  type: 'test'
  ...
# Subtest: file access enforces directory boundaries, blacklist descendants and symlinks
ok 24 - file access enforces directory boundaries, blacklist descendants and symlinks
  ---
  duration_ms: 4.887959
  type: 'test'
  ...
# Subtest: readDirs preserves the recursive tree contract and ignores blocked entries
ok 25 - readDirs preserves the recursive tree contract and ignores blocked entries
  ---
  duration_ms: 40.7145
  type: 'test'
  ...
# Subtest: gRPC cron response preserves Sequelize model fields through protobuf serialization
ok 26 - gRPC cron response preserves Sequelize model fields through protobuf serialization
  ---
  duration_ms: 181.495542
  type: 'test'
  ...
# Subtest: legacy plain cron rows normalize absent repeated fields
ok 27 - legacy plain cron rows normalize absent repeated fields
  ---
  duration_ms: 0.210959
  type: 'test'
  ...
# Subtest: HTTP listener preserves private binding and releases its port after shutdown
ok 28 - HTTP listener preserves private binding and releases its port after shutdown
  ---
  duration_ms: 92.044916
  type: 'test'
  ...
# Subtest: custom cluster deployments can restore shared listening
ok 29 - custom cluster deployments can restore shared listening
  ---
  duration_ms: 1.426709
  type: 'test'
  ...
# Subtest: HTTP authentication protects init, scopes, expired sessions and config secrets
ok 30 - HTTP authentication protects init, scopes, expired sessions and config secrets
  ---
  duration_ms: 739.933167
  type: 'test'
  ...
# Subtest: HTTP binding 127.0.0.1 never broadens an explicit private address
ok 31 - HTTP binding 127.0.0.1 never broadens an explicit private address
  ---
  duration_ms: 58.379542
  type: 'test'
  ...
# Subtest: gRPC binding 127.0.0.1 never broadens an explicit private address
ok 32 - gRPC binding 127.0.0.1 never broadens an explicit private address
  ---
  duration_ms: 54.82925
  type: 'test'
  ...
# Subtest: HTTP binding ::1 never broadens an explicit private address
ok 33 - HTTP binding ::1 never broadens an explicit private address
  ---
  duration_ms: 21.233625
  type: 'test'
  ...
# Subtest: gRPC binding ::1 never broadens an explicit private address
ok 34 - gRPC binding ::1 never broadens an explicit private address
  ---
  duration_ms: 51.606292
  type: 'test'
  ...
# Subtest: HTTP binding 192.0.2.1 never broadens an explicit private address
ok 35 - HTTP binding 192.0.2.1 never broadens an explicit private address
  ---
  duration_ms: 51.480416
  type: 'test'
  ...
# Subtest: gRPC binding 192.0.2.1 never broadens an explicit private address
ok 36 - gRPC binding 192.0.2.1 never broadens an explicit private address
  ---
  duration_ms: 11.77775
  type: 'test'
  ...
# Subtest: HTTP binding :: never broadens an explicit private address
ok 37 - HTTP binding :: never broadens an explicit private address
  ---
  duration_ms: 65.096791
  type: 'test'
  ...
# Subtest: gRPC binding :: never broadens an explicit private address
ok 38 - gRPC binding :: never broadens an explicit private address
  ---
  duration_ms: 25.305542
  type: 'test'
  ...
# Subtest: log streams reject traversal, sibling prefixes and escaping symlinks before writing
ok 39 - log streams reject traversal, sibling prefixes and escaping symlinks before writing
  ---
  duration_ms: 73.447375
  type: 'test'
  ...
# Subtest: log initialization rejects unsafe paths before mkdir or file writes
ok 40 - log initialization rejects unsafe paths before mkdir or file writes
  ---
  duration_ms: 491.026083
  type: 'test'
  ...
# Subtest: manual execution rejects escaping log names before creating directories or spawning
ok 41 - manual execution rejects escaping log names before creating directories or spawning
  ---
  duration_ms: 1044.88775
  type: 'test'
  ...
# Subtest: log reader defaults to a bounded tail and supports incremental reads
ok 42 - log reader defaults to a bounded tail and supports incremental reads
  ---
  duration_ms: 41.064
  type: 'test'
  ...
# Subtest: log reader enforces the maximum chunk size
ok 43 - log reader enforces the maximum chunk size
  ---
  duration_ms: 6.412583
  type: 'test'
  ...
# Subtest: log reader preserves UTF-8 characters across byte boundaries
ok 44 - log reader preserves UTF-8 characters across byte boundaries
  ---
  duration_ms: 7.202
  type: 'test'
  ...
# Subtest: missing logs return an empty chunk
ok 45 - missing logs return an empty chunk
  ---
  duration_ms: 1.829417
  type: 'test'
  ...
# Subtest: manual execution captures a short child before slow status storage and flushes before release
ok 46 - manual execution captures a short child before slow status storage and flushes before release
  ---
  duration_ms: 1183.382667
  type: 'test'
  ...
# Subtest: metrics keep only the newest bounded samples
ok 47 - metrics keep only the newest bounded samples
  ---
  duration_ms: 17.09525
  type: 'test'
  ...
# Subtest: empty metric queries return finite aggregates
ok 48 - empty metric queries return finite aggregates
  ---
  duration_ms: 0.598416
  type: 'test'
  ...
# Subtest: health probes bypass request metric retention with or without base URL
ok 49 - health probes bypass request metric retention with or without base URL
  ---
  duration_ms: 0.844875
  type: 'test'
  ...
# Subtest: non-health requests keep bounded service metrics
ok 50 - non-health requests keep bounded service metrics
  ---
  duration_ms: 0.250625
  type: 'test'
  ...
# Subtest: ordinary request metrics are sampled instead of retained per request
ok 51 - ordinary request metrics are sampled instead of retained per request
  ---
  duration_ms: 0.289667
  type: 'test'
  ...
# Subtest: warm cache avoids pnpm, preserves spaces, and never evaluates cached text
ok 52 - warm cache avoids pnpm, preserves spaces, and never evaluates cached text
  ---
  duration_ms: 771.199209
  type: 'test'
  ...
# Subtest: config, environment, cwd, and executable changes invalidate discovery
ok 53 - config, environment, cwd, and executable changes invalidate discovery
  ---
  duration_ms: 1888.940541
  type: 'test'
  ...
# Subtest: expired or malformed records refresh and failed lookups are not cached
ok 54 - expired or malformed records refresh and failed lookups are not cached
  ---
  duration_ms: 1148.564416
  type: 'test'
  ...
# Subtest: disabled or unavailable cache falls back without changing discovery output
ok 55 - disabled or unavailable cache falls back without changing discovery output
  ---
  duration_ms: 512.72325
  type: 'test'
  ...
# Subtest: concurrent refreshes publish complete records and do not overwrite symlink targets
ok 56 - concurrent refreshes publish complete records and do not overwrite symlink targets
  ---
  duration_ms: 1095.309167
  type: 'test'
  ...
# Subtest: task entry tolerates discovery failure with errexit enabled
ok 57 - task entry tolerates discovery failure with errexit enabled
  ---
  duration_ms: 636.421666
  type: 'test'
  ...
# Subtest: simultaneous cold and expired lookups share one successful refresh
ok 58 - simultaneous cold and expired lookups share one successful refresh # SKIP
  ---
  duration_ms: 0.611666
  type: 'test'
  ...
# Subtest: waiters with different configuration do not reuse another key
ok 59 - waiters with different configuration do not reuse another key # SKIP
  ---
  duration_ms: 0.076833
  type: 'test'
  ...
# Subtest: lock timeout falls back while a holder is still alive
ok 60 - lock timeout falls back while a holder is still alive # SKIP
  ---
  duration_ms: 0.12525
  type: 'test'
  ...
# Subtest: absent or unsupported flock and unsafe lock paths preserve discovery
ok 61 - absent or unsupported flock and unsafe lock paths preserve discovery
  ---
  duration_ms: 3600.22
  type: 'test'
  ...
# Subtest: failed refresh releases lock and does not publish a success
ok 62 - failed refresh releases lock and does not publish a success
  ---
  duration_ms: 825.700041
  type: 'test'
  ...
# Subtest: refresh leaves the caller file descriptor and umask unchanged
ok 63 - refresh leaves the caller file descriptor and umask unchanged
  ---
  duration_ms: 1480.063083
  type: 'test'
  ...
# Subtest: container APM policy keeps worker isolation and can restore all inherited probes
ok 64 - container APM policy keeps worker isolation and can restore all inherited probes
  ---
  duration_ms: 6.05625
  type: 'test'
  ...
# Subtest: standalone PM2 monitoring stays enabled
ok 65 - standalone PM2 monitoring stays enabled
  ---
  duration_ms: 1.003375
  type: 'test'
  ...
# Subtest: termination accepts Linux exited state Z before PID reaping
ok 66 - termination accepts Linux exited state Z before PID reaping
  ---
  duration_ms: 23.626375
  type: 'test'
  ...
# Subtest: termination accepts Linux exited state X before PID reaping
ok 67 - termination accepts Linux exited state X before PID reaping
  ---
  duration_ms: 17.618333
  type: 'test'
  ...
# Subtest: termination accepts Linux exited state x before PID reaping
ok 68 - termination accepts Linux exited state x before PID reaping
  ---
  duration_ms: 23.522833
  type: 'test'
  ...
# Subtest: termination keeps waiting while the process is running
ok 69 - termination keeps waiting while the process is running
  ---
  duration_ms: 39.375209
  type: 'test'
  ...
# Subtest: a process disappearing during the procfs read is accepted
ok 70 - a process disappearing during the procfs read is accepted
  ---
  duration_ms: 23.450125
  type: 'test'
  ...
# Subtest: permission failures are not reported as successful termination
ok 71 - permission failures are not reported as successful termination
  ---
  duration_ms: 25.514625
  type: 'test'
  ...
# Subtest: rejects case variations under protected API namespaces
ok 72 - rejects case variations under protected API namespaces
  ---
  duration_ms: 1.374041
  type: 'test'
  ...
# Subtest: allows normalized protected paths and unrelated paths
ok 73 - allows normalized protected paths and unrelated paths
  ---
  duration_ms: 0.222958
  type: 'test'
  ...
# Subtest: ql log reads the requested system log history without PM2
ok 74 - ql log reads the requested system log history without PM2
  ---
  duration_ms: 29.299417
  type: 'test'
  ...
# Subtest: ql log follows the current Winston system log without PM2
ok 75 - ql log follows the current Winston system log without PM2
  ---
  duration_ms: 1498.822625
  type: 'test'
  ...
# Subtest: ql log reports when no persisted system log exists
ok 76 - ql log reports when no persisted system log exists
  ---
  duration_ms: 17.086375
  type: 'test'
  ...
# Subtest: retention policy defaults to disabled and clamps invalid values
ok 77 - retention policy defaults to disabled and clamps invalid values
  ---
  duration_ms: 1.482042
  type: 'test'
  ...
# Subtest: directory preview counts files recursively and ignores symlinks
ok 78 - directory preview counts files recursively and ignores symlinks
  ---
  duration_ms: 23.7225
  type: 'test'
  ...
# Subtest: cleanup previews first, protects running instances, and uses explicit options
ok 79 - cleanup previews first, protects running instances, and uses explicit options
  ---
  duration_ms: 69.791125
  type: 'test'
  ...
# Subtest: schedule health check uses the HTTP health endpoint and system logs
    # Subtest: returns serving for a healthy prefixed HTTP service
    ok 1 - returns serving for a healthy prefixed HTTP service
      ---
      duration_ms: 41.32925
      type: 'test'
      ...
    # Subtest: reports recent system logs when HTTP startup fails
    ok 2 - reports recent system logs when HTTP startup fails
      ---
      duration_ms: 24.749042
      type: 'test'
      ...
    1..2
ok 80 - schedule health check uses the HTTP health endpoint and system logs
  ---
  duration_ms: 75.189583
  type: 'test'
  ...
# Subtest: scheduler lock survives nested file writes and releases after success
ok 81 - scheduler lock survives nested file writes and releases after success
  ---
  duration_ms: 87.159667
  type: 'test'
  ...
# Subtest: scheduler lock survives nested file writes and releases after failure
ok 82 - scheduler lock survives nested file writes and releases after failure
  ---
  duration_ms: 39.059667
  type: 'test'
  ...
# Subtest: recovery snapshot cannot overwrite concurrent create
ok 83 - recovery snapshot cannot overwrite concurrent create
  ---
  duration_ms: 1006.804458
  type: 'test'
  ...
# Subtest: recovery snapshot cannot overwrite concurrent update
ok 84 - recovery snapshot cannot overwrite concurrent update
  ---
  duration_ms: 422.46275
  type: 'test'
  ...
# Subtest: recovery snapshot cannot overwrite concurrent remove
ok 85 - recovery snapshot cannot overwrite concurrent remove
  ---
  duration_ms: 436.668375
  type: 'test'
  ...
# Subtest: recovery snapshot cannot overwrite concurrent disabled
ok 86 - recovery snapshot cannot overwrite concurrent disabled
  ---
  duration_ms: 368.251375
  type: 'test'
  ...
# Subtest: recovery snapshot cannot overwrite concurrent enabled
ok 87 - recovery snapshot cannot overwrite concurrent enabled
  ---
  duration_ms: 432.936875
  type: 'test'
  ...
# Subtest: recovery waits for an admitted mutation to finish registration before reading the DB
ok 88 - recovery waits for an admitted mutation to finish registration before reading the DB
  ---
  duration_ms: 455.570417
  type: 'test'
  ...
# Subtest: create preserves scheduler 503 after rollback and releases its lock
ok 89 - create preserves scheduler 503 after rollback and releases its lock
  ---
  duration_ms: 241.382084
  type: 'test'
  ...
# Subtest: update preserves scheduler 503 after rollback and releases its lock
ok 90 - update preserves scheduler 503 after rollback and releases its lock
  ---
  duration_ms: 291.813708
  type: 'test'
  ...
# Subtest: enabled preserves scheduler 503 after rollback and releases its lock
ok 91 - enabled preserves scheduler 503 after rollback and releases its lock
  ---
  duration_ms: 325.355583
  type: 'test'
  ...
# Subtest: scheduler lock excludes a second OS process and leaves no lock after completion
ok 92 - scheduler lock excludes a second OS process and leaves no lock after completion
  ---
  duration_ms: 636.160792
  type: 'test'
  ...
# Subtest: update aborts on RPC 4 with deletion applied=false and reconciles the original DB
ok 93 - update aborts on RPC 4 with deletion applied=false and reconciles the original DB
  ---
  duration_ms: 190.246209
  type: 'test'
  ...
# Subtest: update aborts on RPC 4 with deletion applied=true and reconciles the original DB
ok 94 - update aborts on RPC 4 with deletion applied=true and reconciles the original DB
  ---
  duration_ms: 328.294709
  type: 'test'
  ...
# Subtest: update aborts on RPC 14 with deletion applied=false and reconciles the original DB
ok 95 - update aborts on RPC 14 with deletion applied=false and reconciles the original DB
  ---
  duration_ms: 301.475958
  type: 'test'
  ...
# Subtest: update aborts on RPC 14 with deletion applied=true and reconciles the original DB
ok 96 - update aborts on RPC 14 with deletion applied=true and reconciles the original DB
  ---
  duration_ms: 324.504292
  type: 'test'
  ...
# Subtest: remove aborts on RPC 4 with deletion applied=false and reconciles the original DB
ok 97 - remove aborts on RPC 4 with deletion applied=false and reconciles the original DB
  ---
  duration_ms: 318.997083
  type: 'test'
  ...
# Subtest: remove aborts on RPC 4 with deletion applied=true and reconciles the original DB
ok 98 - remove aborts on RPC 4 with deletion applied=true and reconciles the original DB
  ---
  duration_ms: 334.758
  type: 'test'
  ...
# Subtest: remove aborts on RPC 14 with deletion applied=false and reconciles the original DB
ok 99 - remove aborts on RPC 14 with deletion applied=false and reconciles the original DB
  ---
  duration_ms: 292.6555
  type: 'test'
  ...
# Subtest: remove aborts on RPC 14 with deletion applied=true and reconciles the original DB
ok 100 - remove aborts on RPC 14 with deletion applied=true and reconciles the original DB
  ---
  duration_ms: 337.635709
  type: 'test'
  ...
# Subtest: disabled aborts on RPC 4 with deletion applied=false and reconciles the original DB
ok 101 - disabled aborts on RPC 4 with deletion applied=false and reconciles the original DB
  ---
  duration_ms: 267.57775
  type: 'test'
  ...
# Subtest: disabled aborts on RPC 4 with deletion applied=true and reconciles the original DB
ok 102 - disabled aborts on RPC 4 with deletion applied=true and reconciles the original DB
  ---
  duration_ms: 307.820333
  type: 'test'
  ...
# Subtest: disabled aborts on RPC 14 with deletion applied=false and reconciles the original DB
ok 103 - disabled aborts on RPC 14 with deletion applied=false and reconciles the original DB
  ---
  duration_ms: 231.363625
  type: 'test'
  ...
# Subtest: disabled aborts on RPC 14 with deletion applied=true and reconciles the original DB
ok 104 - disabled aborts on RPC 14 with deletion applied=true and reconciles the original DB
  ---
  duration_ms: 248.061125
  type: 'test'
  ...
# Subtest: configuration rollback cannot restore an obsolete manual queue token
ok 105 - configuration rollback cannot restore an obsolete manual queue token
  ---
  duration_ms: 310.751041
  type: 'test'
  ...
# Subtest: readiness stays false through failed restoration and retries without idle polling
ok 106 - readiness stays false through failed restoration and retries without idle polling
  ---
  duration_ms: 88.196
  type: 'test'
  ...
# Subtest: single-flight recovery cannot mark an invalidated generation ready
ok 107 - single-flight recovery cannot mark an invalidated generation ready
  ---
  duration_ms: 32.429459
  type: 'test'
  ...
# Subtest: mutation waiting is bounded, a later recovery can succeed
ok 108 - mutation waiting is bounded, a later recovery can succeed
  ---
  duration_ms: 20.690291
  type: 'test'
  ...
# Subtest: probe failure immediately invalidates a previously ready scheduler
ok 109 - probe failure immediately invalidates a previously ready scheduler
  ---
  duration_ms: 42.429291
  type: 'test'
  ...
# Subtest: health uses actual readiness and returns HTTP 503 until recovery
ok 110 - health uses actual readiness and returns HTTP 503 until recovery
  ---
  duration_ms: 217.002834
  type: 'test'
  ...
# Subtest: recovery registration errors propagate while ordinary autosave retains file synchronization
ok 111 - recovery registration errors propagate while ordinary autosave retains file synchronization
  ---
  duration_ms: 15.693542
  type: 'test'
  ...
# Subtest: scheduler probe uses the cron channel and failed writes are not replayed
ok 112 - scheduler probe uses the cron channel and failed writes are not replayed
  ---
  duration_ms: 216.706125
  type: 'test'
  ...
# Subtest: scheduler health probe never calls back into HTTP health
ok 113 - scheduler health probe never calls back into HTTP health
  ---
  duration_ms: 29.649833
  type: 'test'
  ...
# Subtest: recovery reconciles a surviving scheduler after missed deletes and disables, including an empty DB
ok 114 - recovery reconciles a surviving scheduler after missed deletes and disables, including an empty DB
  ---
  duration_ms: 81.625333
  type: 'test'
  ...
# Subtest: invalid replacement leaves the previous schedule intact
ok 115 - invalid replacement leaves the previous schedule intact
  ---
  duration_ms: 45.305666
  type: 'test'
  ...
# Subtest: pre-RPC channel failures invalidate readiness and return 503 without executing or replaying writes
ok 116 - pre-RPC channel failures invalidate readiness and return 503 without executing or replaying writes
  ---
  duration_ms: 201.968666
  type: 'test'
  ...
# Subtest: addCron invalidates an uncertain timed-out write without replaying it
ok 117 - addCron invalidates an uncertain timed-out write without replaying it
  ---
  duration_ms: 148.100542
  type: 'test'
  ...
# Subtest: delCron invalidates an uncertain timed-out write without replaying it
ok 118 - delCron invalidates an uncertain timed-out write without replaying it
  ---
  duration_ms: 132.414833
  type: 'test'
  ...
# Subtest: valid token cache is read with one jq and reused without generation
ok 119 - valid token cache is read with one jq and reused without generation
  ---
  duration_ms: 1365.137917
  type: 'test'
  ...
# Subtest: expired, corrupt, missing or header-unsafe token cache refreshes under errexit
ok 120 - expired, corrupt, missing or header-unsafe token cache refreshes under errexit
  ---
  duration_ms: 1166.746417
  type: 'test'
  ...
# Subtest: success with a message still parses once and stays silent
ok 121 - success with a message still parses once and stays silent
  ---
  duration_ms: 682.189375
  type: 'test'
  ...
# Subtest: status and statistics errors preserve multiline Unicode messages
ok 122 - status and statistics errors preserve multiline Unicode messages
  ---
  duration_ms: 1021.99625
  type: 'test'
  ...
# Subtest: non-JSON errors fall back to raw text and absent messages retain legacy null
ok 123 - non-JSON errors fall back to raw text and absent messages retain legacy null
  ---
  duration_ms: 720.025166
  type: 'test'
  ...
# Subtest: statistics without a task id perform no JSON parsing
ok 124 - statistics without a task id perform no JSON parsing
  ---
  duration_ms: 10.230625
  type: 'test'
  ...
# Subtest: canonical success resets prior errors and matches jq missing-message semantics
ok 125 - canonical success resets prior errors and matches jq missing-message semantics
  ---
  duration_ms: 22.435875
  type: 'test'
  ...
# Subtest: noncanonical JSON always uses jq, including whitespace, duplicate keys and embedded success text
ok 126 - noncanonical JSON always uses jq, including whitespace, duplicate keys and embedded success text
  ---
  duration_ms: 515.89975
  type: 'test'
  ...
# Subtest: success-shaped invalid documents retain the raw-response error fallback
ok 127 - success-shaped invalid documents retain the raw-response error fallback
  ---
  duration_ms: 353.843083
  type: 'test'
  ...
# Subtest: WebSocket connections reject expired tokens and close when sessions are revoked
ok 128 - WebSocket connections reject expired tokens and close when sessions are revoked
  ---
  duration_ms: 1045.843791
  type: 'test'
  ...
# Subtest: subscription becomes idle and closes its log even when completion logging fails
ok 129 - subscription becomes idle and closes its log even when completion logging fails
  ---
  duration_ms: 889.474
  type: 'test'
  ...
# Subtest: clearing a dependency cache marks installed entries for reinstall
ok 130 - clearing a dependency cache marks installed entries for reinstall
  ---
  duration_ms: 353.3235
  type: 'test'
  ...
# Subtest: Linux task timestamps share a snapshot and retain millisecond log names across midnight
ok 131 - Linux task timestamps share a snapshot and retain millisecond log names across midnight
  ---
  duration_ms: 38.482875
  type: 'test'
  ...
# Subtest: explicit log paths and output mode remain intact
ok 132 - explicit log paths and output mode remain intact
  ---
  duration_ms: 8.647584
  type: 'test'
  ...
# Subtest: task failure keeps exit code and minimum one-second runtime
ok 133 - task failure keeps exit code and minimum one-second runtime
  ---
  duration_ms: 13.612833
  type: 'test'
  ...
# Subtest: manual stop retains stopped message and exit status reporting
ok 134 - manual stop retains stopped message and exit status reporting
  ---
  duration_ms: 17.66175
  type: 'test'
  ...
# Subtest: macos keeps legacy time conversion helpers
ok 135 - macos keeps legacy time conversion helpers
  ---
  duration_ms: 17.055292
  type: 'test'
  ...
# Subtest: custom keeps legacy time conversion helpers
ok 136 - custom keeps legacy time conversion helpers
  ---
  duration_ms: 22.949125
  type: 'test'
  ...
# Subtest: initialization returns the username and password validation result
ok 137 - initialization returns the username and password validation result
  ---
  duration_ms: 320.141583
  type: 'test'
  ...
# Subtest: initialization checks state inside a serialized mutation
ok 138 - initialization checks state inside a serialized mutation
  ---
  duration_ms: 273.619958
  type: 'test'
  ...
# Subtest: password change revokes sessions and closes connected clients
ok 139 - password change revokes sessions and closes connected clients
  ---
  duration_ms: 365.688458
  type: 'test'
  ...
# Subtest: a concurrent old-password login cannot restore a session after reset
ok 140 - a concurrent old-password login cannot restore a session after reset
  ---
  duration_ms: 359.526542
  type: 'test'
  ...
# Subtest: plaintext passwords are rejected without conversion
ok 141 - plaintext passwords are rejected without conversion
  ---
  duration_ms: 145.616916
  type: 'test'
  ...
# Subtest: TOTP failures are counted serially and further attempts are throttled
ok 142 - TOTP failures are counted serially and further attempts are throttled
  ---
  duration_ms: 313.258625
  type: 'test'
  ...
# Subtest: TOTP challenge expires and valid codes cannot be reused in the same step
ok 143 - TOTP challenge expires and valid codes cannot be reused in the same step
  ---
  duration_ms: 456.491833
  type: 'test'
  ...
# Subtest: active two-factor secret cannot be silently replaced and disabling revokes sessions
ok 144 - active two-factor secret cannot be silently replaced and disabling revokes sessions
  ---
  duration_ms: 86.017208
  type: 'test'
  ...
# Subtest: unknown default credentials do not grant fresh initialization
ok 145 - unknown default credentials do not grant fresh initialization
  ---
  duration_ms: 48.566708
  type: 'test'
  ...
# Subtest: PM2-managed primary disables only inherited worker APM and keeps worker metadata
ok 146 - PM2-managed primary disables only inherited worker APM and keeps worker metadata
  ---
  duration_ms: 2.70075
  type: 'test'
  ...
# Subtest: worker APM opt-in restores inherited PM2 settings, including explicit disable
ok 147 - worker APM opt-in restores inherited PM2 settings, including explicit disable
  ---
  duration_ms: 1.202125
  type: 'test'
  ...
# Subtest: standalone startup does not introduce a PM2-specific override
ok 148 - standalone startup does not introduce a PM2-specific override
  ---
  duration_ms: 0.52225
  type: 'test'
  ...
# Subtest: replacement workers receive the same monitoring policy
ok 149 - replacement workers receive the same monitoring policy
  ---
  duration_ms: 0.512916
  type: 'test'
  ...
# Subtest: WPUSH survives protobuf and JSON round trips without changing existing modes
ok 150 - WPUSH survives protobuf and JSON round trips without changing existing modes
  ---
  duration_ms: 5.949541
  type: 'test'
  ...
# Subtest: decoded SystemNotify requests reach WPUSH with explicit or saved configuration
ok 151 - decoded SystemNotify requests reach WPUSH with explicit or saved configuration
  ---
  duration_ms: 378.082083
  type: 'test'
  ...
# Subtest: validation errors include the failing field names
ok 152 - validation errors include the failing field names
  ---
  duration_ms: 1.096625
  type: 'test'
  ...
# Subtest: existing API error details remain visible
ok 153 - existing API error details remain visible
  ---
  duration_ms: 0.109875
  type: 'test'
  ...
# Subtest: Git resource HTTP boundary never reflects submitted secrets or internal errors; routes are read/write specific
ok 154 - Git resource HTTP boundary never reflects submitted secrets or internal errors; routes are read/write specific
  ---
  duration_ms: 395.089875
  type: 'test'
  ...
# Subtest: same GitHub identity: https://github.com/anysoft/test.git
ok 155 - same GitHub identity: https://github.com/anysoft/test.git
  ---
  duration_ms: 2.727042
  type: 'test'
  ...
# Subtest: same GitHub identity: https://GITHUB.COM/anysoft/test
ok 156 - same GitHub identity: https://GITHUB.COM/anysoft/test
  ---
  duration_ms: 0.2755
  type: 'test'
  ...
# Subtest: same GitHub identity: git@github.com:anysoft/test.git
ok 157 - same GitHub identity: git@github.com:anysoft/test.git
  ---
  duration_ms: 0.107166
  type: 'test'
  ...
# Subtest: same GitHub identity: ssh://git@github.com/anysoft/test.git
ok 158 - same GitHub identity: ssh://git@github.com/anysoft/test.git
  ---
  duration_ms: 0.085916
  type: 'test'
  ...
# Subtest: provider neutral nested identity: gitlab.com
ok 159 - provider neutral nested identity: gitlab.com
  ---
  duration_ms: 0.176083
  type: 'test'
  ...
# Subtest: provider neutral nested identity: gitee.com
ok 160 - provider neutral nested identity: gitee.com
  ---
  duration_ms: 0.065917
  type: 'test'
  ...
# Subtest: provider neutral nested identity: git.example.internal
ok 161 - provider neutral nested identity: git.example.internal
  ---
  duration_ms: 0.122083
  type: 'test'
  ...
# Subtest: generic paths remain case sensitive and nondefault ports distinct
ok 162 - generic paths remain case sensitive and nondefault ports distinct
  ---
  duration_ms: 0.22075
  type: 'test'
  ...
# Subtest: reject unsafe or credentialized URL without reflecting input
ok 163 - reject unsafe or credentialized URL without reflecting input
  ---
  duration_ms: 0.559083
  type: 'test'
  ...
# Subtest: reject unsafe or credentialized URL without reflecting input
ok 164 - reject unsafe or credentialized URL without reflecting input
  ---
  duration_ms: 0.408583
  type: 'test'
  ...
# Subtest: reject unsafe or credentialized URL without reflecting input
ok 165 - reject unsafe or credentialized URL without reflecting input
  ---
  duration_ms: 0.136542
  type: 'test'
  ...
# Subtest: reject unsafe or credentialized URL without reflecting input
ok 166 - reject unsafe or credentialized URL without reflecting input
  ---
  duration_ms: 0.052125
  type: 'test'
  ...
# Subtest: reject unsafe or credentialized URL without reflecting input
ok 167 - reject unsafe or credentialized URL without reflecting input
  ---
  duration_ms: 0.050334
  type: 'test'
  ...
# Subtest: reject unsafe or credentialized URL without reflecting input
ok 168 - reject unsafe or credentialized URL without reflecting input
  ---
  duration_ms: 0.037792
  type: 'test'
  ...
# Subtest: reject unsafe or credentialized URL without reflecting input
ok 169 - reject unsafe or credentialized URL without reflecting input
  ---
  duration_ms: 0.03575
  type: 'test'
  ...
# Subtest: redacts split output, authorization, URL, private material and encoded secrets
ok 170 - redacts split output, authorization, URL, private material and encoded secrets
  ---
  duration_ms: 149.48875
  type: 'test'
  ...
# Subtest: concurrent HTTPS contexts have private immutable snapshots and idempotent cleanup
ok 171 - concurrent HTTPS contexts have private immutable snapshots and idempotent cleanup
  ---
  duration_ms: 1029.059834
  type: 'test'
  ...
# Subtest: SSH contexts isolate keys and require verified known_hosts
ok 172 - SSH contexts isolate keys and require verified known_hosts
  ---
  duration_ms: 12.590166
  type: 'test'
  ...
# Subtest: disabled, missing, wrong transport and READ push fail closed
ok 173 - disabled, missing, wrong transport and READ push fail closed
  ---
  duration_ms: 6.737542
  type: 'test'
  ...
# Subtest: bounded output cannot leak a partial secret at truncation boundary; timeout terminates
ok 174 - bounded output cannot leak a partial secret at truncation boundary; timeout terminates
  ---
  duration_ms: 129.321375
  type: 'test'
  ...
# Subtest: timeout terminates a child process group before credential cleanup
ok 175 - timeout terminates a child process group before credential cleanup
  ---
  duration_ms: 164.1155
  type: 'test'
  ...
# Subtest: manual, scheduler and protected system-cron launcher share canonical Config/Hooks results
not ok 176 - manual, scheduler and protected system-cron launcher share canonical Config/Hooks results
  ---
  duration_ms: 1275.331125
  type: 'test'
  location: '/Users/jonhy/PersonalDatas/Codes/github/anysoft/qinglong/tests/phase10/entrypoints.test.cjs:5:1'
  failureType: 'testCodeFailure'
  error: 'SQLITE_ERROR: no such table: Systems'
  code: 'ERR_TEST_FAILURE'
  name: 'SequelizeDatabaseError'
  stack: |-
    Database.<anonymous> (/Users/jonhy/PersonalDatas/Codes/github/anysoft/qinglong/node_modules/.pnpm/sequelize@6.37.5_@whyour+sqlite3@1.1.2/node_modules/sequelize/src/dialects/sqlite/query.js:236:27)
    /Users/jonhy/PersonalDatas/Codes/github/anysoft/qinglong/node_modules/.pnpm/sequelize@6.37.5_@whyour+sqlite3@1.1.2/node_modules/sequelize/src/dialects/sqlite/query.js:234:50
    new Promise (<anonymous>)
    Query.run (/Users/jonhy/PersonalDatas/Codes/github/anysoft/qinglong/node_modules/.pnpm/sequelize@6.37.5_@whyour+sqlite3@1.1.2/node_modules/sequelize/src/dialects/sqlite/query.js:234:12)
    /Users/jonhy/PersonalDatas/Codes/github/anysoft/qinglong/node_modules/.pnpm/sequelize@6.37.5_@whyour+sqlite3@1.1.2/node_modules/sequelize/src/sequelize.js:650:28
    async triggerTimezone (eval at loadSecurityModule (/Users/jonhy/PersonalDatas/Codes/github/anysoft/qinglong/test/helpers/load-security-module.cjs:35:3), <anonymous>:10:18)
    async createTriggerSchema (eval at loadSecurityModule (/Users/jonhy/PersonalDatas/Codes/github/anysoft/qinglong/test/helpers/load-security-module.cjs:35:3), <anonymous>:35:22)
    async eval (eval at loadSecurityModule (/Users/jonhy/PersonalDatas/Codes/github/anysoft/qinglong/test/helpers/load-security-module.cjs:35:3), <anonymous>:205:13)
    async /Users/jonhy/PersonalDatas/Codes/github/anysoft/qinglong/node_modules/.pnpm/sequelize@6.37.5_@whyour+sqlite3@1.1.2/node_modules/sequelize/src/sequelize.js:1197:18
    async Object.initializeOperationalSchema (eval at loadSecurityModule (/Users/jonhy/PersonalDatas/Codes/github/anysoft/qinglong/test/helpers/load-security-module.cjs:35:3), <anonymous>:60:5)
  ...
# Subtest: durable cancellation cannot overwrite a completed run or affect a newer run
not ok 177 - durable cancellation cannot overwrite a completed run or affect a newer run
  ---
  duration_ms: 908.024833
  type: 'test'
  location: '/Users/jonhy/PersonalDatas/Codes/github/anysoft/qinglong/tests/phase10/entrypoints.test.cjs:40:1'
  failureType: 'testCodeFailure'
  error: 'SQLITE_ERROR: no such table: Systems'
  code: 'ERR_TEST_FAILURE'
  name: 'SequelizeDatabaseError'
  stack: |-
    Database.<anonymous> (/Users/jonhy/PersonalDatas/Codes/github/anysoft/qinglong/node_modules/.pnpm/sequelize@6.37.5_@whyour+sqlite3@1.1.2/node_modules/sequelize/src/dialects/sqlite/query.js:236:27)
    /Users/jonhy/PersonalDatas/Codes/github/anysoft/qinglong/node_modules/.pnpm/sequelize@6.37.5_@whyour+sqlite3@1.1.2/node_modules/sequelize/src/dialects/sqlite/query.js:234:50
    new Promise (<anonymous>)
    Query.run (/Users/jonhy/PersonalDatas/Codes/github/anysoft/qinglong/node_modules/.pnpm/sequelize@6.37.5_@whyour+sqlite3@1.1.2/node_modules/sequelize/src/dialects/sqlite/query.js:234:12)
    /Users/jonhy/PersonalDatas/Codes/github/anysoft/qinglong/node_modules/.pnpm/sequelize@6.37.5_@whyour+sqlite3@1.1.2/node_modules/sequelize/src/sequelize.js:650:28
    async triggerTimezone (eval at loadSecurityModule (/Users/jonhy/PersonalDatas/Codes/github/anysoft/qinglong/test/helpers/load-security-module.cjs:35:3), <anonymous>:10:18)
    async createTriggerSchema (eval at loadSecurityModule (/Users/jonhy/PersonalDatas/Codes/github/anysoft/qinglong/test/helpers/load-security-module.cjs:35:3), <anonymous>:35:22)
    async eval (eval at loadSecurityModule (/Users/jonhy/PersonalDatas/Codes/github/anysoft/qinglong/test/helpers/load-security-module.cjs:35:3), <anonymous>:205:13)
    async /Users/jonhy/PersonalDatas/Codes/github/anysoft/qinglong/node_modules/.pnpm/sequelize@6.37.5_@whyour+sqlite3@1.1.2/node_modules/sequelize/src/sequelize.js:1197:18
    async Object.initializeOperationalSchema (eval at loadSecurityModule (/Users/jonhy/PersonalDatas/Codes/github/anysoft/qinglong/test/helpers/load-security-module.cjs:35:3), <anonymous>:60:5)
  ...
# Subtest: native shell argv, direct Worktree cwd, immutable resolver, no host secrets
not ok 178 - native shell argv, direct Worktree cwd, immutable resolver, no host secrets
  ---
  duration_ms: 1314.984667
  type: 'test'
  location: '/Users/jonhy/PersonalDatas/Codes/github/anysoft/qinglong/tests/phase10/execution.test.cjs:5:1'
  failureType: 'testCodeFailure'
  error: 'SQLITE_ERROR: no such table: Systems'
  code: 'ERR_TEST_FAILURE'
  name: 'SequelizeDatabaseError'
  stack: |-
    Database.<anonymous> (/Users/jonhy/PersonalDatas/Codes/github/anysoft/qinglong/node_modules/.pnpm/sequelize@6.37.5_@whyour+sqlite3@1.1.2/node_modules/sequelize/src/dialects/sqlite/query.js:236:27)
    /Users/jonhy/PersonalDatas/Codes/github/anysoft/qinglong/node_modules/.pnpm/sequelize@6.37.5_@whyour+sqlite3@1.1.2/node_modules/sequelize/src/dialects/sqlite/query.js:234:50
    new Promise (<anonymous>)
    Query.run (/Users/jonhy/PersonalDatas/Codes/github/anysoft/qinglong/node_modules/.pnpm/sequelize@6.37.5_@whyour+sqlite3@1.1.2/node_modules/sequelize/src/dialects/sqlite/query.js:234:12)
    /Users/jonhy/PersonalDatas/Codes/github/anysoft/qinglong/node_modules/.pnpm/sequelize@6.37.5_@whyour+sqlite3@1.1.2/node_modules/sequelize/src/sequelize.js:650:28
    async triggerTimezone (eval at loadSecurityModule (/Users/jonhy/PersonalDatas/Codes/github/anysoft/qinglong/test/helpers/load-security-module.cjs:35:3), <anonymous>:10:18)
    async createTriggerSchema (eval at loadSecurityModule (/Users/jonhy/PersonalDatas/Codes/github/anysoft/qinglong/test/helpers/load-security-module.cjs:35:3), <anonymous>:35:22)
    async eval (eval at loadSecurityModule (/Users/jonhy/PersonalDatas/Codes/github/anysoft/qinglong/test/helpers/load-security-module.cjs:35:3), <anonymous>:205:13)
    async /Users/jonhy/PersonalDatas/Codes/github/anysoft/qinglong/node_modules/.pnpm/sequelize@6.37.5_@whyour+sqlite3@1.1.2/node_modules/sequelize/src/sequelize.js:1197:18
    async Object.initializeOperationalSchema (eval at loadSecurityModule (/Users/jonhy/PersonalDatas/Codes/github/anysoft/qinglong/test/helpers/load-security-module.cjs:35:3), <anonymous>:60:5)
  ...
# Subtest: real exit 124 is FAILED, supervisor timeout is TIMEOUT, cancellation is CANCELLED
not ok 179 - real exit 124 is FAILED, supervisor timeout is TIMEOUT, cancellation is CANCELLED
  ---
  duration_ms: 1073.143208
  type: 'test'
  location: '/Users/jonhy/PersonalDatas/Codes/github/anysoft/qinglong/tests/phase10/execution.test.cjs:24:1'
  failureType: 'testCodeFailure'
  error: 'SQLITE_ERROR: no such table: Systems'
  code: 'ERR_TEST_FAILURE'
  name: 'SequelizeDatabaseError'
  stack: |-
    Database.<anonymous> (/Users/jonhy/PersonalDatas/Codes/github/anysoft/qinglong/node_modules/.pnpm/sequelize@6.37.5_@whyour+sqlite3@1.1.2/node_modules/sequelize/src/dialects/sqlite/query.js:236:27)
    /Users/jonhy/PersonalDatas/Codes/github/anysoft/qinglong/node_modules/.pnpm/sequelize@6.37.5_@whyour+sqlite3@1.1.2/node_modules/sequelize/src/dialects/sqlite/query.js:234:50
    new Promise (<anonymous>)
    Query.run (/Users/jonhy/PersonalDatas/Codes/github/anysoft/qinglong/node_modules/.pnpm/sequelize@6.37.5_@whyour+sqlite3@1.1.2/node_modules/sequelize/src/dialects/sqlite/query.js:234:12)
    /Users/jonhy/PersonalDatas/Codes/github/anysoft/qinglong/node_modules/.pnpm/sequelize@6.37.5_@whyour+sqlite3@1.1.2/node_modules/sequelize/src/sequelize.js:650:28
    async triggerTimezone (eval at loadSecurityModule (/Users/jonhy/PersonalDatas/Codes/github/anysoft/qinglong/test/helpers/load-security-module.cjs:35:3), <anonymous>:10:18)
    async createTriggerSchema (eval at loadSecurityModule (/Users/jonhy/PersonalDatas/Codes/github/anysoft/qinglong/test/helpers/load-security-module.cjs:35:3), <anonymous>:35:22)
    async eval (eval at loadSecurityModule (/Users/jonhy/PersonalDatas/Codes/github/anysoft/qinglong/test/helpers/load-security-module.cjs:35:3), <anonymous>:205:13)
    async /Users/jonhy/PersonalDatas/Codes/github/anysoft/qinglong/node_modules/.pnpm/sequelize@6.37.5_@whyour+sqlite3@1.1.2/node_modules/sequelize/src/sequelize.js:1197:18
    async Object.initializeOperationalSchema (eval at loadSecurityModule (/Users/jonhy/PersonalDatas/Codes/github/anysoft/qinglong/test/helpers/load-security-module.cjs:35:3), <anonymous>:60:5)
  ...
# Subtest: FORBID persists skipped submission, QUEUE is FIFO, queued cancel never spawns
not ok 180 - FORBID persists skipped submission, QUEUE is FIFO, queued cancel never spawns
  ---
  duration_ms: 1010.014042
  type: 'test'
  location: '/Users/jonhy/PersonalDatas/Codes/github/anysoft/qinglong/tests/phase10/execution.test.cjs:34:1'
  failureType: 'testCodeFailure'
  error: 'SQLITE_ERROR: no such table: Systems'
  code: 'ERR_TEST_FAILURE'
  name: 'SequelizeDatabaseError'
  stack: |-
    Database.<anonymous> (/Users/jonhy/PersonalDatas/Codes/github/anysoft/qinglong/node_modules/.pnpm/sequelize@6.37.5_@whyour+sqlite3@1.1.2/node_modules/sequelize/src/dialects/sqlite/query.js:236:27)
    /Users/jonhy/PersonalDatas/Codes/github/anysoft/qinglong/node_modules/.pnpm/sequelize@6.37.5_@whyour+sqlite3@1.1.2/node_modules/sequelize/src/dialects/sqlite/query.js:234:50
    new Promise (<anonymous>)
    Query.run (/Users/jonhy/PersonalDatas/Codes/github/anysoft/qinglong/node_modules/.pnpm/sequelize@6.37.5_@whyour+sqlite3@1.1.2/node_modules/sequelize/src/dialects/sqlite/query.js:234:12)
    /Users/jonhy/PersonalDatas/Codes/github/anysoft/qinglong/node_modules/.pnpm/sequelize@6.37.5_@whyour+sqlite3@1.1.2/node_modules/sequelize/src/sequelize.js:650:28
    async triggerTimezone (eval at loadSecurityModule (/Users/jonhy/PersonalDatas/Codes/github/anysoft/qinglong/test/helpers/load-security-module.cjs:35:3), <anonymous>:10:18)
    async createTriggerSchema (eval at loadSecurityModule (/Users/jonhy/PersonalDatas/Codes/github/anysoft/qinglong/test/helpers/load-security-module.cjs:35:3), <anonymous>:35:22)
    async eval (eval at loadSecurityModule (/Users/jonhy/PersonalDatas/Codes/github/anysoft/qinglong/test/helpers/load-security-module.cjs:35:3), <anonymous>:205:13)
    async /Users/jonhy/PersonalDatas/Codes/github/anysoft/qinglong/node_modules/.pnpm/sequelize@6.37.5_@whyour+sqlite3@1.1.2/node_modules/sequelize/src/sequelize.js:1197:18
    async Object.initializeOperationalSchema (eval at loadSecurityModule (/Users/jonhy/PersonalDatas/Codes/github/anysoft/qinglong/test/helpers/load-security-module.cjs:35:3), <anonymous>:60:5)
  ...
# Subtest: retry attempts freeze scoped ENV and settings; each BEFORE patch starts from snapshot
not ok 181 - retry attempts freeze scoped ENV and settings; each BEFORE patch starts from snapshot
  ---
  duration_ms: 797.707583
  type: 'test'
  location: '/Users/jonhy/PersonalDatas/Codes/github/anysoft/qinglong/tests/phase10/execution.test.cjs:47:1'
  failureType: 'testCodeFailure'
  error: 'SQLITE_ERROR: no such table: Systems'
  code: 'ERR_TEST_FAILURE'
  name: 'SequelizeDatabaseError'
  stack: |-
    Database.<anonymous> (/Users/jonhy/PersonalDatas/Codes/github/anysoft/qinglong/node_modules/.pnpm/sequelize@6.37.5_@whyour+sqlite3@1.1.2/node_modules/sequelize/src/dialects/sqlite/query.js:236:27)
    /Users/jonhy/PersonalDatas/Codes/github/anysoft/qinglong/node_modules/.pnpm/sequelize@6.37.5_@whyour+sqlite3@1.1.2/node_modules/sequelize/src/dialects/sqlite/query.js:234:50
    new Promise (<anonymous>)
    Query.run (/Users/jonhy/PersonalDatas/Codes/github/anysoft/qinglong/node_modules/.pnpm/sequelize@6.37.5_@whyour+sqlite3@1.1.2/node_modules/sequelize/src/dialects/sqlite/query.js:234:12)
    /Users/jonhy/PersonalDatas/Codes/github/anysoft/qinglong/node_modules/.pnpm/sequelize@6.37.5_@whyour+sqlite3@1.1.2/node_modules/sequelize/src/sequelize.js:650:28
    async triggerTimezone (eval at loadSecurityModule (/Users/jonhy/PersonalDatas/Codes/github/anysoft/qinglong/test/helpers/load-security-module.cjs:35:3), <anonymous>:10:18)
    async createTriggerSchema (eval at loadSecurityModule (/Users/jonhy/PersonalDatas/Codes/github/anysoft/qinglong/test/helpers/load-security-module.cjs:35:3), <anonymous>:35:22)
    async eval (eval at loadSecurityModule (/Users/jonhy/PersonalDatas/Codes/github/anysoft/qinglong/test/helpers/load-security-module.cjs:35:3), <anonymous>:205:13)
    async /Users/jonhy/PersonalDatas/Codes/github/anysoft/qinglong/node_modules/.pnpm/sequelize@6.37.5_@whyour+sqlite3@1.1.2/node_modules/sequelize/src/sequelize.js:1197:18
    async Object.initializeOperationalSchema (eval at loadSecurityModule (/Users/jonhy/PersonalDatas/Codes/github/anysoft/qinglong/test/helpers/load-security-module.cjs:35:3), <anonymous>:60:5)
  ...
# Subtest: BEFORE generated secret is redacted before buffered output and MAIN, FINALLY runs
not ok 182 - BEFORE generated secret is redacted before buffered output and MAIN, FINALLY runs
  ---
  duration_ms: 698.759625
  type: 'test'
  location: '/Users/jonhy/PersonalDatas/Codes/github/anysoft/qinglong/tests/phase10/execution.test.cjs:66:1'
  failureType: 'testCodeFailure'
  error: 'SQLITE_ERROR: no such table: Systems'
  code: 'ERR_TEST_FAILURE'
  name: 'SequelizeDatabaseError'
  stack: |-
    Database.<anonymous> (/Users/jonhy/PersonalDatas/Codes/github/anysoft/qinglong/node_modules/.pnpm/sequelize@6.37.5_@whyour+sqlite3@1.1.2/node_modules/sequelize/src/dialects/sqlite/query.js:236:27)
    /Users/jonhy/PersonalDatas/Codes/github/anysoft/qinglong/node_modules/.pnpm/sequelize@6.37.5_@whyour+sqlite3@1.1.2/node_modules/sequelize/src/dialects/sqlite/query.js:234:50
    new Promise (<anonymous>)
    Query.run (/Users/jonhy/PersonalDatas/Codes/github/anysoft/qinglong/node_modules/.pnpm/sequelize@6.37.5_@whyour+sqlite3@1.1.2/node_modules/sequelize/src/dialects/sqlite/query.js:234:12)
    /Users/jonhy/PersonalDatas/Codes/github/anysoft/qinglong/node_modules/.pnpm/sequelize@6.37.5_@whyour+sqlite3@1.1.2/node_modules/sequelize/src/sequelize.js:650:28
    async triggerTimezone (eval at loadSecurityModule (/Users/jonhy/PersonalDatas/Codes/github/anysoft/qinglong/test/helpers/load-security-module.cjs:35:3), <anonymous>:10:18)
    async createTriggerSchema (eval at loadSecurityModule (/Users/jonhy/PersonalDatas/Codes/github/anysoft/qinglong/test/helpers/load-security-module.cjs:35:3), <anonymous>:35:22)
    async eval (eval at loadSecurityModule (/Users/jonhy/PersonalDatas/Codes/github/anysoft/qinglong/test/helpers/load-security-module.cjs:35:3), <anonymous>:205:13)
    async /Users/jonhy/PersonalDatas/Codes/github/anysoft/qinglong/node_modules/.pnpm/sequelize@6.37.5_@whyour+sqlite3@1.1.2/node_modules/sequelize/src/sequelize.js:1197:18
    async Object.initializeOperationalSchema (eval at loadSecurityModule (/Users/jonhy/PersonalDatas/Codes/github/anysoft/qinglong/test/helpers/load-security-module.cjs:35:3), <anonymous>:60:5)
  ...
# Subtest: retry resets BEFORE patches, freezes Config and Hooks, keeps run-wide secrets, removes private Hook files
not ok 183 - retry resets BEFORE patches, freezes Config and Hooks, keeps run-wide secrets, removes private Hook files
  ---
  duration_ms: 1412.171125
  type: 'test'
  location: '/Users/jonhy/PersonalDatas/Codes/github/anysoft/qinglong/tests/phase10/hardening.test.cjs:11:1'
  failureType: 'testCodeFailure'
  error: 'SQLITE_ERROR: no such table: Systems'
  code: 'ERR_TEST_FAILURE'
  name: 'SequelizeDatabaseError'
  stack: |-
    Database.<anonymous> (/Users/jonhy/PersonalDatas/Codes/github/anysoft/qinglong/node_modules/.pnpm/sequelize@6.37.5_@whyour+sqlite3@1.1.2/node_modules/sequelize/src/dialects/sqlite/query.js:236:27)
    /Users/jonhy/PersonalDatas/Codes/github/anysoft/qinglong/node_modules/.pnpm/sequelize@6.37.5_@whyour+sqlite3@1.1.2/node_modules/sequelize/src/dialects/sqlite/query.js:234:50
    new Promise (<anonymous>)
    Query.run (/Users/jonhy/PersonalDatas/Codes/github/anysoft/qinglong/node_modules/.pnpm/sequelize@6.37.5_@whyour+sqlite3@1.1.2/node_modules/sequelize/src/dialects/sqlite/query.js:234:12)
    /Users/jonhy/PersonalDatas/Codes/github/anysoft/qinglong/node_modules/.pnpm/sequelize@6.37.5_@whyour+sqlite3@1.1.2/node_modules/sequelize/src/sequelize.js:650:28
    async triggerTimezone (eval at loadSecurityModule (/Users/jonhy/PersonalDatas/Codes/github/anysoft/qinglong/test/helpers/load-security-module.cjs:35:3), <anonymous>:10:18)
    async createTriggerSchema (eval at loadSecurityModule (/Users/jonhy/PersonalDatas/Codes/github/anysoft/qinglong/test/helpers/load-security-module.cjs:35:3), <anonymous>:35:22)
    async eval (eval at loadSecurityModule (/Users/jonhy/PersonalDatas/Codes/github/anysoft/qinglong/test/helpers/load-security-module.cjs:35:3), <anonymous>:205:13)
    async /Users/jonhy/PersonalDatas/Codes/github/anysoft/qinglong/node_modules/.pnpm/sequelize@6.37.5_@whyour+sqlite3@1.1.2/node_modules/sequelize/src/sequelize.js:1197:18
    async Object.initializeOperationalSchema (eval at loadSecurityModule (/Users/jonhy/PersonalDatas/Codes/github/anysoft/qinglong/test/helpers/load-security-module.cjs:35:3), <anonymous>:60:5)
  ...
# Subtest: invalid Hook output never retries; FINALLY executes and private files are removed
not ok 184 - invalid Hook output never retries; FINALLY executes and private files are removed
  ---
  duration_ms: 994.748916
  type: 'test'
  location: '/Users/jonhy/PersonalDatas/Codes/github/anysoft/qinglong/tests/phase10/hardening.test.cjs:30:1'
  failureType: 'testCodeFailure'
  error: 'SQLITE_ERROR: no such table: Systems'
  code: 'ERR_TEST_FAILURE'
  name: 'SequelizeDatabaseError'
  stack: |-
    Database.<anonymous> (/Users/jonhy/PersonalDatas/Codes/github/anysoft/qinglong/node_modules/.pnpm/sequelize@6.37.5_@whyour+sqlite3@1.1.2/node_modules/sequelize/src/dialects/sqlite/query.js:236:27)
    /Users/jonhy/PersonalDatas/Codes/github/anysoft/qinglong/node_modules/.pnpm/sequelize@6.37.5_@whyour+sqlite3@1.1.2/node_modules/sequelize/src/dialects/sqlite/query.js:234:50
    new Promise (<anonymous>)
    Query.run (/Users/jonhy/PersonalDatas/Codes/github/anysoft/qinglong/node_modules/.pnpm/sequelize@6.37.5_@whyour+sqlite3@1.1.2/node_modules/sequelize/src/dialects/sqlite/query.js:234:12)
    /Users/jonhy/PersonalDatas/Codes/github/anysoft/qinglong/node_modules/.pnpm/sequelize@6.37.5_@whyour+sqlite3@1.1.2/node_modules/sequelize/src/sequelize.js:650:28
    async triggerTimezone (eval at loadSecurityModule (/Users/jonhy/PersonalDatas/Codes/github/anysoft/qinglong/test/helpers/load-security-module.cjs:35:3), <anonymous>:10:18)
    async createTriggerSchema (eval at loadSecurityModule (/Users/jonhy/PersonalDatas/Codes/github/anysoft/qinglong/test/helpers/load-security-module.cjs:35:3), <anonymous>:35:22)
    async eval (eval at loadSecurityModule (/Users/jonhy/PersonalDatas/Codes/github/anysoft/qinglong/test/helpers/load-security-module.cjs:35:3), <anonymous>:205:13)
    async /Users/jonhy/PersonalDatas/Codes/github/anysoft/qinglong/node_modules/.pnpm/sequelize@6.37.5_@whyour+sqlite3@1.1.2/node_modules/sequelize/src/sequelize.js:1197:18
    async Object.initializeOperationalSchema (eval at loadSecurityModule (/Users/jonhy/PersonalDatas/Codes/github/anysoft/qinglong/test/helpers/load-security-module.cjs:35:3), <anonymous>:60:5)
  ...
# Subtest: pre-resolution, skipped and queued cancelled runs persist canonical results
not ok 185 - pre-resolution, skipped and queued cancelled runs persist canonical results
  ---
  duration_ms: 996.659333
  type: 'test'
  location: '/Users/jonhy/PersonalDatas/Codes/github/anysoft/qinglong/tests/phase10/hardening.test.cjs:41:1'
  failureType: 'testCodeFailure'
  error: 'SQLITE_ERROR: no such table: Systems'
  code: 'ERR_TEST_FAILURE'
  name: 'SequelizeDatabaseError'
  stack: |-
    Database.<anonymous> (/Users/jonhy/PersonalDatas/Codes/github/anysoft/qinglong/node_modules/.pnpm/sequelize@6.37.5_@whyour+sqlite3@1.1.2/node_modules/sequelize/src/dialects/sqlite/query.js:236:27)
    /Users/jonhy/PersonalDatas/Codes/github/anysoft/qinglong/node_modules/.pnpm/sequelize@6.37.5_@whyour+sqlite3@1.1.2/node_modules/sequelize/src/dialects/sqlite/query.js:234:50
    new Promise (<anonymous>)
    Query.run (/Users/jonhy/PersonalDatas/Codes/github/anysoft/qinglong/node_modules/.pnpm/sequelize@6.37.5_@whyour+sqlite3@1.1.2/node_modules/sequelize/src/dialects/sqlite/query.js:234:12)
    /Users/jonhy/PersonalDatas/Codes/github/anysoft/qinglong/node_modules/.pnpm/sequelize@6.37.5_@whyour+sqlite3@1.1.2/node_modules/sequelize/src/sequelize.js:650:28
    async triggerTimezone (eval at loadSecurityModule (/Users/jonhy/PersonalDatas/Codes/github/anysoft/qinglong/test/helpers/load-security-module.cjs:35:3), <anonymous>:10:18)
    async createTriggerSchema (eval at loadSecurityModule (/Users/jonhy/PersonalDatas/Codes/github/anysoft/qinglong/test/helpers/load-security-module.cjs:35:3), <anonymous>:35:22)
    async eval (eval at loadSecurityModule (/Users/jonhy/PersonalDatas/Codes/github/anysoft/qinglong/test/helpers/load-security-module.cjs:35:3), <anonymous>:205:13)
    async /Users/jonhy/PersonalDatas/Codes/github/anysoft/qinglong/node_modules/.pnpm/sequelize@6.37.5_@whyour+sqlite3@1.1.2/node_modules/sequelize/src/sequelize.js:1197:18
    async Object.initializeOperationalSchema (eval at loadSecurityModule (/Users/jonhy/PersonalDatas/Codes/github/anysoft/qinglong/test/helpers/load-security-module.cjs:35:3), <anonymous>:60:5)
  ...
# Subtest: node binding rejects imported sibling module trees and preserves unknown replacement on recovery
not ok 186 - node binding rejects imported sibling module trees and preserves unknown replacement on recovery
  ---
  duration_ms: 792.122583
  type: 'test'
  location: '/Users/jonhy/PersonalDatas/Codes/github/anysoft/qinglong/tests/phase10/hardening.test.cjs:54:1'
  failureType: 'testCodeFailure'
  error: 'SQLITE_ERROR: no such table: Systems'
  code: 'ERR_TEST_FAILURE'
  name: 'SequelizeDatabaseError'
  stack: |-
    Database.<anonymous> (/Users/jonhy/PersonalDatas/Codes/github/anysoft/qinglong/node_modules/.pnpm/sequelize@6.37.5_@whyour+sqlite3@1.1.2/node_modules/sequelize/src/dialects/sqlite/query.js:236:27)
    /Users/jonhy/PersonalDatas/Codes/github/anysoft/qinglong/node_modules/.pnpm/sequelize@6.37.5_@whyour+sqlite3@1.1.2/node_modules/sequelize/src/dialects/sqlite/query.js:234:50
    new Promise (<anonymous>)
    Query.run (/Users/jonhy/PersonalDatas/Codes/github/anysoft/qinglong/node_modules/.pnpm/sequelize@6.37.5_@whyour+sqlite3@1.1.2/node_modules/sequelize/src/dialects/sqlite/query.js:234:12)
    /Users/jonhy/PersonalDatas/Codes/github/anysoft/qinglong/node_modules/.pnpm/sequelize@6.37.5_@whyour+sqlite3@1.1.2/node_modules/sequelize/src/sequelize.js:650:28
    async triggerTimezone (eval at loadSecurityModule (/Users/jonhy/PersonalDatas/Codes/github/anysoft/qinglong/test/helpers/load-security-module.cjs:35:3), <anonymous>:10:18)
    async createTriggerSchema (eval at loadSecurityModule (/Users/jonhy/PersonalDatas/Codes/github/anysoft/qinglong/test/helpers/load-security-module.cjs:35:3), <anonymous>:35:22)
    async eval (eval at loadSecurityModule (/Users/jonhy/PersonalDatas/Codes/github/anysoft/qinglong/test/helpers/load-security-module.cjs:35:3), <anonymous>:205:13)
    async /Users/jonhy/PersonalDatas/Codes/github/anysoft/qinglong/node_modules/.pnpm/sequelize@6.37.5_@whyour+sqlite3@1.1.2/node_modules/sequelize/src/sequelize.js:1197:18
    async Object.initializeOperationalSchema (eval at loadSecurityModule (/Users/jonhy/PersonalDatas/Codes/github/anysoft/qinglong/test/helpers/load-security-module.cjs:35:3), <anonymous>:60:5)
  ...
# Subtest: private cleanup fails closed on unknown file and preserves that file
not ok 187 - private cleanup fails closed on unknown file and preserves that file
  ---
  duration_ms: 750.203625
  type: 'test'
  location: '/Users/jonhy/PersonalDatas/Codes/github/anysoft/qinglong/tests/phase10/hardening.test.cjs:76:1'
  failureType: 'testCodeFailure'
  error: 'SQLITE_ERROR: no such table: Systems'
  code: 'ERR_TEST_FAILURE'
  name: 'SequelizeDatabaseError'
  stack: |-
    Database.<anonymous> (/Users/jonhy/PersonalDatas/Codes/github/anysoft/qinglong/node_modules/.pnpm/sequelize@6.37.5_@whyour+sqlite3@1.1.2/node_modules/sequelize/src/dialects/sqlite/query.js:236:27)
    /Users/jonhy/PersonalDatas/Codes/github/anysoft/qinglong/node_modules/.pnpm/sequelize@6.37.5_@whyour+sqlite3@1.1.2/node_modules/sequelize/src/dialects/sqlite/query.js:234:50
    new Promise (<anonymous>)
    Query.run (/Users/jonhy/PersonalDatas/Codes/github/anysoft/qinglong/node_modules/.pnpm/sequelize@6.37.5_@whyour+sqlite3@1.1.2/node_modules/sequelize/src/dialects/sqlite/query.js:234:12)
    /Users/jonhy/PersonalDatas/Codes/github/anysoft/qinglong/node_modules/.pnpm/sequelize@6.37.5_@whyour+sqlite3@1.1.2/node_modules/sequelize/src/sequelize.js:650:28
    async triggerTimezone (eval at loadSecurityModule (/Users/jonhy/PersonalDatas/Codes/github/anysoft/qinglong/test/helpers/load-security-module.cjs:35:3), <anonymous>:10:18)
    async createTriggerSchema (eval at loadSecurityModule (/Users/jonhy/PersonalDatas/Codes/github/anysoft/qinglong/test/helpers/load-security-module.cjs:35:3), <anonymous>:35:22)
    async eval (eval at loadSecurityModule (/Users/jonhy/PersonalDatas/Codes/github/anysoft/qinglong/test/helpers/load-security-module.cjs:35:3), <anonymous>:205:13)
    async /Users/jonhy/PersonalDatas/Codes/github/anysoft/qinglong/node_modules/.pnpm/sequelize@6.37.5_@whyour+sqlite3@1.1.2/node_modules/sequelize/src/sequelize.js:1197:18
    async Object.initializeOperationalSchema (eval at loadSecurityModule (/Users/jonhy/PersonalDatas/Codes/github/anysoft/qinglong/test/helpers/load-security-module.cjs:35:3), <anonymous>:60:5)
  ...
# Subtest: notification observes durable final result exactly once; delivery failure is secondary
not ok 188 - notification observes durable final result exactly once; delivery failure is secondary
  ---
  duration_ms: 747.508375
  type: 'test'
  location: '/Users/jonhy/PersonalDatas/Codes/github/anysoft/qinglong/tests/phase10/hardening.test.cjs:86:1'
  failureType: 'testCodeFailure'
  error: 'SQLITE_ERROR: no such table: Systems'
  code: 'ERR_TEST_FAILURE'
  name: 'SequelizeDatabaseError'
  stack: |-
    Database.<anonymous> (/Users/jonhy/PersonalDatas/Codes/github/anysoft/qinglong/node_modules/.pnpm/sequelize@6.37.5_@whyour+sqlite3@1.1.2/node_modules/sequelize/src/dialects/sqlite/query.js:236:27)
    /Users/jonhy/PersonalDatas/Codes/github/anysoft/qinglong/node_modules/.pnpm/sequelize@6.37.5_@whyour+sqlite3@1.1.2/node_modules/sequelize/src/dialects/sqlite/query.js:234:50
    new Promise (<anonymous>)
    Query.run (/Users/jonhy/PersonalDatas/Codes/github/anysoft/qinglong/node_modules/.pnpm/sequelize@6.37.5_@whyour+sqlite3@1.1.2/node_modules/sequelize/src/dialects/sqlite/query.js:234:12)
    /Users/jonhy/PersonalDatas/Codes/github/anysoft/qinglong/node_modules/.pnpm/sequelize@6.37.5_@whyour+sqlite3@1.1.2/node_modules/sequelize/src/sequelize.js:650:28
    async triggerTimezone (eval at loadSecurityModule (/Users/jonhy/PersonalDatas/Codes/github/anysoft/qinglong/test/helpers/load-security-module.cjs:35:3), <anonymous>:10:18)
    async createTriggerSchema (eval at loadSecurityModule (/Users/jonhy/PersonalDatas/Codes/github/anysoft/qinglong/test/helpers/load-security-module.cjs:35:3), <anonymous>:35:22)
    async eval (eval at loadSecurityModule (/Users/jonhy/PersonalDatas/Codes/github/anysoft/qinglong/test/helpers/load-security-module.cjs:35:3), <anonymous>:205:13)
    async /Users/jonhy/PersonalDatas/Codes/github/anysoft/qinglong/node_modules/.pnpm/sequelize@6.37.5_@whyour+sqlite3@1.1.2/node_modules/sequelize/src/sequelize.js:1197:18
    async Object.initializeOperationalSchema (eval at loadSecurityModule (/Users/jonhy/PersonalDatas/Codes/github/anysoft/qinglong/test/helpers/load-security-module.cjs:35:3), <anonymous>:60:5)
  ...
# Subtest: large UTF-8 per-run logs drain all bytes and tail without split-codepoint replacement
not ok 189 - large UTF-8 per-run logs drain all bytes and tail without split-codepoint replacement
  ---
  duration_ms: 723.157416
  type: 'test'
  location: '/Users/jonhy/PersonalDatas/Codes/github/anysoft/qinglong/tests/phase10/hardening.test.cjs:102:1'
  failureType: 'testCodeFailure'
  error: 'SQLITE_ERROR: no such table: Systems'
  code: 'ERR_TEST_FAILURE'
  name: 'SequelizeDatabaseError'
  stack: |-
    Database.<anonymous> (/Users/jonhy/PersonalDatas/Codes/github/anysoft/qinglong/node_modules/.pnpm/sequelize@6.37.5_@whyour+sqlite3@1.1.2/node_modules/sequelize/src/dialects/sqlite/query.js:236:27)
    /Users/jonhy/PersonalDatas/Codes/github/anysoft/qinglong/node_modules/.pnpm/sequelize@6.37.5_@whyour+sqlite3@1.1.2/node_modules/sequelize/src/dialects/sqlite/query.js:234:50
    new Promise (<anonymous>)
    Query.run (/Users/jonhy/PersonalDatas/Codes/github/anysoft/qinglong/node_modules/.pnpm/sequelize@6.37.5_@whyour+sqlite3@1.1.2/node_modules/sequelize/src/dialects/sqlite/query.js:234:12)
    /Users/jonhy/PersonalDatas/Codes/github/anysoft/qinglong/node_modules/.pnpm/sequelize@6.37.5_@whyour+sqlite3@1.1.2/node_modules/sequelize/src/sequelize.js:650:28
    async triggerTimezone (eval at loadSecurityModule (/Users/jonhy/PersonalDatas/Codes/github/anysoft/qinglong/test/helpers/load-security-module.cjs:35:3), <anonymous>:10:18)
    async createTriggerSchema (eval at loadSecurityModule (/Users/jonhy/PersonalDatas/Codes/github/anysoft/qinglong/test/helpers/load-security-module.cjs:35:3), <anonymous>:35:22)
    async eval (eval at loadSecurityModule (/Users/jonhy/PersonalDatas/Codes/github/anysoft/qinglong/test/helpers/load-security-module.cjs:35:3), <anonymous>:205:13)
    async /Users/jonhy/PersonalDatas/Codes/github/anysoft/qinglong/node_modules/.pnpm/sequelize@6.37.5_@whyour+sqlite3@1.1.2/node_modules/sequelize/src/sequelize.js:1197:18
    async Object.initializeOperationalSchema (eval at loadSecurityModule (/Users/jonhy/PersonalDatas/Codes/github/anysoft/qinglong/test/helpers/load-security-module.cjs:35:3), <anonymous>:60:5)
  ...
# Subtest: graceful shutdown waits for an in-flight claim and cancels its new owner
not ok 190 - graceful shutdown waits for an in-flight claim and cancels its new owner
  ---
  duration_ms: 686.001375
  type: 'test'
  location: '/Users/jonhy/PersonalDatas/Codes/github/anysoft/qinglong/tests/phase10/hardening.test.cjs:117:1'
  failureType: 'testCodeFailure'
  error: 'SQLITE_ERROR: no such table: Systems'
  code: 'ERR_TEST_FAILURE'
  name: 'SequelizeDatabaseError'
  stack: |-
    Database.<anonymous> (/Users/jonhy/PersonalDatas/Codes/github/anysoft/qinglong/node_modules/.pnpm/sequelize@6.37.5_@whyour+sqlite3@1.1.2/node_modules/sequelize/src/dialects/sqlite/query.js:236:27)
    /Users/jonhy/PersonalDatas/Codes/github/anysoft/qinglong/node_modules/.pnpm/sequelize@6.37.5_@whyour+sqlite3@1.1.2/node_modules/sequelize/src/dialects/sqlite/query.js:234:50
    new Promise (<anonymous>)
    Query.run (/Users/jonhy/PersonalDatas/Codes/github/anysoft/qinglong/node_modules/.pnpm/sequelize@6.37.5_@whyour+sqlite3@1.1.2/node_modules/sequelize/src/dialects/sqlite/query.js:234:12)
    /Users/jonhy/PersonalDatas/Codes/github/anysoft/qinglong/node_modules/.pnpm/sequelize@6.37.5_@whyour+sqlite3@1.1.2/node_modules/sequelize/src/sequelize.js:650:28
    async triggerTimezone (eval at loadSecurityModule (/Users/jonhy/PersonalDatas/Codes/github/anysoft/qinglong/test/helpers/load-security-module.cjs:35:3), <anonymous>:10:18)
    async createTriggerSchema (eval at loadSecurityModule (/Users/jonhy/PersonalDatas/Codes/github/anysoft/qinglong/test/helpers/load-security-module.cjs:35:3), <anonymous>:35:22)
    async eval (eval at loadSecurityModule (/Users/jonhy/PersonalDatas/Codes/github/anysoft/qinglong/test/helpers/load-security-module.cjs:35:3), <anonymous>:205:13)
    async /Users/jonhy/PersonalDatas/Codes/github/anysoft/qinglong/node_modules/.pnpm/sequelize@6.37.5_@whyour+sqlite3@1.1.2/node_modules/sequelize/src/sequelize.js:1197:18
    async Object.initializeOperationalSchema (eval at loadSecurityModule (/Users/jonhy/PersonalDatas/Codes/github/anysoft/qinglong/test/helpers/load-security-module.cjs:35:3), <anonymous>:60:5)
  ...
# Subtest: EXPONENTIAL retry executes three total attempts with 1s then 2s backoff
not ok 191 - EXPONENTIAL retry executes three total attempts with 1s then 2s backoff
  ---
  duration_ms: 1542.811333
  type: 'test'
  location: '/Users/jonhy/PersonalDatas/Codes/github/anysoft/qinglong/tests/phase10/policies.test.cjs:5:1'
  failureType: 'testCodeFailure'
  error: 'SQLITE_ERROR: no such table: Systems'
  code: 'ERR_TEST_FAILURE'
  name: 'SequelizeDatabaseError'
  stack: |-
    Database.<anonymous> (/Users/jonhy/PersonalDatas/Codes/github/anysoft/qinglong/node_modules/.pnpm/sequelize@6.37.5_@whyour+sqlite3@1.1.2/node_modules/sequelize/src/dialects/sqlite/query.js:236:27)
    /Users/jonhy/PersonalDatas/Codes/github/anysoft/qinglong/node_modules/.pnpm/sequelize@6.37.5_@whyour+sqlite3@1.1.2/node_modules/sequelize/src/dialects/sqlite/query.js:234:50
    new Promise (<anonymous>)
    Query.run (/Users/jonhy/PersonalDatas/Codes/github/anysoft/qinglong/node_modules/.pnpm/sequelize@6.37.5_@whyour+sqlite3@1.1.2/node_modules/sequelize/src/dialects/sqlite/query.js:234:12)
    /Users/jonhy/PersonalDatas/Codes/github/anysoft/qinglong/node_modules/.pnpm/sequelize@6.37.5_@whyour+sqlite3@1.1.2/node_modules/sequelize/src/sequelize.js:650:28
    async triggerTimezone (eval at loadSecurityModule (/Users/jonhy/PersonalDatas/Codes/github/anysoft/qinglong/test/helpers/load-security-module.cjs:35:3), <anonymous>:10:18)
    async createTriggerSchema (eval at loadSecurityModule (/Users/jonhy/PersonalDatas/Codes/github/anysoft/qinglong/test/helpers/load-security-module.cjs:35:3), <anonymous>:35:22)
    async eval (eval at loadSecurityModule (/Users/jonhy/PersonalDatas/Codes/github/anysoft/qinglong/test/helpers/load-security-module.cjs:35:3), <anonymous>:205:13)
    async /Users/jonhy/PersonalDatas/Codes/github/anysoft/qinglong/node_modules/.pnpm/sequelize@6.37.5_@whyour+sqlite3@1.1.2/node_modules/sequelize/src/sequelize.js:1197:18
    async Object.initializeOperationalSchema (eval at loadSecurityModule (/Users/jonhy/PersonalDatas/Codes/github/anysoft/qinglong/test/helpers/load-security-module.cjs:35:3), <anonymous>:60:5)
  ...
# Subtest: ALLOW preserves same-task submissions while independent Worktrees execute concurrently
not ok 192 - ALLOW preserves same-task submissions while independent Worktrees execute concurrently
  ---
  duration_ms: 1142.900708
  type: 'test'
  location: '/Users/jonhy/PersonalDatas/Codes/github/anysoft/qinglong/tests/phase10/policies.test.cjs:17:1'
  failureType: 'testCodeFailure'
  error: 'SQLITE_ERROR: no such table: Systems'
  code: 'ERR_TEST_FAILURE'
  name: 'SequelizeDatabaseError'
  stack: |-
    Database.<anonymous> (/Users/jonhy/PersonalDatas/Codes/github/anysoft/qinglong/node_modules/.pnpm/sequelize@6.37.5_@whyour+sqlite3@1.1.2/node_modules/sequelize/src/dialects/sqlite/query.js:236:27)
    /Users/jonhy/PersonalDatas/Codes/github/anysoft/qinglong/node_modules/.pnpm/sequelize@6.37.5_@whyour+sqlite3@1.1.2/node_modules/sequelize/src/dialects/sqlite/query.js:234:50
    new Promise (<anonymous>)
    Query.run (/Users/jonhy/PersonalDatas/Codes/github/anysoft/qinglong/node_modules/.pnpm/sequelize@6.37.5_@whyour+sqlite3@1.1.2/node_modules/sequelize/src/dialects/sqlite/query.js:234:12)
    /Users/jonhy/PersonalDatas/Codes/github/anysoft/qinglong/node_modules/.pnpm/sequelize@6.37.5_@whyour+sqlite3@1.1.2/node_modules/sequelize/src/sequelize.js:650:28
    async triggerTimezone (eval at loadSecurityModule (/Users/jonhy/PersonalDatas/Codes/github/anysoft/qinglong/test/helpers/load-security-module.cjs:35:3), <anonymous>:10:18)
    async createTriggerSchema (eval at loadSecurityModule (/Users/jonhy/PersonalDatas/Codes/github/anysoft/qinglong/test/helpers/load-security-module.cjs:35:3), <anonymous>:35:22)
    async eval (eval at loadSecurityModule (/Users/jonhy/PersonalDatas/Codes/github/anysoft/qinglong/test/helpers/load-security-module.cjs:35:3), <anonymous>:205:13)
    async /Users/jonhy/PersonalDatas/Codes/github/anysoft/qinglong/node_modules/.pnpm/sequelize@6.37.5_@whyour+sqlite3@1.1.2/node_modules/sequelize/src/sequelize.js:1197:18
    async Object.initializeOperationalSchema (eval at loadSecurityModule (/Users/jonhy/PersonalDatas/Codes/github/anysoft/qinglong/test/helpers/load-security-module.cjs:35:3), <anonymous>:60:5)
  ...
# Subtest: SIGKILL recovery waits for inherited ownership, reaps descendants and restores Config; queued run survives
not ok 193 - SIGKILL recovery waits for inherited ownership, reaps descendants and restores Config; queued run survives
  ---
  duration_ms: 1710.375958
  type: 'test'
  location: '/Users/jonhy/PersonalDatas/Codes/github/anysoft/qinglong/tests/phase10/recovery.test.cjs:13:1'
  failureType: 'testCodeFailure'
  error: 'SQLITE_ERROR: no such table: Systems'
  code: 'ERR_TEST_FAILURE'
  name: 'SequelizeDatabaseError'
  stack: |-
    Database.<anonymous> (/Users/jonhy/PersonalDatas/Codes/github/anysoft/qinglong/node_modules/.pnpm/sequelize@6.37.5_@whyour+sqlite3@1.1.2/node_modules/sequelize/src/dialects/sqlite/query.js:236:27)
    /Users/jonhy/PersonalDatas/Codes/github/anysoft/qinglong/node_modules/.pnpm/sequelize@6.37.5_@whyour+sqlite3@1.1.2/node_modules/sequelize/src/dialects/sqlite/query.js:234:50
    new Promise (<anonymous>)
    Query.run (/Users/jonhy/PersonalDatas/Codes/github/anysoft/qinglong/node_modules/.pnpm/sequelize@6.37.5_@whyour+sqlite3@1.1.2/node_modules/sequelize/src/dialects/sqlite/query.js:234:12)
    /Users/jonhy/PersonalDatas/Codes/github/anysoft/qinglong/node_modules/.pnpm/sequelize@6.37.5_@whyour+sqlite3@1.1.2/node_modules/sequelize/src/sequelize.js:650:28
    async triggerTimezone (eval at loadSecurityModule (/Users/jonhy/PersonalDatas/Codes/github/anysoft/qinglong/test/helpers/load-security-module.cjs:35:3), <anonymous>:10:18)
    async createTriggerSchema (eval at loadSecurityModule (/Users/jonhy/PersonalDatas/Codes/github/anysoft/qinglong/test/helpers/load-security-module.cjs:35:3), <anonymous>:35:22)
    async eval (eval at loadSecurityModule (/Users/jonhy/PersonalDatas/Codes/github/anysoft/qinglong/test/helpers/load-security-module.cjs:35:3), <anonymous>:205:13)
    async /Users/jonhy/PersonalDatas/Codes/github/anysoft/qinglong/node_modules/.pnpm/sequelize@6.37.5_@whyour+sqlite3@1.1.2/node_modules/sequelize/src/sequelize.js:1197:18
    async Object.initializeOperationalSchema (eval at loadSecurityModule (/Users/jonhy/PersonalDatas/Codes/github/anysoft/qinglong/test/helpers/load-security-module.cjs:35:3), <anonymous>:60:5)
  ...
# Subtest: two independent dispatchers atomically claim one queued run
not ok 194 - two independent dispatchers atomically claim one queued run
  ---
  duration_ms: 980.511916
  type: 'test'
  location: '/Users/jonhy/PersonalDatas/Codes/github/anysoft/qinglong/tests/phase10/recovery.test.cjs:39:1'
  failureType: 'testCodeFailure'
  error: 'SQLITE_ERROR: no such table: Systems'
  code: 'ERR_TEST_FAILURE'
  name: 'SequelizeDatabaseError'
  stack: |-
    Database.<anonymous> (/Users/jonhy/PersonalDatas/Codes/github/anysoft/qinglong/node_modules/.pnpm/sequelize@6.37.5_@whyour+sqlite3@1.1.2/node_modules/sequelize/src/dialects/sqlite/query.js:236:27)
    /Users/jonhy/PersonalDatas/Codes/github/anysoft/qinglong/node_modules/.pnpm/sequelize@6.37.5_@whyour+sqlite3@1.1.2/node_modules/sequelize/src/dialects/sqlite/query.js:234:50
    new Promise (<anonymous>)
    Query.run (/Users/jonhy/PersonalDatas/Codes/github/anysoft/qinglong/node_modules/.pnpm/sequelize@6.37.5_@whyour+sqlite3@1.1.2/node_modules/sequelize/src/dialects/sqlite/query.js:234:12)
    /Users/jonhy/PersonalDatas/Codes/github/anysoft/qinglong/node_modules/.pnpm/sequelize@6.37.5_@whyour+sqlite3@1.1.2/node_modules/sequelize/src/sequelize.js:650:28
    async triggerTimezone (eval at loadSecurityModule (/Users/jonhy/PersonalDatas/Codes/github/anysoft/qinglong/test/helpers/load-security-module.cjs:35:3), <anonymous>:10:18)
    async createTriggerSchema (eval at loadSecurityModule (/Users/jonhy/PersonalDatas/Codes/github/anysoft/qinglong/test/helpers/load-security-module.cjs:35:3), <anonymous>:35:22)
    async eval (eval at loadSecurityModule (/Users/jonhy/PersonalDatas/Codes/github/anysoft/qinglong/test/helpers/load-security-module.cjs:35:3), <anonymous>:205:13)
    async /Users/jonhy/PersonalDatas/Codes/github/anysoft/qinglong/node_modules/.pnpm/sequelize@6.37.5_@whyour+sqlite3@1.1.2/node_modules/sequelize/src/sequelize.js:1197:18
    async Object.initializeOperationalSchema (eval at loadSecurityModule (/Users/jonhy/PersonalDatas/Codes/github/anysoft/qinglong/test/helpers/load-security-module.cjs:35:3), <anonymous>:60:5)
  ...
# Subtest: cleanup conflict preserves unexpected file and backup, preventing SUCCESS
not ok 195 - cleanup conflict preserves unexpected file and backup, preventing SUCCESS
  ---
  duration_ms: 982.083209
  type: 'test'
  location: '/Users/jonhy/PersonalDatas/Codes/github/anysoft/qinglong/tests/phase10/recovery.test.cjs:55:1'
  failureType: 'testCodeFailure'
  error: 'SQLITE_ERROR: no such table: Systems'
  code: 'ERR_TEST_FAILURE'
  name: 'SequelizeDatabaseError'
  stack: |-
    Database.<anonymous> (/Users/jonhy/PersonalDatas/Codes/github/anysoft/qinglong/node_modules/.pnpm/sequelize@6.37.5_@whyour+sqlite3@1.1.2/node_modules/sequelize/src/dialects/sqlite/query.js:236:27)
    /Users/jonhy/PersonalDatas/Codes/github/anysoft/qinglong/node_modules/.pnpm/sequelize@6.37.5_@whyour+sqlite3@1.1.2/node_modules/sequelize/src/dialects/sqlite/query.js:234:50
    new Promise (<anonymous>)
    Query.run (/Users/jonhy/PersonalDatas/Codes/github/anysoft/qinglong/node_modules/.pnpm/sequelize@6.37.5_@whyour+sqlite3@1.1.2/node_modules/sequelize/src/dialects/sqlite/query.js:234:12)
    /Users/jonhy/PersonalDatas/Codes/github/anysoft/qinglong/node_modules/.pnpm/sequelize@6.37.5_@whyour+sqlite3@1.1.2/node_modules/sequelize/src/sequelize.js:650:28
    async triggerTimezone (eval at loadSecurityModule (/Users/jonhy/PersonalDatas/Codes/github/anysoft/qinglong/test/helpers/load-security-module.cjs:35:3), <anonymous>:10:18)
    async createTriggerSchema (eval at loadSecurityModule (/Users/jonhy/PersonalDatas/Codes/github/anysoft/qinglong/test/helpers/load-security-module.cjs:35:3), <anonymous>:35:22)
    async eval (eval at loadSecurityModule (/Users/jonhy/PersonalDatas/Codes/github/anysoft/qinglong/test/helpers/load-security-module.cjs:35:3), <anonymous>:205:13)
    async /Users/jonhy/PersonalDatas/Codes/github/anysoft/qinglong/node_modules/.pnpm/sequelize@6.37.5_@whyour+sqlite3@1.1.2/node_modules/sequelize/src/sequelize.js:1197:18
    async Object.initializeOperationalSchema (eval at loadSecurityModule (/Users/jonhy/PersonalDatas/Codes/github/anysoft/qinglong/test/helpers/load-security-module.cjs:35:3), <anonymous>:60:5)
  ...
# Subtest: backoff cancellation is prompt and keeps original workspace locked until cleanup
not ok 196 - backoff cancellation is prompt and keeps original workspace locked until cleanup
  ---
  duration_ms: 886.354125
  type: 'test'
  location: '/Users/jonhy/PersonalDatas/Codes/github/anysoft/qinglong/tests/phase10/recovery.test.cjs:67:1'
  failureType: 'testCodeFailure'
  error: 'SQLITE_ERROR: no such table: Systems'
  code: 'ERR_TEST_FAILURE'
  name: 'SequelizeDatabaseError'
  stack: |-
    Database.<anonymous> (/Users/jonhy/PersonalDatas/Codes/github/anysoft/qinglong/node_modules/.pnpm/sequelize@6.37.5_@whyour+sqlite3@1.1.2/node_modules/sequelize/src/dialects/sqlite/query.js:236:27)
    /Users/jonhy/PersonalDatas/Codes/github/anysoft/qinglong/node_modules/.pnpm/sequelize@6.37.5_@whyour+sqlite3@1.1.2/node_modules/sequelize/src/dialects/sqlite/query.js:234:50
    new Promise (<anonymous>)
    Query.run (/Users/jonhy/PersonalDatas/Codes/github/anysoft/qinglong/node_modules/.pnpm/sequelize@6.37.5_@whyour+sqlite3@1.1.2/node_modules/sequelize/src/dialects/sqlite/query.js:234:12)
    /Users/jonhy/PersonalDatas/Codes/github/anysoft/qinglong/node_modules/.pnpm/sequelize@6.37.5_@whyour+sqlite3@1.1.2/node_modules/sequelize/src/sequelize.js:650:28
    async triggerTimezone (eval at loadSecurityModule (/Users/jonhy/PersonalDatas/Codes/github/anysoft/qinglong/test/helpers/load-security-module.cjs:35:3), <anonymous>:10:18)
    async createTriggerSchema (eval at loadSecurityModule (/Users/jonhy/PersonalDatas/Codes/github/anysoft/qinglong/test/helpers/load-security-module.cjs:35:3), <anonymous>:35:22)
    async eval (eval at loadSecurityModule (/Users/jonhy/PersonalDatas/Codes/github/anysoft/qinglong/test/helpers/load-security-module.cjs:35:3), <anonymous>:205:13)
    async /Users/jonhy/PersonalDatas/Codes/github/anysoft/qinglong/node_modules/.pnpm/sequelize@6.37.5_@whyour+sqlite3@1.1.2/node_modules/sequelize/src/sequelize.js:1197:18
    async Object.initializeOperationalSchema (eval at loadSecurityModule (/Users/jonhy/PersonalDatas/Codes/github/anysoft/qinglong/test/helpers/load-security-module.cjs:35:3), <anonymous>:60:5)
  ...
# Subtest: actual frozen v6 upgrades to identical fresh latest schema and restarts without schema mutation
not ok 197 - actual frozen v6 upgrades to identical fresh latest schema and restarts without schema mutation
  ---
  duration_ms: 1691.848792
  type: 'test'
  location: '/Users/jonhy/PersonalDatas/Codes/github/anysoft/qinglong/tests/phase10/schema.test.cjs:13:1'
  failureType: 'testCodeFailure'
  error: 'SQLITE_ERROR: no such table: Systems'
  code: 'ERR_TEST_FAILURE'
  name: 'SequelizeDatabaseError'
  stack: |-
    Database.<anonymous> (/Users/jonhy/PersonalDatas/Codes/github/anysoft/qinglong/node_modules/.pnpm/sequelize@6.37.5_@whyour+sqlite3@1.1.2/node_modules/sequelize/src/dialects/sqlite/query.js:236:27)
    /Users/jonhy/PersonalDatas/Codes/github/anysoft/qinglong/node_modules/.pnpm/sequelize@6.37.5_@whyour+sqlite3@1.1.2/node_modules/sequelize/src/dialects/sqlite/query.js:234:50
    new Promise (<anonymous>)
    Query.run (/Users/jonhy/PersonalDatas/Codes/github/anysoft/qinglong/node_modules/.pnpm/sequelize@6.37.5_@whyour+sqlite3@1.1.2/node_modules/sequelize/src/dialects/sqlite/query.js:234:12)
    /Users/jonhy/PersonalDatas/Codes/github/anysoft/qinglong/node_modules/.pnpm/sequelize@6.37.5_@whyour+sqlite3@1.1.2/node_modules/sequelize/src/sequelize.js:650:28
    async triggerTimezone (eval at loadSecurityModule (/Users/jonhy/PersonalDatas/Codes/github/anysoft/qinglong/test/helpers/load-security-module.cjs:35:3), <anonymous>:10:18)
    async createTriggerSchema (eval at loadSecurityModule (/Users/jonhy/PersonalDatas/Codes/github/anysoft/qinglong/test/helpers/load-security-module.cjs:35:3), <anonymous>:35:22)
    async eval (eval at loadSecurityModule (/Users/jonhy/PersonalDatas/Codes/github/anysoft/qinglong/test/helpers/load-security-module.cjs:35:3), <anonymous>:205:13)
    async /Users/jonhy/PersonalDatas/Codes/github/anysoft/qinglong/node_modules/.pnpm/sequelize@6.37.5_@whyour+sqlite3@1.1.2/node_modules/sequelize/src/sequelize.js:1197:18
    async Object.initializeOperationalSchema (eval at loadSecurityModule (/Users/jonhy/PersonalDatas/Codes/github/anysoft/qinglong/test/helpers/load-security-module.cjs:35:3), <anonymous>:60:5)
  ...
# Subtest: v6 late DDL failure preserves Task and secret rows, then retries
not ok 198 - v6 late DDL failure preserves Task and secret rows, then retries
  ---
  duration_ms: 1142.642
  type: 'test'
  location: '/Users/jonhy/PersonalDatas/Codes/github/anysoft/qinglong/tests/phase10/schema.test.cjs:25:1'
  failureType: 'testCodeFailure'
  error: 'SQLITE_ERROR: no such table: Systems'
  code: 'ERR_TEST_FAILURE'
  name: 'SequelizeDatabaseError'
  stack: |-
    Database.<anonymous> (/Users/jonhy/PersonalDatas/Codes/github/anysoft/qinglong/node_modules/.pnpm/sequelize@6.37.5_@whyour+sqlite3@1.1.2/node_modules/sequelize/src/dialects/sqlite/query.js:236:27)
    /Users/jonhy/PersonalDatas/Codes/github/anysoft/qinglong/node_modules/.pnpm/sequelize@6.37.5_@whyour+sqlite3@1.1.2/node_modules/sequelize/src/dialects/sqlite/query.js:234:50
    new Promise (<anonymous>)
    Query.run (/Users/jonhy/PersonalDatas/Codes/github/anysoft/qinglong/node_modules/.pnpm/sequelize@6.37.5_@whyour+sqlite3@1.1.2/node_modules/sequelize/src/dialects/sqlite/query.js:234:12)
    /Users/jonhy/PersonalDatas/Codes/github/anysoft/qinglong/node_modules/.pnpm/sequelize@6.37.5_@whyour+sqlite3@1.1.2/node_modules/sequelize/src/sequelize.js:650:28
    async triggerTimezone (eval at loadSecurityModule (/Users/jonhy/PersonalDatas/Codes/github/anysoft/qinglong/test/helpers/load-security-module.cjs:35:3), <anonymous>:10:18)
    async createTriggerSchema (eval at loadSecurityModule (/Users/jonhy/PersonalDatas/Codes/github/anysoft/qinglong/test/helpers/load-security-module.cjs:35:3), <anonymous>:35:22)
    async eval (eval at loadSecurityModule (/Users/jonhy/PersonalDatas/Codes/github/anysoft/qinglong/test/helpers/load-security-module.cjs:35:3), <anonymous>:192:17)
    async /Users/jonhy/PersonalDatas/Codes/github/anysoft/qinglong/node_modules/.pnpm/sequelize@6.37.5_@whyour+sqlite3@1.1.2/node_modules/sequelize/src/sequelize.js:1197:18
    async Object.initializeOperationalSchema (eval at loadSecurityModule (/Users/jonhy/PersonalDatas/Codes/github/anysoft/qinglong/test/helpers/load-security-module.cjs:35:3), <anonymous>:60:5)
  ...
# Subtest: v6 tampered schema fails closed before v7 DDL
ok 199 - v6 tampered schema fails closed before v7 DDL
  ---
  duration_ms: 846.020125
  type: 'test'
  ...
# Subtest: durable run and attempt constraints preserve history and protect active task
not ok 200 - durable run and attempt constraints preserve history and protect active task
  ---
  duration_ms: 776.319333
  type: 'test'
  location: '/Users/jonhy/PersonalDatas/Codes/github/anysoft/qinglong/tests/phase10/schema.test.cjs:50:1'
  failureType: 'testCodeFailure'
  error: 'SQLITE_ERROR: no such table: Systems'
  code: 'ERR_TEST_FAILURE'
  name: 'SequelizeDatabaseError'
  stack: |-
    Database.<anonymous> (/Users/jonhy/PersonalDatas/Codes/github/anysoft/qinglong/node_modules/.pnpm/sequelize@6.37.5_@whyour+sqlite3@1.1.2/node_modules/sequelize/src/dialects/sqlite/query.js:236:27)
    /Users/jonhy/PersonalDatas/Codes/github/anysoft/qinglong/node_modules/.pnpm/sequelize@6.37.5_@whyour+sqlite3@1.1.2/node_modules/sequelize/src/dialects/sqlite/query.js:234:50
    new Promise (<anonymous>)
    Query.run (/Users/jonhy/PersonalDatas/Codes/github/anysoft/qinglong/node_modules/.pnpm/sequelize@6.37.5_@whyour+sqlite3@1.1.2/node_modules/sequelize/src/dialects/sqlite/query.js:234:12)
    /Users/jonhy/PersonalDatas/Codes/github/anysoft/qinglong/node_modules/.pnpm/sequelize@6.37.5_@whyour+sqlite3@1.1.2/node_modules/sequelize/src/sequelize.js:650:28
    async triggerTimezone (eval at loadSecurityModule (/Users/jonhy/PersonalDatas/Codes/github/anysoft/qinglong/test/helpers/load-security-module.cjs:35:3), <anonymous>:10:18)
    async createTriggerSchema (eval at loadSecurityModule (/Users/jonhy/PersonalDatas/Codes/github/anysoft/qinglong/test/helpers/load-security-module.cjs:35:3), <anonymous>:35:22)
    async eval (eval at loadSecurityModule (/Users/jonhy/PersonalDatas/Codes/github/anysoft/qinglong/test/helpers/load-security-module.cjs:35:3), <anonymous>:205:13)
    async /Users/jonhy/PersonalDatas/Codes/github/anysoft/qinglong/node_modules/.pnpm/sequelize@6.37.5_@whyour+sqlite3@1.1.2/node_modules/sequelize/src/sequelize.js:1197:18
    async Object.initializeOperationalSchema (eval at loadSecurityModule (/Users/jonhy/PersonalDatas/Codes/github/anysoft/qinglong/test/helpers/load-security-module.cjs:35:3), <anonymous>:60:5)
  ...
# Subtest: Installed parser accepts five/six fields and aliases, validates zones, deterministic DST
ok 201 - Installed parser accepts five/six fields and aliases, validates zones, deterministic DST
  ---
  duration_ms: 123.065584
  type: 'test'
  ...
# Subtest: Relative glob rejects escaping and matches nested paths without regex injection
ok 202 - Relative glob rejects escaping and matches nested paths without regex injection
  ---
  duration_ms: 0.581833
  type: 'test'
  ...
# Subtest: Discovery preview read-only, ownership overrides and source retirement
not ok 203 - Discovery preview read-only, ownership overrides and source retirement
  ---
  duration_ms: 1599.800792
  type: 'test'
  location: '/Users/jonhy/PersonalDatas/Codes/github/anysoft/qinglong/tests/phase11/discovery.test.cjs:5:1'
  failureType: 'testCodeFailure'
  error: 'SQLITE_ERROR: no such table: Systems'
  code: 'ERR_TEST_FAILURE'
  name: 'SequelizeDatabaseError'
  stack: |-
    Database.<anonymous> (/Users/jonhy/PersonalDatas/Codes/github/anysoft/qinglong/node_modules/.pnpm/sequelize@6.37.5_@whyour+sqlite3@1.1.2/node_modules/sequelize/src/dialects/sqlite/query.js:236:27)
    /Users/jonhy/PersonalDatas/Codes/github/anysoft/qinglong/node_modules/.pnpm/sequelize@6.37.5_@whyour+sqlite3@1.1.2/node_modules/sequelize/src/dialects/sqlite/query.js:234:50
    new Promise (<anonymous>)
    Query.run (/Users/jonhy/PersonalDatas/Codes/github/anysoft/qinglong/node_modules/.pnpm/sequelize@6.37.5_@whyour+sqlite3@1.1.2/node_modules/sequelize/src/dialects/sqlite/query.js:234:12)
    /Users/jonhy/PersonalDatas/Codes/github/anysoft/qinglong/node_modules/.pnpm/sequelize@6.37.5_@whyour+sqlite3@1.1.2/node_modules/sequelize/src/sequelize.js:650:28
    async triggerTimezone (eval at loadSecurityModule (/Users/jonhy/PersonalDatas/Codes/github/anysoft/qinglong/test/helpers/load-security-module.cjs:35:3), <anonymous>:10:18)
    async createTriggerSchema (eval at loadSecurityModule (/Users/jonhy/PersonalDatas/Codes/github/anysoft/qinglong/test/helpers/load-security-module.cjs:35:3), <anonymous>:35:22)
    async eval (eval at loadSecurityModule (/Users/jonhy/PersonalDatas/Codes/github/anysoft/qinglong/test/helpers/load-security-module.cjs:35:3), <anonymous>:205:13)
    async /Users/jonhy/PersonalDatas/Codes/github/anysoft/qinglong/node_modules/.pnpm/sequelize@6.37.5_@whyour+sqlite3@1.1.2/node_modules/sequelize/src/sequelize.js:1197:18
    async Object.initializeOperationalSchema (eval at loadSecurityModule (/Users/jonhy/PersonalDatas/Codes/github/anysoft/qinglong/test/helpers/load-security-module.cjs:35:3), <anonymous>:60:5)
  ...
# [Managed] REPOSITORY_FETCH subscription=1
# [Managed] WORKTREE_ENSURE subscription=1
# [Managed] WORKTREE_UPDATE subscription=1
# [Managed] worktree=1 commit=7ab6167a0816e21180978db848a863c7c6174079 -> 7ab6167a0816e21180978db848a863c7c6174079
# [Managed] DISCOVERY subscription=1
# [Managed] DISCOVERY: SUBSCRIPTION_SYNC_FAILED
# Subtest: Real Git fetch/update -> discovery -> typed Git events, dedup and source filters
not ok 204 - Real Git fetch/update -> discovery -> typed Git events, dedup and source filters
  ---
  duration_ms: 8927.668625
  type: 'test'
  location: '/Users/jonhy/PersonalDatas/Codes/github/anysoft/qinglong/tests/phase11/git-pipeline.test.cjs:18:1'
  failureType: 'testCodeFailure'
  error: 'SUBSCRIPTION_SYNC_FAILED'
  code: 'ERR_TEST_FAILURE'
  name: 'WorkspaceError'
  stack: |-
    eval (eval at loadSecurityModule (/Users/jonhy/PersonalDatas/Codes/github/anysoft/qinglong/test/helpers/load-security-module.cjs:35:3), <anonymous>:127:23)
    async WorkspaceLocks.with (eval at loadSecurityModule (/Users/jonhy/PersonalDatas/Codes/github/anysoft/qinglong/test/helpers/load-security-module.cjs:35:3), <anonymous>:93:20)
    async pipeline (/Users/jonhy/PersonalDatas/Codes/github/anysoft/qinglong/tests/phase11/git-pipeline.test.cjs:7:133)
    async TestContext.<anonymous> (/Users/jonhy/PersonalDatas/Codes/github/anysoft/qinglong/tests/phase11/git-pipeline.test.cjs:12:10)
    async Test.run (node:internal/test_runner/test:1054:7)
    async startSubtestAfterBootstrap (node:internal/test_runner/harness:296:3)
  ...
# [Managed] REPOSITORY_FETCH subscription=1
# [Managed] WORKTREE_ENSURE subscription=1
# [Managed] WORKTREE_UPDATE subscription=1
# [Managed] worktree=1 commit=00d6e029000a9294f594e0d452c520b023d9d5db -> 00d6e029000a9294f594e0d452c520b023d9d5db
# [Managed] DISCOVERY subscription=1
# [Managed] DISCOVERY: SUBSCRIPTION_SYNC_FAILED
# Subtest: Real Git dirty refuses sync and preserves Task definition
not ok 205 - Real Git dirty refuses sync and preserves Task definition
  ---
  duration_ms: 7790.008125
  type: 'test'
  location: '/Users/jonhy/PersonalDatas/Codes/github/anysoft/qinglong/tests/phase11/git-pipeline.test.cjs:57:5'
  failureType: 'testCodeFailure'
  error: 'SUBSCRIPTION_SYNC_FAILED'
  code: 'ERR_TEST_FAILURE'
  name: 'WorkspaceError'
  stack: |-
    eval (eval at loadSecurityModule (/Users/jonhy/PersonalDatas/Codes/github/anysoft/qinglong/test/helpers/load-security-module.cjs:35:3), <anonymous>:127:23)
    async WorkspaceLocks.with (eval at loadSecurityModule (/Users/jonhy/PersonalDatas/Codes/github/anysoft/qinglong/test/helpers/load-security-module.cjs:35:3), <anonymous>:93:20)
    async pipeline (/Users/jonhy/PersonalDatas/Codes/github/anysoft/qinglong/tests/phase11/git-pipeline.test.cjs:7:133)
    async TestContext.<anonymous> (/Users/jonhy/PersonalDatas/Codes/github/anysoft/qinglong/tests/phase11/git-pipeline.test.cjs:28:10)
    async Test.run (node:internal/test_runner/test:1054:7)
    async Test.processPendingSubtests (node:internal/test_runner/test:744:7)
  ...
# [Managed] REPOSITORY_FETCH subscription=1
# [Managed] WORKTREE_ENSURE subscription=1
# [Managed] WORKTREE_UPDATE subscription=1
# [Managed] worktree=1 commit=6d35f8831cd9a525304a657a40d0f031eee78155 -> 6d35f8831cd9a525304a657a40d0f031eee78155
# [Managed] DISCOVERY subscription=1
# [Managed] DISCOVERY: SUBSCRIPTION_SYNC_FAILED
# Subtest: Real Git untracked refuses sync and preserves Task definition
not ok 206 - Real Git untracked refuses sync and preserves Task definition
  ---
  duration_ms: 8531.886375
  type: 'test'
  location: '/Users/jonhy/PersonalDatas/Codes/github/anysoft/qinglong/tests/phase11/git-pipeline.test.cjs:57:5'
  failureType: 'testCodeFailure'
  error: 'SUBSCRIPTION_SYNC_FAILED'
  code: 'ERR_TEST_FAILURE'
  name: 'WorkspaceError'
  stack: |-
    eval (eval at loadSecurityModule (/Users/jonhy/PersonalDatas/Codes/github/anysoft/qinglong/test/helpers/load-security-module.cjs:35:3), <anonymous>:127:23)
    async WorkspaceLocks.with (eval at loadSecurityModule (/Users/jonhy/PersonalDatas/Codes/github/anysoft/qinglong/test/helpers/load-security-module.cjs:35:3), <anonymous>:93:20)
    async pipeline (/Users/jonhy/PersonalDatas/Codes/github/anysoft/qinglong/tests/phase11/git-pipeline.test.cjs:7:133)
    async TestContext.<anonymous> (/Users/jonhy/PersonalDatas/Codes/github/anysoft/qinglong/tests/phase11/git-pipeline.test.cjs:28:10)
    async Test.run (node:internal/test_runner/test:1054:7)
    async Test.processPendingSubtests (node:internal/test_runner/test:744:7)
  ...
# [Managed] REPOSITORY_FETCH subscription=1
# [Managed] WORKTREE_ENSURE subscription=1
# [Managed] WORKTREE_UPDATE subscription=1
# [Managed] worktree=1 commit=afa3b5ec0b1eede25c046dbbc63c73fec2cbb0af -> afa3b5ec0b1eede25c046dbbc63c73fec2cbb0af
# [Managed] DISCOVERY subscription=1
# [Managed] GIT_UPDATE_TRIGGERS subscription=1
# [Managed] REPOSITORY_FETCH subscription=1
# [Managed] WORKTREE_ENSURE subscription=1
# [Managed] WORKTREE_ENSURE: WORKTREE_LOCAL_COMMITS
# Subtest: Real Git ahead refuses sync and preserves Task definition
ok 207 - Real Git ahead refuses sync and preserves Task definition
  ---
  duration_ms: 11461.900458
  type: 'test'
  ...
# [Managed] REPOSITORY_FETCH subscription=1
# [Managed] WORKTREE_ENSURE subscription=1
# [Managed] WORKTREE_UPDATE subscription=1
# [Managed] worktree=1 commit=bf7d934926f06f5e2393ccab0435124b590ff6df -> bf7d934926f06f5e2393ccab0435124b590ff6df
# [Managed] DISCOVERY subscription=1
# [Managed] GIT_UPDATE_TRIGGERS subscription=1
# [Managed] REPOSITORY_FETCH subscription=1
# [Managed] WORKTREE_ENSURE subscription=1
# [Managed] WORKTREE_ENSURE: WORKTREE_MISSING
# Subtest: Real Git missing refuses sync and preserves Task definition
ok 208 - Real Git missing refuses sync and preserves Task definition
  ---
  duration_ms: 14815.14775
  type: 'test'
  ...
# [Managed] REPOSITORY_FETCH subscription=1
# [Managed] WORKTREE_ENSURE subscription=1
# [Managed] WORKTREE_UPDATE subscription=1
# [Managed] worktree=1 commit=da6aa2d1ad9e1d2525b3c5189fdcf3f1749bf192 -> da6aa2d1ad9e1d2525b3c5189fdcf3f1749bf192
# [Managed] DISCOVERY subscription=1
# [Managed] GIT_UPDATE_TRIGGERS subscription=1
# [Managed] REPOSITORY_FETCH subscription=1
# [Managed] WORKTREE_ENSURE subscription=1
# [Managed] WORKTREE_ENSURE: WORKTREE_STALE
# Subtest: Real Git detached refuses sync and preserves Task definition
ok 209 - Real Git detached refuses sync and preserves Task definition
  ---
  duration_ms: 7818.134417
  type: 'test'
  ...
# [Managed] REPOSITORY_FETCH subscription=1
# [Managed] WORKTREE_ENSURE subscription=1
# [Managed] WORKTREE_UPDATE subscription=1
# [Managed] worktree=1 commit=a811e03495550cd12e66ab17e57b60cfa42653aa -> a811e03495550cd12e66ab17e57b60cfa42653aa
# [Managed] DISCOVERY subscription=1
# [Managed] GIT_UPDATE_TRIGGERS subscription=1
# [Managed] REPOSITORY_FETCH subscription=1
# [Managed] WORKTREE_ENSURE subscription=1
# [Managed] WORKTREE_UPDATE subscription=1
# [Managed] worktree=1 commit=a811e03495550cd12e66ab17e57b60cfa42653aa -> 87d9205aa117b3eb861eda9bbbf43647ab178c17
# [Managed] DISCOVERY subscription=1
# [Managed] DISCOVERY: SUBSCRIPTION_SYNC_FAILED
# [Managed] REPOSITORY_FETCH subscription=1
# [Managed] WORKTREE_ENSURE subscription=1
# [Managed] WORKTREE_UPDATE subscription=1
# [Managed] worktree=1 commit=87d9205aa117b3eb861eda9bbbf43647ab178c17 -> 87d9205aa117b3eb861eda9bbbf43647ab178c17
# [Managed] DISCOVERY subscription=1
# [Managed] GIT_UPDATE_TRIGGERS subscription=1
# Subtest: Discovery failure leaves successful Git update recoverable at same commit
ok 210 - Discovery failure leaves successful Git update recoverable at same commit
  ---
  duration_ms: 9677.625333
  type: 'test'
  ...
# [Managed] REPOSITORY_FETCH subscription=1
# [Managed] WORKTREE_ENSURE subscription=1
# [Managed] WORKTREE_UPDATE subscription=1
# [Managed] worktree=1 commit=3091227930fe19ab6e59a84892db9c6d2f36e599 -> 3091227930fe19ab6e59a84892db9c6d2f36e599
# [Managed] DISCOVERY subscription=1
# [Managed] GIT_UPDATE_TRIGGERS subscription=1
# [Managed] REPOSITORY_FETCH subscription=1
# [Managed] WORKTREE_ENSURE subscription=1
# [Managed] WORKTREE_ENSURE: REF_NOT_FOUND
# Subtest: branch deleted stops before Discovery and Git triggers
ok 211 - branch deleted stops before Discovery and Git triggers
  ---
  duration_ms: 5313.681917
  type: 'test'
  ...
# [Managed] REPOSITORY_FETCH subscription=1
# [Managed] WORKTREE_ENSURE subscription=1
# [Managed] WORKTREE_UPDATE subscription=1
# [Managed] worktree=1 commit=cac2127f7cf9357a575aae6c15df161a11326a96 -> cac2127f7cf9357a575aae6c15df161a11326a96
# [Managed] DISCOVERY subscription=1
# [Managed] GIT_UPDATE_TRIGGERS subscription=1
# [Managed] REPOSITORY_FETCH subscription=1
# [Managed] WORKTREE_ENSURE subscription=1
# [Managed] WORKTREE_ENSURE: WORKTREE_DIVERGED
# Subtest: force push stops before Discovery and Git triggers
ok 212 - force push stops before Discovery and Git triggers
  ---
  duration_ms: 4888.194333
  type: 'test'
  ...
# [Managed] REPOSITORY_FETCH subscription=1
# [Managed] WORKTREE_ENSURE subscription=1
# [Managed] WORKTREE_UPDATE subscription=1
# [Managed] worktree=1 commit=461221d933884478745bf60cdc052f448b70bf26 -> 461221d933884478745bf60cdc052f448b70bf26
# [Managed] DISCOVERY subscription=1
# [Managed] GIT_UPDATE_TRIGGERS subscription=1
# [Managed] REPOSITORY_FETCH subscription=1
# [Managed] REPOSITORY_FETCH: REPOSITORY_NOT_INITIALIZED
# Subtest: storage missing stops before Discovery and Git triggers
ok 213 - storage missing stops before Discovery and Git triggers
  ---
  duration_ms: 4119.025958
  type: 'test'
  ...
# [Managed] REPOSITORY_FETCH subscription=1
# [Managed] WORKTREE_ENSURE subscription=1
# [Managed] WORKTREE_UPDATE subscription=1
# [Managed] worktree=1 commit=8fefd7bfcaa91feb7466f832a1d9d59b16df8a0e -> 8fefd7bfcaa91feb7466f832a1d9d59b16df8a0e
# [Managed] DISCOVERY subscription=1
# [Managed] GIT_UPDATE_TRIGGERS subscription=1
# [Managed] REPOSITORY_FETCH subscription=1
# [Managed] REPOSITORY_FETCH: SUBSCRIPTION_SYNC_FAILED
# Subtest: disabled credential stops before Discovery and Git triggers
ok 214 - disabled credential stops before Discovery and Git triggers
  ---
  duration_ms: 3984.289125
  type: 'test'
  ...
# [Managed] REPOSITORY_FETCH subscription=1
# [Managed] WORKTREE_ENSURE subscription=1
# [Managed] WORKTREE_UPDATE subscription=1
# [Managed] worktree=1 commit=7c4b529610b2b8f2af35c738302d9daac3a2ceb2 -> 7c4b529610b2b8f2af35c738302d9daac3a2ceb2
# [Managed] DISCOVERY subscription=1
# [Managed] GIT_UPDATE_TRIGGERS subscription=1
# [Managed] REPOSITORY_FETCH subscription=1
# [Managed] WORKTREE_ENSURE subscription=1
# [Managed] WORKTREE_UPDATE subscription=1
# [Managed] worktree=1 commit=7c4b529610b2b8f2af35c738302d9daac3a2ceb2 -> 8bb2f39dc3d93ad48d3133f2636010b14473991b
# [Managed] DISCOVERY subscription=1
# [Managed] GIT_UPDATE_TRIGGERS subscription=1
# Subtest: Managed leases block overlapping sync, update and binding; symlink is ignored
ok 215 - Managed leases block overlapping sync, update and binding; symlink is ignored
  ---
  duration_ms: 7226.803375
  type: 'test'
  ...
# [Managed] REPOSITORY_FETCH subscription=1
# [Managed] WORKTREE_ENSURE subscription=1
# [Managed] WORKTREE_UPDATE subscription=1
# [Managed] worktree=1 commit=eea31596e5b83e5dc21d7c2ca41a2a160884c4e7 -> eea31596e5b83e5dc21d7c2ca41a2a160884c4e7
# [Managed] DISCOVERY subscription=1
# [Managed] GIT_UPDATE_TRIGGERS subscription=1
# [Managed] REPOSITORY_FETCH subscription=1
# [Managed] WORKTREE_ENSURE subscription=1
# [Managed] WORKTREE_UPDATE subscription=1
# [Managed] worktree=2 commit=eea31596e5b83e5dc21d7c2ca41a2a160884c4e7 -> eea31596e5b83e5dc21d7c2ca41a2a160884c4e7
# [Managed] DISCOVERY subscription=1
# [Managed] GIT_UPDATE_TRIGGERS subscription=1
# Subtest: Branch rebinding updates discovered source while retaining old Worktree
ok 216 - Branch rebinding updates discovered source while retaining old Worktree
  ---
  duration_ms: 6822.744625
  type: 'test'
  ...
# Subtest: Actual SIGKILL before-link recovers one TaskRun
not ok 217 - Actual SIGKILL before-link recovers one TaskRun
  ---
  duration_ms: 1470.222208
  type: 'test'
  location: '/Users/jonhy/PersonalDatas/Codes/github/anysoft/qinglong/tests/phase11/recovery.test.cjs:6:5'
  failureType: 'testCodeFailure'
  error: 'SQLITE_ERROR: no such table: Systems'
  code: 'ERR_TEST_FAILURE'
  name: 'SequelizeDatabaseError'
  stack: |-
    Database.<anonymous> (/Users/jonhy/PersonalDatas/Codes/github/anysoft/qinglong/node_modules/.pnpm/sequelize@6.37.5_@whyour+sqlite3@1.1.2/node_modules/sequelize/src/dialects/sqlite/query.js:236:27)
    /Users/jonhy/PersonalDatas/Codes/github/anysoft/qinglong/node_modules/.pnpm/sequelize@6.37.5_@whyour+sqlite3@1.1.2/node_modules/sequelize/src/dialects/sqlite/query.js:234:50
    new Promise (<anonymous>)
    Query.run (/Users/jonhy/PersonalDatas/Codes/github/anysoft/qinglong/node_modules/.pnpm/sequelize@6.37.5_@whyour+sqlite3@1.1.2/node_modules/sequelize/src/dialects/sqlite/query.js:234:12)
    /Users/jonhy/PersonalDatas/Codes/github/anysoft/qinglong/node_modules/.pnpm/sequelize@6.37.5_@whyour+sqlite3@1.1.2/node_modules/sequelize/src/sequelize.js:650:28
    async triggerTimezone (eval at loadSecurityModule (/Users/jonhy/PersonalDatas/Codes/github/anysoft/qinglong/test/helpers/load-security-module.cjs:35:3), <anonymous>:10:18)
    async createTriggerSchema (eval at loadSecurityModule (/Users/jonhy/PersonalDatas/Codes/github/anysoft/qinglong/test/helpers/load-security-module.cjs:35:3), <anonymous>:35:22)
    async eval (eval at loadSecurityModule (/Users/jonhy/PersonalDatas/Codes/github/anysoft/qinglong/test/helpers/load-security-module.cjs:35:3), <anonymous>:205:13)
    async /Users/jonhy/PersonalDatas/Codes/github/anysoft/qinglong/node_modules/.pnpm/sequelize@6.37.5_@whyour+sqlite3@1.1.2/node_modules/sequelize/src/sequelize.js:1197:18
    async Object.initializeOperationalSchema (eval at loadSecurityModule (/Users/jonhy/PersonalDatas/Codes/github/anysoft/qinglong/test/helpers/load-security-module.cjs:35:3), <anonymous>:60:5)
  ...
# Subtest: Actual SIGKILL after-commit recovers one TaskRun
not ok 218 - Actual SIGKILL after-commit recovers one TaskRun
  ---
  duration_ms: 971.175708
  type: 'test'
  location: '/Users/jonhy/PersonalDatas/Codes/github/anysoft/qinglong/tests/phase11/recovery.test.cjs:6:5'
  failureType: 'testCodeFailure'
  error: 'SQLITE_ERROR: no such table: Systems'
  code: 'ERR_TEST_FAILURE'
  name: 'SequelizeDatabaseError'
  stack: |-
    Database.<anonymous> (/Users/jonhy/PersonalDatas/Codes/github/anysoft/qinglong/node_modules/.pnpm/sequelize@6.37.5_@whyour+sqlite3@1.1.2/node_modules/sequelize/src/dialects/sqlite/query.js:236:27)
    /Users/jonhy/PersonalDatas/Codes/github/anysoft/qinglong/node_modules/.pnpm/sequelize@6.37.5_@whyour+sqlite3@1.1.2/node_modules/sequelize/src/dialects/sqlite/query.js:234:50
    new Promise (<anonymous>)
    Query.run (/Users/jonhy/PersonalDatas/Codes/github/anysoft/qinglong/node_modules/.pnpm/sequelize@6.37.5_@whyour+sqlite3@1.1.2/node_modules/sequelize/src/dialects/sqlite/query.js:234:12)
    /Users/jonhy/PersonalDatas/Codes/github/anysoft/qinglong/node_modules/.pnpm/sequelize@6.37.5_@whyour+sqlite3@1.1.2/node_modules/sequelize/src/sequelize.js:650:28
    async triggerTimezone (eval at loadSecurityModule (/Users/jonhy/PersonalDatas/Codes/github/anysoft/qinglong/test/helpers/load-security-module.cjs:35:3), <anonymous>:10:18)
    async createTriggerSchema (eval at loadSecurityModule (/Users/jonhy/PersonalDatas/Codes/github/anysoft/qinglong/test/helpers/load-security-module.cjs:35:3), <anonymous>:35:22)
    async eval (eval at loadSecurityModule (/Users/jonhy/PersonalDatas/Codes/github/anysoft/qinglong/test/helpers/load-security-module.cjs:35:3), <anonymous>:205:13)
    async /Users/jonhy/PersonalDatas/Codes/github/anysoft/qinglong/node_modules/.pnpm/sequelize@6.37.5_@whyour+sqlite3@1.1.2/node_modules/sequelize/src/sequelize.js:1197:18
    async Object.initializeOperationalSchema (eval at loadSecurityModule (/Users/jonhy/PersonalDatas/Codes/github/anysoft/qinglong/test/helpers/load-security-module.cjs:35:3), <anonymous>:60:5)
  ...
# Subtest: 5000 files discovery batches database writes and preview is deterministic
not ok 219 - 5000 files discovery batches database writes and preview is deterministic
  ---
  duration_ms: 1531.778917
  type: 'test'
  location: '/Users/jonhy/PersonalDatas/Codes/github/anysoft/qinglong/tests/phase11/scale.test.cjs:5:1'
  failureType: 'testCodeFailure'
  error: 'SQLITE_ERROR: no such table: Systems'
  code: 'ERR_TEST_FAILURE'
  name: 'SequelizeDatabaseError'
  stack: |-
    Database.<anonymous> (/Users/jonhy/PersonalDatas/Codes/github/anysoft/qinglong/node_modules/.pnpm/sequelize@6.37.5_@whyour+sqlite3@1.1.2/node_modules/sequelize/src/dialects/sqlite/query.js:236:27)
    /Users/jonhy/PersonalDatas/Codes/github/anysoft/qinglong/node_modules/.pnpm/sequelize@6.37.5_@whyour+sqlite3@1.1.2/node_modules/sequelize/src/dialects/sqlite/query.js:234:50
    new Promise (<anonymous>)
    Query.run (/Users/jonhy/PersonalDatas/Codes/github/anysoft/qinglong/node_modules/.pnpm/sequelize@6.37.5_@whyour+sqlite3@1.1.2/node_modules/sequelize/src/dialects/sqlite/query.js:234:12)
    /Users/jonhy/PersonalDatas/Codes/github/anysoft/qinglong/node_modules/.pnpm/sequelize@6.37.5_@whyour+sqlite3@1.1.2/node_modules/sequelize/src/sequelize.js:650:28
    async triggerTimezone (eval at loadSecurityModule (/Users/jonhy/PersonalDatas/Codes/github/anysoft/qinglong/test/helpers/load-security-module.cjs:35:3), <anonymous>:10:18)
    async createTriggerSchema (eval at loadSecurityModule (/Users/jonhy/PersonalDatas/Codes/github/anysoft/qinglong/test/helpers/load-security-module.cjs:35:3), <anonymous>:35:22)
    async eval (eval at loadSecurityModule (/Users/jonhy/PersonalDatas/Codes/github/anysoft/qinglong/test/helpers/load-security-module.cjs:35:3), <anonymous>:205:13)
    async /Users/jonhy/PersonalDatas/Codes/github/anysoft/qinglong/node_modules/.pnpm/sequelize@6.37.5_@whyour+sqlite3@1.1.2/node_modules/sequelize/src/sequelize.js:1197:18
    async Object.initializeOperationalSchema (eval at loadSecurityModule (/Users/jonhy/PersonalDatas/Codes/github/anysoft/qinglong/test/helpers/load-security-module.cjs:35:3), <anonymous>:60:5)
  ...
# Subtest: 5000 cron definitions use indexed due query and one shared scheduler timer
not ok 220 - 5000 cron definitions use indexed due query and one shared scheduler timer
  ---
  duration_ms: 919.380583
  type: 'test'
  location: '/Users/jonhy/PersonalDatas/Codes/github/anysoft/qinglong/tests/phase11/scale.test.cjs:29:1'
  failureType: 'testCodeFailure'
  error: 'SQLITE_ERROR: no such table: Systems'
  code: 'ERR_TEST_FAILURE'
  name: 'SequelizeDatabaseError'
  stack: |-
    Database.<anonymous> (/Users/jonhy/PersonalDatas/Codes/github/anysoft/qinglong/node_modules/.pnpm/sequelize@6.37.5_@whyour+sqlite3@1.1.2/node_modules/sequelize/src/dialects/sqlite/query.js:236:27)
    /Users/jonhy/PersonalDatas/Codes/github/anysoft/qinglong/node_modules/.pnpm/sequelize@6.37.5_@whyour+sqlite3@1.1.2/node_modules/sequelize/src/dialects/sqlite/query.js:234:50
    new Promise (<anonymous>)
    Query.run (/Users/jonhy/PersonalDatas/Codes/github/anysoft/qinglong/node_modules/.pnpm/sequelize@6.37.5_@whyour+sqlite3@1.1.2/node_modules/sequelize/src/dialects/sqlite/query.js:234:12)
    /Users/jonhy/PersonalDatas/Codes/github/anysoft/qinglong/node_modules/.pnpm/sequelize@6.37.5_@whyour+sqlite3@1.1.2/node_modules/sequelize/src/sequelize.js:650:28
    async triggerTimezone (eval at loadSecurityModule (/Users/jonhy/PersonalDatas/Codes/github/anysoft/qinglong/test/helpers/load-security-module.cjs:35:3), <anonymous>:10:18)
    async createTriggerSchema (eval at loadSecurityModule (/Users/jonhy/PersonalDatas/Codes/github/anysoft/qinglong/test/helpers/load-security-module.cjs:35:3), <anonymous>:35:22)
    async eval (eval at loadSecurityModule (/Users/jonhy/PersonalDatas/Codes/github/anysoft/qinglong/test/helpers/load-security-module.cjs:35:3), <anonymous>:205:13)
    async /Users/jonhy/PersonalDatas/Codes/github/anysoft/qinglong/node_modules/.pnpm/sequelize@6.37.5_@whyour+sqlite3@1.1.2/node_modules/sequelize/src/sequelize.js:1197:18
    async Object.initializeOperationalSchema (eval at loadSecurityModule (/Users/jonhy/PersonalDatas/Codes/github/anysoft/qinglong/test/helpers/load-security-module.cjs:35:3), <anonymous>:60:5)
  ...
# Subtest: Frozen v7 upgrades transactionally to identical fresh v8, retry after rollback
not ok 221 - Frozen v7 upgrades transactionally to identical fresh v8, retry after rollback
  ---
  duration_ms: 1573.859542
  type: 'test'
  location: '/Users/jonhy/PersonalDatas/Codes/github/anysoft/qinglong/tests/phase11/schema.test.cjs:9:1'
  failureType: 'testCodeFailure'
  error: 'SQLITE_ERROR: no such table: Systems'
  code: 'ERR_TEST_FAILURE'
  name: 'SequelizeDatabaseError'
  stack: |-
    Database.<anonymous> (/Users/jonhy/PersonalDatas/Codes/github/anysoft/qinglong/node_modules/.pnpm/sequelize@6.37.5_@whyour+sqlite3@1.1.2/node_modules/sequelize/src/dialects/sqlite/query.js:236:27)
    /Users/jonhy/PersonalDatas/Codes/github/anysoft/qinglong/node_modules/.pnpm/sequelize@6.37.5_@whyour+sqlite3@1.1.2/node_modules/sequelize/src/dialects/sqlite/query.js:234:50
    new Promise (<anonymous>)
    Query.run (/Users/jonhy/PersonalDatas/Codes/github/anysoft/qinglong/node_modules/.pnpm/sequelize@6.37.5_@whyour+sqlite3@1.1.2/node_modules/sequelize/src/dialects/sqlite/query.js:234:12)
    /Users/jonhy/PersonalDatas/Codes/github/anysoft/qinglong/node_modules/.pnpm/sequelize@6.37.5_@whyour+sqlite3@1.1.2/node_modules/sequelize/src/sequelize.js:650:28
    async triggerTimezone (eval at loadSecurityModule (/Users/jonhy/PersonalDatas/Codes/github/anysoft/qinglong/test/helpers/load-security-module.cjs:35:3), <anonymous>:10:18)
    async createTriggerSchema (eval at loadSecurityModule (/Users/jonhy/PersonalDatas/Codes/github/anysoft/qinglong/test/helpers/load-security-module.cjs:35:3), <anonymous>:35:22)
    async eval (eval at loadSecurityModule (/Users/jonhy/PersonalDatas/Codes/github/anysoft/qinglong/test/helpers/load-security-module.cjs:35:3), <anonymous>:205:13)
    async /Users/jonhy/PersonalDatas/Codes/github/anysoft/qinglong/node_modules/.pnpm/sequelize@6.37.5_@whyour+sqlite3@1.1.2/node_modules/sequelize/src/sequelize.js:1197:18
    async Object.initializeOperationalSchema (eval at loadSecurityModule (/Users/jonhy/PersonalDatas/Codes/github/anysoft/qinglong/test/helpers/load-security-module.cjs:35:3), <anonymous>:60:5)
  ...
# Subtest: Trigger schema fresh, typed configurations, webhook hash and rotation
not ok 222 - Trigger schema fresh, typed configurations, webhook hash and rotation
  ---
  duration_ms: 1358.769083
  type: 'test'
  location: '/Users/jonhy/PersonalDatas/Codes/github/anysoft/qinglong/tests/phase11/triggers.test.cjs:5:1'
  failureType: 'testCodeFailure'
  error: 'SQLITE_ERROR: no such table: Systems'
  code: 'ERR_TEST_FAILURE'
  name: 'SequelizeDatabaseError'
  stack: |-
    Database.<anonymous> (/Users/jonhy/PersonalDatas/Codes/github/anysoft/qinglong/node_modules/.pnpm/sequelize@6.37.5_@whyour+sqlite3@1.1.2/node_modules/sequelize/src/dialects/sqlite/query.js:236:27)
    /Users/jonhy/PersonalDatas/Codes/github/anysoft/qinglong/node_modules/.pnpm/sequelize@6.37.5_@whyour+sqlite3@1.1.2/node_modules/sequelize/src/dialects/sqlite/query.js:234:50
    new Promise (<anonymous>)
    Query.run (/Users/jonhy/PersonalDatas/Codes/github/anysoft/qinglong/node_modules/.pnpm/sequelize@6.37.5_@whyour+sqlite3@1.1.2/node_modules/sequelize/src/dialects/sqlite/query.js:234:12)
    /Users/jonhy/PersonalDatas/Codes/github/anysoft/qinglong/node_modules/.pnpm/sequelize@6.37.5_@whyour+sqlite3@1.1.2/node_modules/sequelize/src/sequelize.js:650:28
    async triggerTimezone (eval at loadSecurityModule (/Users/jonhy/PersonalDatas/Codes/github/anysoft/qinglong/test/helpers/load-security-module.cjs:35:3), <anonymous>:10:18)
    async createTriggerSchema (eval at loadSecurityModule (/Users/jonhy/PersonalDatas/Codes/github/anysoft/qinglong/test/helpers/load-security-module.cjs:35:3), <anonymous>:35:22)
    async eval (eval at loadSecurityModule (/Users/jonhy/PersonalDatas/Codes/github/anysoft/qinglong/test/helpers/load-security-module.cjs:35:3), <anonymous>:205:13)
    async /Users/jonhy/PersonalDatas/Codes/github/anysoft/qinglong/node_modules/.pnpm/sequelize@6.37.5_@whyour+sqlite3@1.1.2/node_modules/sequelize/src/sequelize.js:1197:18
    async Object.initializeOperationalSchema (eval at loadSecurityModule (/Users/jonhy/PersonalDatas/Codes/github/anysoft/qinglong/test/helpers/load-security-module.cjs:35:3), <anonymous>:60:5)
  ...
# Subtest: Event durable dedup, atomic submit/link, disabled skip, real execution
not ok 223 - Event durable dedup, atomic submit/link, disabled skip, real execution
  ---
  duration_ms: 912.367833
  type: 'test'
  location: '/Users/jonhy/PersonalDatas/Codes/github/anysoft/qinglong/tests/phase11/triggers.test.cjs:19:1'
  failureType: 'testCodeFailure'
  error: 'SQLITE_ERROR: no such table: Systems'
  code: 'ERR_TEST_FAILURE'
  name: 'SequelizeDatabaseError'
  stack: |-
    Database.<anonymous> (/Users/jonhy/PersonalDatas/Codes/github/anysoft/qinglong/node_modules/.pnpm/sequelize@6.37.5_@whyour+sqlite3@1.1.2/node_modules/sequelize/src/dialects/sqlite/query.js:236:27)
    /Users/jonhy/PersonalDatas/Codes/github/anysoft/qinglong/node_modules/.pnpm/sequelize@6.37.5_@whyour+sqlite3@1.1.2/node_modules/sequelize/src/dialects/sqlite/query.js:234:50
    new Promise (<anonymous>)
    Query.run (/Users/jonhy/PersonalDatas/Codes/github/anysoft/qinglong/node_modules/.pnpm/sequelize@6.37.5_@whyour+sqlite3@1.1.2/node_modules/sequelize/src/dialects/sqlite/query.js:234:12)
    /Users/jonhy/PersonalDatas/Codes/github/anysoft/qinglong/node_modules/.pnpm/sequelize@6.37.5_@whyour+sqlite3@1.1.2/node_modules/sequelize/src/sequelize.js:650:28
    async triggerTimezone (eval at loadSecurityModule (/Users/jonhy/PersonalDatas/Codes/github/anysoft/qinglong/test/helpers/load-security-module.cjs:35:3), <anonymous>:10:18)
    async createTriggerSchema (eval at loadSecurityModule (/Users/jonhy/PersonalDatas/Codes/github/anysoft/qinglong/test/helpers/load-security-module.cjs:35:3), <anonymous>:35:22)
    async eval (eval at loadSecurityModule (/Users/jonhy/PersonalDatas/Codes/github/anysoft/qinglong/test/helpers/load-security-module.cjs:35:3), <anonymous>:205:13)
    async /Users/jonhy/PersonalDatas/Codes/github/anysoft/qinglong/node_modules/.pnpm/sequelize@6.37.5_@whyour+sqlite3@1.1.2/node_modules/sequelize/src/sequelize.js:1197:18
    async Object.initializeOperationalSchema (eval at loadSecurityModule (/Users/jonhy/PersonalDatas/Codes/github/anysoft/qinglong/test/helpers/load-security-module.cjs:35:3), <anonymous>:60:5)
  ...
# Subtest: Clock scheduler misfire SKIP and FIRE_ONCE, restart identity
not ok 224 - Clock scheduler misfire SKIP and FIRE_ONCE, restart identity
  ---
  duration_ms: 933.405458
  type: 'test'
  location: '/Users/jonhy/PersonalDatas/Codes/github/anysoft/qinglong/tests/phase11/triggers.test.cjs:39:1'
  failureType: 'testCodeFailure'
  error: 'SQLITE_ERROR: no such table: Systems'
  code: 'ERR_TEST_FAILURE'
  name: 'SequelizeDatabaseError'
  stack: |-
    Database.<anonymous> (/Users/jonhy/PersonalDatas/Codes/github/anysoft/qinglong/node_modules/.pnpm/sequelize@6.37.5_@whyour+sqlite3@1.1.2/node_modules/sequelize/src/dialects/sqlite/query.js:236:27)
    /Users/jonhy/PersonalDatas/Codes/github/anysoft/qinglong/node_modules/.pnpm/sequelize@6.37.5_@whyour+sqlite3@1.1.2/node_modules/sequelize/src/dialects/sqlite/query.js:234:50
    new Promise (<anonymous>)
    Query.run (/Users/jonhy/PersonalDatas/Codes/github/anysoft/qinglong/node_modules/.pnpm/sequelize@6.37.5_@whyour+sqlite3@1.1.2/node_modules/sequelize/src/dialects/sqlite/query.js:234:12)
    /Users/jonhy/PersonalDatas/Codes/github/anysoft/qinglong/node_modules/.pnpm/sequelize@6.37.5_@whyour+sqlite3@1.1.2/node_modules/sequelize/src/sequelize.js:650:28
    async triggerTimezone (eval at loadSecurityModule (/Users/jonhy/PersonalDatas/Codes/github/anysoft/qinglong/test/helpers/load-security-module.cjs:35:3), <anonymous>:10:18)
    async createTriggerSchema (eval at loadSecurityModule (/Users/jonhy/PersonalDatas/Codes/github/anysoft/qinglong/test/helpers/load-security-module.cjs:35:3), <anonymous>:35:22)
    async eval (eval at loadSecurityModule (/Users/jonhy/PersonalDatas/Codes/github/anysoft/qinglong/test/helpers/load-security-module.cjs:35:3), <anonymous>:205:13)
    async /Users/jonhy/PersonalDatas/Codes/github/anysoft/qinglong/node_modules/.pnpm/sequelize@6.37.5_@whyour+sqlite3@1.1.2/node_modules/sequelize/src/sequelize.js:1197:18
    async Object.initializeOperationalSchema (eval at loadSecurityModule (/Users/jonhy/PersonalDatas/Codes/github/anysoft/qinglong/test/helpers/load-security-module.cjs:35:3), <anonymous>:60:5)
  ...
# Subtest: Real HTTP webhook authentication, limits, JSON rejection and idempotency
not ok 225 - Real HTTP webhook authentication, limits, JSON rejection and idempotency
  ---
  duration_ms: 1467.634583
  type: 'test'
  location: '/Users/jonhy/PersonalDatas/Codes/github/anysoft/qinglong/tests/phase11/webhook.test.cjs:5:1'
  failureType: 'testCodeFailure'
  error: 'SQLITE_ERROR: no such table: Systems'
  code: 'ERR_TEST_FAILURE'
  name: 'SequelizeDatabaseError'
  stack: |-
    Database.<anonymous> (/Users/jonhy/PersonalDatas/Codes/github/anysoft/qinglong/node_modules/.pnpm/sequelize@6.37.5_@whyour+sqlite3@1.1.2/node_modules/sequelize/src/dialects/sqlite/query.js:236:27)
    /Users/jonhy/PersonalDatas/Codes/github/anysoft/qinglong/node_modules/.pnpm/sequelize@6.37.5_@whyour+sqlite3@1.1.2/node_modules/sequelize/src/dialects/sqlite/query.js:234:50
    new Promise (<anonymous>)
    Query.run (/Users/jonhy/PersonalDatas/Codes/github/anysoft/qinglong/node_modules/.pnpm/sequelize@6.37.5_@whyour+sqlite3@1.1.2/node_modules/sequelize/src/dialects/sqlite/query.js:234:12)
    /Users/jonhy/PersonalDatas/Codes/github/anysoft/qinglong/node_modules/.pnpm/sequelize@6.37.5_@whyour+sqlite3@1.1.2/node_modules/sequelize/src/sequelize.js:650:28
    async triggerTimezone (eval at loadSecurityModule (/Users/jonhy/PersonalDatas/Codes/github/anysoft/qinglong/test/helpers/load-security-module.cjs:35:3), <anonymous>:10:18)
    async createTriggerSchema (eval at loadSecurityModule (/Users/jonhy/PersonalDatas/Codes/github/anysoft/qinglong/test/helpers/load-security-module.cjs:35:3), <anonymous>:35:22)
    async eval (eval at loadSecurityModule (/Users/jonhy/PersonalDatas/Codes/github/anysoft/qinglong/test/helpers/load-security-module.cjs:35:3), <anonymous>:205:13)
    async /Users/jonhy/PersonalDatas/Codes/github/anysoft/qinglong/node_modules/.pnpm/sequelize@6.37.5_@whyour+sqlite3@1.1.2/node_modules/sequelize/src/sequelize.js:1197:18
    async Object.initializeOperationalSchema (eval at loadSecurityModule (/Users/jonhy/PersonalDatas/Codes/github/anysoft/qinglong/test/helpers/load-security-module.cjs:35:3), <anonymous>:60:5)
  ...
# Subtest: workspace HTTP API rejects paths/force/ref injection and preserves operation error codes
ok 226 - workspace HTTP API rejects paths/force/ref injection and preserves operation error codes
  ---
  duration_ms: 4730.383084
  type: 'test'
  ...
# Subtest: cross-process POSIX locks release after owner crash, success and errors
ok 227 - cross-process POSIX locks release after owner crash, success and errors
  ---
  duration_ms: 2436.91125
  type: 'test'
  ...
# Subtest: repository mutation matrix and execution lease exclusivity
ok 228 - repository mutation matrix and execution lease exclusivity
  ---
  duration_ms: 9236.593583
  type: 'test'
  ...
# Subtest: real Git timeout and controller crash during Git release locks after child termination
ok 229 - real Git timeout and controller crash during Git release locks after child termination
  ---
  duration_ms: 2531.088333
  type: 'test'
  ...
# Subtest: bare initialization is persistent; fetch updates/prunes remote refs and uses current credentials
ok 230 - bare initialization is persistent; fetch updates/prunes remote refs and uses current credentials
  ---
  duration_ms: 5727.1305
  type: 'test'
  ...
# Subtest: branch worktrees share objects; fetch never moves a worktree; update is explicit FF only
ok 231 - branch worktrees share objects; fetch never moves a worktree; update is explicit FF only
  ---
  duration_ms: 7264.238041
  type: 'test'
  ...
# Subtest: dirty, staged, ignored/untracked and conflicts are visible and protected
ok 232 - dirty, staged, ignored/untracked and conflicts are visible and protected
  ---
  duration_ms: 10977.1655
  type: 'test'
  ...
# Subtest: local commits are retained; diverged and detached worktrees cannot be reset by update/delete
ok 233 - local commits are retained; diverged and detached worktrees cannot be reset by update/delete
  ---
  duration_ms: 10934.114
  type: 'test'
  ...
# Subtest: execution leases block mutation and prune; missing worktrees remain records and repair preserves branch
ok 234 - execution leases block mutation and prune; missing worktrees remain records and repair preserves branch
  ---
  duration_ms: 13301.42425
  type: 'test'
  ...
# Subtest: non-git storage and managed-path symlink replacements never trigger recursive deletion
ok 235 - non-git storage and managed-path symlink replacements never trigger recursive deletion
  ---
  duration_ms: 961.49375
  type: 'test'
  ...
# Subtest: strict Managed crontab install reports errors while original default behavior is preserved
ok 236 - strict Managed crontab install reports errors while original default behavior is preserved
  ---
  duration_ms: 1624.862041
  type: 'test'
  ...
# Subtest: profile references block repository filesystem deletion before mutation
ok 237 - profile references block repository filesystem deletion before mutation
  ---
  duration_ms: 2948.416416
  type: 'test'
  ...
# Subtest: Config/Hook API contracts deny Secret plaintext in all responses and sanitize malformed payloads
not ok 238 - Config/Hook API contracts deny Secret plaintext in all responses and sanitize malformed payloads
  ---
  duration_ms: 1676.649375
  type: 'test'
  location: '/Users/jonhy/PersonalDatas/Codes/github/anysoft/qinglong/tests/phase5/api.test.cjs:6:1'
  failureType: 'testCodeFailure'
  error: 'SQLITE_ERROR: no such table: Systems'
  code: 'ERR_TEST_FAILURE'
  name: 'SequelizeDatabaseError'
  stack: |-
    Database.<anonymous> (/Users/jonhy/PersonalDatas/Codes/github/anysoft/qinglong/node_modules/.pnpm/sequelize@6.37.5_@whyour+sqlite3@1.1.2/node_modules/sequelize/src/dialects/sqlite/query.js:236:27)
    /Users/jonhy/PersonalDatas/Codes/github/anysoft/qinglong/node_modules/.pnpm/sequelize@6.37.5_@whyour+sqlite3@1.1.2/node_modules/sequelize/src/dialects/sqlite/query.js:234:50
    new Promise (<anonymous>)
    Query.run (/Users/jonhy/PersonalDatas/Codes/github/anysoft/qinglong/node_modules/.pnpm/sequelize@6.37.5_@whyour+sqlite3@1.1.2/node_modules/sequelize/src/dialects/sqlite/query.js:234:12)
    /Users/jonhy/PersonalDatas/Codes/github/anysoft/qinglong/node_modules/.pnpm/sequelize@6.37.5_@whyour+sqlite3@1.1.2/node_modules/sequelize/src/sequelize.js:650:28
    async triggerTimezone (eval at loadSecurityModule (/Users/jonhy/PersonalDatas/Codes/github/anysoft/qinglong/test/helpers/load-security-module.cjs:35:3), <anonymous>:10:18)
    async createTriggerSchema (eval at loadSecurityModule (/Users/jonhy/PersonalDatas/Codes/github/anysoft/qinglong/test/helpers/load-security-module.cjs:35:3), <anonymous>:35:22)
    async eval (eval at loadSecurityModule (/Users/jonhy/PersonalDatas/Codes/github/anysoft/qinglong/test/helpers/load-security-module.cjs:35:3), <anonymous>:205:13)
    async /Users/jonhy/PersonalDatas/Codes/github/anysoft/qinglong/node_modules/.pnpm/sequelize@6.37.5_@whyour+sqlite3@1.1.2/node_modules/sequelize/src/sequelize.js:1197:18
    async Object.initializeOperationalSchema (eval at loadSecurityModule (/Users/jonhy/PersonalDatas/Codes/github/anysoft/qinglong/test/helpers/load-security-module.cjs:35:3), <anonymous>:60:5)
  ...
# Subtest: immutable revisions, optimistic edits, private storage, Secret response and downgrade protection
not ok 239 - immutable revisions, optimistic edits, private storage, Secret response and downgrade protection
  ---
  duration_ms: 1699.034667
  type: 'test'
  location: '/Users/jonhy/PersonalDatas/Codes/github/anysoft/qinglong/tests/phase5/domain.test.cjs:7:1'
  failureType: 'testCodeFailure'
  error: 'SQLITE_ERROR: no such table: Systems'
  code: 'ERR_TEST_FAILURE'
  name: 'SequelizeDatabaseError'
  stack: |-
    Database.<anonymous> (/Users/jonhy/PersonalDatas/Codes/github/anysoft/qinglong/node_modules/.pnpm/sequelize@6.37.5_@whyour+sqlite3@1.1.2/node_modules/sequelize/src/dialects/sqlite/query.js:236:27)
    /Users/jonhy/PersonalDatas/Codes/github/anysoft/qinglong/node_modules/.pnpm/sequelize@6.37.5_@whyour+sqlite3@1.1.2/node_modules/sequelize/src/dialects/sqlite/query.js:234:50
    new Promise (<anonymous>)
    Query.run (/Users/jonhy/PersonalDatas/Codes/github/anysoft/qinglong/node_modules/.pnpm/sequelize@6.37.5_@whyour+sqlite3@1.1.2/node_modules/sequelize/src/dialects/sqlite/query.js:234:12)
    /Users/jonhy/PersonalDatas/Codes/github/anysoft/qinglong/node_modules/.pnpm/sequelize@6.37.5_@whyour+sqlite3@1.1.2/node_modules/sequelize/src/sequelize.js:650:28
    async triggerTimezone (eval at loadSecurityModule (/Users/jonhy/PersonalDatas/Codes/github/anysoft/qinglong/test/helpers/load-security-module.cjs:35:3), <anonymous>:10:18)
    async createTriggerSchema (eval at loadSecurityModule (/Users/jonhy/PersonalDatas/Codes/github/anysoft/qinglong/test/helpers/load-security-module.cjs:35:3), <anonymous>:35:22)
    async eval (eval at loadSecurityModule (/Users/jonhy/PersonalDatas/Codes/github/anysoft/qinglong/test/helpers/load-security-module.cjs:35:3), <anonymous>:205:13)
    async /Users/jonhy/PersonalDatas/Codes/github/anysoft/qinglong/node_modules/.pnpm/sequelize@6.37.5_@whyour+sqlite3@1.1.2/node_modules/sequelize/src/sequelize.js:1197:18
    async Object.initializeOperationalSchema (eval at loadSecurityModule (/Users/jonhy/PersonalDatas/Codes/github/anysoft/qinglong/test/helpers/load-security-module.cjs:35:3), <anonymous>:60:5)
  ...
# Subtest: Repository inheritance, Task override/MASK, normalized uniqueness, disabled and manual bindings, references and cascades
not ok 240 - Repository inheritance, Task override/MASK, normalized uniqueness, disabled and manual bindings, references and cascades
  ---
  duration_ms: 940.562917
  type: 'test'
  location: '/Users/jonhy/PersonalDatas/Codes/github/anysoft/qinglong/tests/phase5/domain.test.cjs:34:1'
  failureType: 'testCodeFailure'
  error: 'SQLITE_ERROR: no such table: Systems'
  code: 'ERR_TEST_FAILURE'
  name: 'SequelizeDatabaseError'
  stack: |-
    Database.<anonymous> (/Users/jonhy/PersonalDatas/Codes/github/anysoft/qinglong/node_modules/.pnpm/sequelize@6.37.5_@whyour+sqlite3@1.1.2/node_modules/sequelize/src/dialects/sqlite/query.js:236:27)
    /Users/jonhy/PersonalDatas/Codes/github/anysoft/qinglong/node_modules/.pnpm/sequelize@6.37.5_@whyour+sqlite3@1.1.2/node_modules/sequelize/src/dialects/sqlite/query.js:234:50
    new Promise (<anonymous>)
    Query.run (/Users/jonhy/PersonalDatas/Codes/github/anysoft/qinglong/node_modules/.pnpm/sequelize@6.37.5_@whyour+sqlite3@1.1.2/node_modules/sequelize/src/dialects/sqlite/query.js:234:12)
    /Users/jonhy/PersonalDatas/Codes/github/anysoft/qinglong/node_modules/.pnpm/sequelize@6.37.5_@whyour+sqlite3@1.1.2/node_modules/sequelize/src/sequelize.js:650:28
    async triggerTimezone (eval at loadSecurityModule (/Users/jonhy/PersonalDatas/Codes/github/anysoft/qinglong/test/helpers/load-security-module.cjs:35:3), <anonymous>:10:18)
    async createTriggerSchema (eval at loadSecurityModule (/Users/jonhy/PersonalDatas/Codes/github/anysoft/qinglong/test/helpers/load-security-module.cjs:35:3), <anonymous>:35:22)
    async eval (eval at loadSecurityModule (/Users/jonhy/PersonalDatas/Codes/github/anysoft/qinglong/test/helpers/load-security-module.cjs:35:3), <anonymous>:205:13)
    async /Users/jonhy/PersonalDatas/Codes/github/anysoft/qinglong/node_modules/.pnpm/sequelize@6.37.5_@whyour+sqlite3@1.1.2/node_modules/sequelize/src/sequelize.js:1197:18
    async Object.initializeOperationalSchema (eval at loadSecurityModule (/Users/jonhy/PersonalDatas/Codes/github/anysoft/qinglong/test/helpers/load-security-module.cjs:35:3), <anonymous>:60:5)
  ...
# Subtest: Hook CRUD, stable order, transactional reorder conflict rollback and Task cascade
not ok 241 - Hook CRUD, stable order, transactional reorder conflict rollback and Task cascade
  ---
  duration_ms: 916.876708
  type: 'test'
  location: '/Users/jonhy/PersonalDatas/Codes/github/anysoft/qinglong/tests/phase5/domain.test.cjs:58:1'
  failureType: 'testCodeFailure'
  error: 'SQLITE_ERROR: no such table: Systems'
  code: 'ERR_TEST_FAILURE'
  name: 'SequelizeDatabaseError'
  stack: |-
    Database.<anonymous> (/Users/jonhy/PersonalDatas/Codes/github/anysoft/qinglong/node_modules/.pnpm/sequelize@6.37.5_@whyour+sqlite3@1.1.2/node_modules/sequelize/src/dialects/sqlite/query.js:236:27)
    /Users/jonhy/PersonalDatas/Codes/github/anysoft/qinglong/node_modules/.pnpm/sequelize@6.37.5_@whyour+sqlite3@1.1.2/node_modules/sequelize/src/dialects/sqlite/query.js:234:50
    new Promise (<anonymous>)
    Query.run (/Users/jonhy/PersonalDatas/Codes/github/anysoft/qinglong/node_modules/.pnpm/sequelize@6.37.5_@whyour+sqlite3@1.1.2/node_modules/sequelize/src/dialects/sqlite/query.js:234:12)
    /Users/jonhy/PersonalDatas/Codes/github/anysoft/qinglong/node_modules/.pnpm/sequelize@6.37.5_@whyour+sqlite3@1.1.2/node_modules/sequelize/src/sequelize.js:650:28
    async triggerTimezone (eval at loadSecurityModule (/Users/jonhy/PersonalDatas/Codes/github/anysoft/qinglong/test/helpers/load-security-module.cjs:35:3), <anonymous>:10:18)
    async createTriggerSchema (eval at loadSecurityModule (/Users/jonhy/PersonalDatas/Codes/github/anysoft/qinglong/test/helpers/load-security-module.cjs:35:3), <anonymous>:35:22)
    async eval (eval at loadSecurityModule (/Users/jonhy/PersonalDatas/Codes/github/anysoft/qinglong/test/helpers/load-security-module.cjs:35:3), <anonymous>:205:13)
    async /Users/jonhy/PersonalDatas/Codes/github/anysoft/qinglong/node_modules/.pnpm/sequelize@6.37.5_@whyour+sqlite3@1.1.2/node_modules/sequelize/src/sequelize.js:1197:18
    async Object.initializeOperationalSchema (eval at loadSecurityModule (/Users/jonhy/PersonalDatas/Codes/github/anysoft/qinglong/test/helpers/load-security-module.cjs:35:3), <anonymous>:60:5)
  ...
# Subtest: uncommitted revision directory is retained and next edit allocates a fresh immutable path
not ok 242 - uncommitted revision directory is retained and next edit allocates a fresh immutable path
  ---
  duration_ms: 836.397834
  type: 'test'
  location: '/Users/jonhy/PersonalDatas/Codes/github/anysoft/qinglong/tests/phase5/domain.test.cjs:71:1'
  failureType: 'testCodeFailure'
  error: 'SQLITE_ERROR: no such table: Systems'
  code: 'ERR_TEST_FAILURE'
  name: 'SequelizeDatabaseError'
  stack: |-
    Database.<anonymous> (/Users/jonhy/PersonalDatas/Codes/github/anysoft/qinglong/node_modules/.pnpm/sequelize@6.37.5_@whyour+sqlite3@1.1.2/node_modules/sequelize/src/dialects/sqlite/query.js:236:27)
    /Users/jonhy/PersonalDatas/Codes/github/anysoft/qinglong/node_modules/.pnpm/sequelize@6.37.5_@whyour+sqlite3@1.1.2/node_modules/sequelize/src/dialects/sqlite/query.js:234:50
    new Promise (<anonymous>)
    Query.run (/Users/jonhy/PersonalDatas/Codes/github/anysoft/qinglong/node_modules/.pnpm/sequelize@6.37.5_@whyour+sqlite3@1.1.2/node_modules/sequelize/src/dialects/sqlite/query.js:234:12)
    /Users/jonhy/PersonalDatas/Codes/github/anysoft/qinglong/node_modules/.pnpm/sequelize@6.37.5_@whyour+sqlite3@1.1.2/node_modules/sequelize/src/sequelize.js:650:28
    async triggerTimezone (eval at loadSecurityModule (/Users/jonhy/PersonalDatas/Codes/github/anysoft/qinglong/test/helpers/load-security-module.cjs:35:3), <anonymous>:10:18)
    async createTriggerSchema (eval at loadSecurityModule (/Users/jonhy/PersonalDatas/Codes/github/anysoft/qinglong/test/helpers/load-security-module.cjs:35:3), <anonymous>:35:22)
    async eval (eval at loadSecurityModule (/Users/jonhy/PersonalDatas/Codes/github/anysoft/qinglong/test/helpers/load-security-module.cjs:35:3), <anonymous>:205:13)
    async /Users/jonhy/PersonalDatas/Codes/github/anysoft/qinglong/node_modules/.pnpm/sequelize@6.37.5_@whyour+sqlite3@1.1.2/node_modules/sequelize/src/sequelize.js:1197:18
    async Object.initializeOperationalSchema (eval at loadSecurityModule (/Users/jonhy/PersonalDatas/Codes/github/anysoft/qinglong/test/helpers/load-security-module.cjs:35:3), <anonymous>:60:5)
  ...
# Subtest: BEFORE JSON set/unset/secret produces derived snapshot only and retains historical secrets
not ok 243 - BEFORE JSON set/unset/secret produces derived snapshot only and retains historical secrets
  ---
  duration_ms: 1600.225833
  type: 'test'
  location: '/Users/jonhy/PersonalDatas/Codes/github/anysoft/qinglong/tests/phase5/hook-output.test.cjs:5:1'
  failureType: 'testCodeFailure'
  error: 'SQLITE_ERROR: no such table: Systems'
  code: 'ERR_TEST_FAILURE'
  name: 'SequelizeDatabaseError'
  stack: |-
    Database.<anonymous> (/Users/jonhy/PersonalDatas/Codes/github/anysoft/qinglong/node_modules/.pnpm/sequelize@6.37.5_@whyour+sqlite3@1.1.2/node_modules/sequelize/src/dialects/sqlite/query.js:236:27)
    /Users/jonhy/PersonalDatas/Codes/github/anysoft/qinglong/node_modules/.pnpm/sequelize@6.37.5_@whyour+sqlite3@1.1.2/node_modules/sequelize/src/dialects/sqlite/query.js:234:50
    new Promise (<anonymous>)
    Query.run (/Users/jonhy/PersonalDatas/Codes/github/anysoft/qinglong/node_modules/.pnpm/sequelize@6.37.5_@whyour+sqlite3@1.1.2/node_modules/sequelize/src/dialects/sqlite/query.js:234:12)
    /Users/jonhy/PersonalDatas/Codes/github/anysoft/qinglong/node_modules/.pnpm/sequelize@6.37.5_@whyour+sqlite3@1.1.2/node_modules/sequelize/src/sequelize.js:650:28
    async triggerTimezone (eval at loadSecurityModule (/Users/jonhy/PersonalDatas/Codes/github/anysoft/qinglong/test/helpers/load-security-module.cjs:35:3), <anonymous>:10:18)
    async createTriggerSchema (eval at loadSecurityModule (/Users/jonhy/PersonalDatas/Codes/github/anysoft/qinglong/test/helpers/load-security-module.cjs:35:3), <anonymous>:35:22)
    async eval (eval at loadSecurityModule (/Users/jonhy/PersonalDatas/Codes/github/anysoft/qinglong/test/helpers/load-security-module.cjs:35:3), <anonymous>:205:13)
    async /Users/jonhy/PersonalDatas/Codes/github/anysoft/qinglong/node_modules/.pnpm/sequelize@6.37.5_@whyour+sqlite3@1.1.2/node_modules/sequelize/src/sequelize.js:1197:18
    async Object.initializeOperationalSchema (eval at loadSecurityModule (/Users/jonhy/PersonalDatas/Codes/github/anysoft/qinglong/test/helpers/load-security-module.cjs:35:3), <anonymous>:60:5)
  ...
# Subtest: invalid output, reserved/invalid names, oversized values, unknown operations and symlink reject without secret errors
not ok 244 - invalid output, reserved/invalid names, oversized values, unknown operations and symlink reject without secret errors
  ---
  duration_ms: 891.930583
  type: 'test'
  location: '/Users/jonhy/PersonalDatas/Codes/github/anysoft/qinglong/tests/phase5/hook-output.test.cjs:18:1'
  failureType: 'testCodeFailure'
  error: 'SQLITE_ERROR: no such table: Systems'
  code: 'ERR_TEST_FAILURE'
  name: 'SequelizeDatabaseError'
  stack: |-
    Database.<anonymous> (/Users/jonhy/PersonalDatas/Codes/github/anysoft/qinglong/node_modules/.pnpm/sequelize@6.37.5_@whyour+sqlite3@1.1.2/node_modules/sequelize/src/dialects/sqlite/query.js:236:27)
    /Users/jonhy/PersonalDatas/Codes/github/anysoft/qinglong/node_modules/.pnpm/sequelize@6.37.5_@whyour+sqlite3@1.1.2/node_modules/sequelize/src/dialects/sqlite/query.js:234:50
    new Promise (<anonymous>)
    Query.run (/Users/jonhy/PersonalDatas/Codes/github/anysoft/qinglong/node_modules/.pnpm/sequelize@6.37.5_@whyour+sqlite3@1.1.2/node_modules/sequelize/src/dialects/sqlite/query.js:234:12)
    /Users/jonhy/PersonalDatas/Codes/github/anysoft/qinglong/node_modules/.pnpm/sequelize@6.37.5_@whyour+sqlite3@1.1.2/node_modules/sequelize/src/sequelize.js:650:28
    async triggerTimezone (eval at loadSecurityModule (/Users/jonhy/PersonalDatas/Codes/github/anysoft/qinglong/test/helpers/load-security-module.cjs:35:3), <anonymous>:10:18)
    async createTriggerSchema (eval at loadSecurityModule (/Users/jonhy/PersonalDatas/Codes/github/anysoft/qinglong/test/helpers/load-security-module.cjs:35:3), <anonymous>:35:22)
    async eval (eval at loadSecurityModule (/Users/jonhy/PersonalDatas/Codes/github/anysoft/qinglong/test/helpers/load-security-module.cjs:35:3), <anonymous>:205:13)
    async /Users/jonhy/PersonalDatas/Codes/github/anysoft/qinglong/node_modules/.pnpm/sequelize@6.37.5_@whyour+sqlite3@1.1.2/node_modules/sequelize/src/sequelize.js:1197:18
    async Object.initializeOperationalSchema (eval at loadSecurityModule (/Users/jonhy/PersonalDatas/Codes/github/anysoft/qinglong/test/helpers/load-security-module.cjs:35:3), <anonymous>:60:5)
  ...
# Subtest: UTF-8 streaming redactor covers chunk boundaries and newly tracked secrets
not ok 245 - UTF-8 streaming redactor covers chunk boundaries and newly tracked secrets
  ---
  duration_ms: 1010.632417
  type: 'test'
  location: '/Users/jonhy/PersonalDatas/Codes/github/anysoft/qinglong/tests/phase5/hook-output.test.cjs:29:1'
  failureType: 'testCodeFailure'
  error: 'SQLITE_ERROR: no such table: Systems'
  code: 'ERR_TEST_FAILURE'
  name: 'SequelizeDatabaseError'
  stack: |-
    Database.<anonymous> (/Users/jonhy/PersonalDatas/Codes/github/anysoft/qinglong/node_modules/.pnpm/sequelize@6.37.5_@whyour+sqlite3@1.1.2/node_modules/sequelize/src/dialects/sqlite/query.js:236:27)
    /Users/jonhy/PersonalDatas/Codes/github/anysoft/qinglong/node_modules/.pnpm/sequelize@6.37.5_@whyour+sqlite3@1.1.2/node_modules/sequelize/src/dialects/sqlite/query.js:234:50
    new Promise (<anonymous>)
    Query.run (/Users/jonhy/PersonalDatas/Codes/github/anysoft/qinglong/node_modules/.pnpm/sequelize@6.37.5_@whyour+sqlite3@1.1.2/node_modules/sequelize/src/dialects/sqlite/query.js:234:12)
    /Users/jonhy/PersonalDatas/Codes/github/anysoft/qinglong/node_modules/.pnpm/sequelize@6.37.5_@whyour+sqlite3@1.1.2/node_modules/sequelize/src/sequelize.js:650:28
    async triggerTimezone (eval at loadSecurityModule (/Users/jonhy/PersonalDatas/Codes/github/anysoft/qinglong/test/helpers/load-security-module.cjs:35:3), <anonymous>:10:18)
    async createTriggerSchema (eval at loadSecurityModule (/Users/jonhy/PersonalDatas/Codes/github/anysoft/qinglong/test/helpers/load-security-module.cjs:35:3), <anonymous>:35:22)
    async eval (eval at loadSecurityModule (/Users/jonhy/PersonalDatas/Codes/github/anysoft/qinglong/test/helpers/load-security-module.cjs:35:3), <anonymous>:205:13)
    async /Users/jonhy/PersonalDatas/Codes/github/anysoft/qinglong/node_modules/.pnpm/sequelize@6.37.5_@whyour+sqlite3@1.1.2/node_modules/sequelize/src/sequelize.js:1197:18
    async Object.initializeOperationalSchema (eval at loadSecurityModule (/Users/jonhy/PersonalDatas/Codes/github/anysoft/qinglong/test/helpers/load-security-module.cjs:35:3), <anonymous>:60:5)
  ...
# Subtest: Secret names require own ENV entries and unset never reintroduces prototype properties
not ok 246 - Secret names require own ENV entries and unset never reintroduces prototype properties
  ---
  duration_ms: 905.064375
  type: 'test'
  location: '/Users/jonhy/PersonalDatas/Codes/github/anysoft/qinglong/tests/phase5/hook-output.test.cjs:44:1'
  failureType: 'testCodeFailure'
  error: 'SQLITE_ERROR: no such table: Systems'
  code: 'ERR_TEST_FAILURE'
  name: 'SequelizeDatabaseError'
  stack: |-
    Database.<anonymous> (/Users/jonhy/PersonalDatas/Codes/github/anysoft/qinglong/node_modules/.pnpm/sequelize@6.37.5_@whyour+sqlite3@1.1.2/node_modules/sequelize/src/dialects/sqlite/query.js:236:27)
    /Users/jonhy/PersonalDatas/Codes/github/anysoft/qinglong/node_modules/.pnpm/sequelize@6.37.5_@whyour+sqlite3@1.1.2/node_modules/sequelize/src/dialects/sqlite/query.js:234:50
    new Promise (<anonymous>)
    Query.run (/Users/jonhy/PersonalDatas/Codes/github/anysoft/qinglong/node_modules/.pnpm/sequelize@6.37.5_@whyour+sqlite3@1.1.2/node_modules/sequelize/src/dialects/sqlite/query.js:234:12)
    /Users/jonhy/PersonalDatas/Codes/github/anysoft/qinglong/node_modules/.pnpm/sequelize@6.37.5_@whyour+sqlite3@1.1.2/node_modules/sequelize/src/sequelize.js:650:28
    async triggerTimezone (eval at loadSecurityModule (/Users/jonhy/PersonalDatas/Codes/github/anysoft/qinglong/test/helpers/load-security-module.cjs:35:3), <anonymous>:10:18)
    async createTriggerSchema (eval at loadSecurityModule (/Users/jonhy/PersonalDatas/Codes/github/anysoft/qinglong/test/helpers/load-security-module.cjs:35:3), <anonymous>:35:22)
    async eval (eval at loadSecurityModule (/Users/jonhy/PersonalDatas/Codes/github/anysoft/qinglong/test/helpers/load-security-module.cjs:35:3), <anonymous>:205:13)
    async /Users/jonhy/PersonalDatas/Codes/github/anysoft/qinglong/node_modules/.pnpm/sequelize@6.37.5_@whyour+sqlite3@1.1.2/node_modules/sequelize/src/sequelize.js:1197:18
    async Object.initializeOperationalSchema (eval at loadSecurityModule (/Users/jonhy/PersonalDatas/Codes/github/anysoft/qinglong/test/helpers/load-security-module.cjs:35:3), <anonymous>:60:5)
  ...
# Subtest: COPY readonly=true, per-run copy, canonical immutable and cleanup
not ok 247 - COPY readonly=true, per-run copy, canonical immutable and cleanup
  ---
  duration_ms: 1588.792125
  type: 'test'
  location: '/Users/jonhy/PersonalDatas/Codes/github/anysoft/qinglong/tests/phase5/materialization.test.cjs:8:9'
  failureType: 'testCodeFailure'
  error: 'SQLITE_ERROR: no such table: Systems'
  code: 'ERR_TEST_FAILURE'
  name: 'SequelizeDatabaseError'
  stack: |-
    Database.<anonymous> (/Users/jonhy/PersonalDatas/Codes/github/anysoft/qinglong/node_modules/.pnpm/sequelize@6.37.5_@whyour+sqlite3@1.1.2/node_modules/sequelize/src/dialects/sqlite/query.js:236:27)
    /Users/jonhy/PersonalDatas/Codes/github/anysoft/qinglong/node_modules/.pnpm/sequelize@6.37.5_@whyour+sqlite3@1.1.2/node_modules/sequelize/src/dialects/sqlite/query.js:234:50
    new Promise (<anonymous>)
    Query.run (/Users/jonhy/PersonalDatas/Codes/github/anysoft/qinglong/node_modules/.pnpm/sequelize@6.37.5_@whyour+sqlite3@1.1.2/node_modules/sequelize/src/dialects/sqlite/query.js:234:12)
    /Users/jonhy/PersonalDatas/Codes/github/anysoft/qinglong/node_modules/.pnpm/sequelize@6.37.5_@whyour+sqlite3@1.1.2/node_modules/sequelize/src/sequelize.js:650:28
    async triggerTimezone (eval at loadSecurityModule (/Users/jonhy/PersonalDatas/Codes/github/anysoft/qinglong/test/helpers/load-security-module.cjs:35:3), <anonymous>:10:18)
    async createTriggerSchema (eval at loadSecurityModule (/Users/jonhy/PersonalDatas/Codes/github/anysoft/qinglong/test/helpers/load-security-module.cjs:35:3), <anonymous>:35:22)
    async eval (eval at loadSecurityModule (/Users/jonhy/PersonalDatas/Codes/github/anysoft/qinglong/test/helpers/load-security-module.cjs:35:3), <anonymous>:205:13)
    async /Users/jonhy/PersonalDatas/Codes/github/anysoft/qinglong/node_modules/.pnpm/sequelize@6.37.5_@whyour+sqlite3@1.1.2/node_modules/sequelize/src/sequelize.js:1197:18
    async Object.initializeOperationalSchema (eval at loadSecurityModule (/Users/jonhy/PersonalDatas/Codes/github/anysoft/qinglong/test/helpers/load-security-module.cjs:35:3), <anonymous>:60:5)
  ...
# Subtest: COPY readonly=false, per-run copy, canonical immutable and cleanup
not ok 248 - COPY readonly=false, per-run copy, canonical immutable and cleanup
  ---
  duration_ms: 1021.848709
  type: 'test'
  location: '/Users/jonhy/PersonalDatas/Codes/github/anysoft/qinglong/tests/phase5/materialization.test.cjs:8:9'
  failureType: 'testCodeFailure'
  error: 'SQLITE_ERROR: no such table: Systems'
  code: 'ERR_TEST_FAILURE'
  name: 'SequelizeDatabaseError'
  stack: |-
    Database.<anonymous> (/Users/jonhy/PersonalDatas/Codes/github/anysoft/qinglong/node_modules/.pnpm/sequelize@6.37.5_@whyour+sqlite3@1.1.2/node_modules/sequelize/src/dialects/sqlite/query.js:236:27)
    /Users/jonhy/PersonalDatas/Codes/github/anysoft/qinglong/node_modules/.pnpm/sequelize@6.37.5_@whyour+sqlite3@1.1.2/node_modules/sequelize/src/dialects/sqlite/query.js:234:50
    new Promise (<anonymous>)
    Query.run (/Users/jonhy/PersonalDatas/Codes/github/anysoft/qinglong/node_modules/.pnpm/sequelize@6.37.5_@whyour+sqlite3@1.1.2/node_modules/sequelize/src/dialects/sqlite/query.js:234:12)
    /Users/jonhy/PersonalDatas/Codes/github/anysoft/qinglong/node_modules/.pnpm/sequelize@6.37.5_@whyour+sqlite3@1.1.2/node_modules/sequelize/src/sequelize.js:650:28
    async triggerTimezone (eval at loadSecurityModule (/Users/jonhy/PersonalDatas/Codes/github/anysoft/qinglong/test/helpers/load-security-module.cjs:35:3), <anonymous>:10:18)
    async createTriggerSchema (eval at loadSecurityModule (/Users/jonhy/PersonalDatas/Codes/github/anysoft/qinglong/test/helpers/load-security-module.cjs:35:3), <anonymous>:35:22)
    async eval (eval at loadSecurityModule (/Users/jonhy/PersonalDatas/Codes/github/anysoft/qinglong/test/helpers/load-security-module.cjs:35:3), <anonymous>:205:13)
    async /Users/jonhy/PersonalDatas/Codes/github/anysoft/qinglong/node_modules/.pnpm/sequelize@6.37.5_@whyour+sqlite3@1.1.2/node_modules/sequelize/src/sequelize.js:1197:18
    async Object.initializeOperationalSchema (eval at loadSecurityModule (/Users/jonhy/PersonalDatas/Codes/github/anysoft/qinglong/test/helpers/load-security-module.cjs:35:3), <anonymous>:60:5)
  ...
# Subtest: SYMLINK readonly=true, per-run copy, canonical immutable and cleanup
not ok 249 - SYMLINK readonly=true, per-run copy, canonical immutable and cleanup
  ---
  duration_ms: 984.326875
  type: 'test'
  location: '/Users/jonhy/PersonalDatas/Codes/github/anysoft/qinglong/tests/phase5/materialization.test.cjs:8:9'
  failureType: 'testCodeFailure'
  error: 'SQLITE_ERROR: no such table: Systems'
  code: 'ERR_TEST_FAILURE'
  name: 'SequelizeDatabaseError'
  stack: |-
    Database.<anonymous> (/Users/jonhy/PersonalDatas/Codes/github/anysoft/qinglong/node_modules/.pnpm/sequelize@6.37.5_@whyour+sqlite3@1.1.2/node_modules/sequelize/src/dialects/sqlite/query.js:236:27)
    /Users/jonhy/PersonalDatas/Codes/github/anysoft/qinglong/node_modules/.pnpm/sequelize@6.37.5_@whyour+sqlite3@1.1.2/node_modules/sequelize/src/dialects/sqlite/query.js:234:50
    new Promise (<anonymous>)
    Query.run (/Users/jonhy/PersonalDatas/Codes/github/anysoft/qinglong/node_modules/.pnpm/sequelize@6.37.5_@whyour+sqlite3@1.1.2/node_modules/sequelize/src/dialects/sqlite/query.js:234:12)
    /Users/jonhy/PersonalDatas/Codes/github/anysoft/qinglong/node_modules/.pnpm/sequelize@6.37.5_@whyour+sqlite3@1.1.2/node_modules/sequelize/src/sequelize.js:650:28
    async triggerTimezone (eval at loadSecurityModule (/Users/jonhy/PersonalDatas/Codes/github/anysoft/qinglong/test/helpers/load-security-module.cjs:35:3), <anonymous>:10:18)
    async createTriggerSchema (eval at loadSecurityModule (/Users/jonhy/PersonalDatas/Codes/github/anysoft/qinglong/test/helpers/load-security-module.cjs:35:3), <anonymous>:35:22)
    async eval (eval at loadSecurityModule (/Users/jonhy/PersonalDatas/Codes/github/anysoft/qinglong/test/helpers/load-security-module.cjs:35:3), <anonymous>:205:13)
    async /Users/jonhy/PersonalDatas/Codes/github/anysoft/qinglong/node_modules/.pnpm/sequelize@6.37.5_@whyour+sqlite3@1.1.2/node_modules/sequelize/src/sequelize.js:1197:18
    async Object.initializeOperationalSchema (eval at loadSecurityModule (/Users/jonhy/PersonalDatas/Codes/github/anysoft/qinglong/test/helpers/load-security-module.cjs:35:3), <anonymous>:60:5)
  ...
# Subtest: SYMLINK readonly=false, per-run copy, canonical immutable and cleanup
not ok 250 - SYMLINK readonly=false, per-run copy, canonical immutable and cleanup
  ---
  duration_ms: 698.558542
  type: 'test'
  location: '/Users/jonhy/PersonalDatas/Codes/github/anysoft/qinglong/tests/phase5/materialization.test.cjs:8:9'
  failureType: 'testCodeFailure'
  error: 'SQLITE_ERROR: no such table: Systems'
  code: 'ERR_TEST_FAILURE'
  name: 'SequelizeDatabaseError'
  stack: |-
    Database.<anonymous> (/Users/jonhy/PersonalDatas/Codes/github/anysoft/qinglong/node_modules/.pnpm/sequelize@6.37.5_@whyour+sqlite3@1.1.2/node_modules/sequelize/src/dialects/sqlite/query.js:236:27)
    /Users/jonhy/PersonalDatas/Codes/github/anysoft/qinglong/node_modules/.pnpm/sequelize@6.37.5_@whyour+sqlite3@1.1.2/node_modules/sequelize/src/dialects/sqlite/query.js:234:50
    new Promise (<anonymous>)
    Query.run (/Users/jonhy/PersonalDatas/Codes/github/anysoft/qinglong/node_modules/.pnpm/sequelize@6.37.5_@whyour+sqlite3@1.1.2/node_modules/sequelize/src/dialects/sqlite/query.js:234:12)
    /Users/jonhy/PersonalDatas/Codes/github/anysoft/qinglong/node_modules/.pnpm/sequelize@6.37.5_@whyour+sqlite3@1.1.2/node_modules/sequelize/src/sequelize.js:650:28
    async triggerTimezone (eval at loadSecurityModule (/Users/jonhy/PersonalDatas/Codes/github/anysoft/qinglong/test/helpers/load-security-module.cjs:35:3), <anonymous>:10:18)
    async createTriggerSchema (eval at loadSecurityModule (/Users/jonhy/PersonalDatas/Codes/github/anysoft/qinglong/test/helpers/load-security-module.cjs:35:3), <anonymous>:35:22)
    async eval (eval at loadSecurityModule (/Users/jonhy/PersonalDatas/Codes/github/anysoft/qinglong/test/helpers/load-security-module.cjs:35:3), <anonymous>:205:13)
    async /Users/jonhy/PersonalDatas/Codes/github/anysoft/qinglong/node_modules/.pnpm/sequelize@6.37.5_@whyour+sqlite3@1.1.2/node_modules/sequelize/src/sequelize.js:1197:18
    async Object.initializeOperationalSchema (eval at loadSecurityModule (/Users/jonhy/PersonalDatas/Codes/github/anysoft/qinglong/test/helpers/load-security-module.cjs:35:3), <anonymous>:60:5)
  ...
# Subtest: replace restores original exact bytes/mode after simulated process loss and next acquire
not ok 251 - replace restores original exact bytes/mode after simulated process loss and next acquire
  ---
  duration_ms: 801.644541
  type: 'test'
  location: '/Users/jonhy/PersonalDatas/Codes/github/anysoft/qinglong/tests/phase5/materialization.test.cjs:23:1'
  failureType: 'testCodeFailure'
  error: 'SQLITE_ERROR: no such table: Systems'
  code: 'ERR_TEST_FAILURE'
  name: 'SequelizeDatabaseError'
  stack: |-
    Database.<anonymous> (/Users/jonhy/PersonalDatas/Codes/github/anysoft/qinglong/node_modules/.pnpm/sequelize@6.37.5_@whyour+sqlite3@1.1.2/node_modules/sequelize/src/dialects/sqlite/query.js:236:27)
    /Users/jonhy/PersonalDatas/Codes/github/anysoft/qinglong/node_modules/.pnpm/sequelize@6.37.5_@whyour+sqlite3@1.1.2/node_modules/sequelize/src/dialects/sqlite/query.js:234:50
    new Promise (<anonymous>)
    Query.run (/Users/jonhy/PersonalDatas/Codes/github/anysoft/qinglong/node_modules/.pnpm/sequelize@6.37.5_@whyour+sqlite3@1.1.2/node_modules/sequelize/src/dialects/sqlite/query.js:234:12)
    /Users/jonhy/PersonalDatas/Codes/github/anysoft/qinglong/node_modules/.pnpm/sequelize@6.37.5_@whyour+sqlite3@1.1.2/node_modules/sequelize/src/sequelize.js:650:28
    async triggerTimezone (eval at loadSecurityModule (/Users/jonhy/PersonalDatas/Codes/github/anysoft/qinglong/test/helpers/load-security-module.cjs:35:3), <anonymous>:10:18)
    async createTriggerSchema (eval at loadSecurityModule (/Users/jonhy/PersonalDatas/Codes/github/anysoft/qinglong/test/helpers/load-security-module.cjs:35:3), <anonymous>:35:22)
    async eval (eval at loadSecurityModule (/Users/jonhy/PersonalDatas/Codes/github/anysoft/qinglong/test/helpers/load-security-module.cjs:35:3), <anonymous>:205:13)
    async /Users/jonhy/PersonalDatas/Codes/github/anysoft/qinglong/node_modules/.pnpm/sequelize@6.37.5_@whyour+sqlite3@1.1.2/node_modules/sequelize/src/sequelize.js:1197:18
    async Object.initializeOperationalSchema (eval at loadSecurityModule (/Users/jonhy/PersonalDatas/Codes/github/anysoft/qinglong/test/helpers/load-security-module.cjs:35:3), <anonymous>:60:5)
  ...
# Subtest: unsafe paths, symlink parents/targets, special files, duplicate physical aliases fail without touching user data
not ok 252 - unsafe paths, symlink parents/targets, special files, duplicate physical aliases fail without touching user data
  ---
  duration_ms: 716.8425
  type: 'test'
  location: '/Users/jonhy/PersonalDatas/Codes/github/anysoft/qinglong/tests/phase5/materialization.test.cjs:35:1'
  failureType: 'testCodeFailure'
  error: 'SQLITE_ERROR: no such table: Systems'
  code: 'ERR_TEST_FAILURE'
  name: 'SequelizeDatabaseError'
  stack: |-
    Database.<anonymous> (/Users/jonhy/PersonalDatas/Codes/github/anysoft/qinglong/node_modules/.pnpm/sequelize@6.37.5_@whyour+sqlite3@1.1.2/node_modules/sequelize/src/dialects/sqlite/query.js:236:27)
    /Users/jonhy/PersonalDatas/Codes/github/anysoft/qinglong/node_modules/.pnpm/sequelize@6.37.5_@whyour+sqlite3@1.1.2/node_modules/sequelize/src/dialects/sqlite/query.js:234:50
    new Promise (<anonymous>)
    Query.run (/Users/jonhy/PersonalDatas/Codes/github/anysoft/qinglong/node_modules/.pnpm/sequelize@6.37.5_@whyour+sqlite3@1.1.2/node_modules/sequelize/src/dialects/sqlite/query.js:234:12)
    /Users/jonhy/PersonalDatas/Codes/github/anysoft/qinglong/node_modules/.pnpm/sequelize@6.37.5_@whyour+sqlite3@1.1.2/node_modules/sequelize/src/sequelize.js:650:28
    async triggerTimezone (eval at loadSecurityModule (/Users/jonhy/PersonalDatas/Codes/github/anysoft/qinglong/test/helpers/load-security-module.cjs:35:3), <anonymous>:10:18)
    async createTriggerSchema (eval at loadSecurityModule (/Users/jonhy/PersonalDatas/Codes/github/anysoft/qinglong/test/helpers/load-security-module.cjs:35:3), <anonymous>:35:22)
    async eval (eval at loadSecurityModule (/Users/jonhy/PersonalDatas/Codes/github/anysoft/qinglong/test/helpers/load-security-module.cjs:35:3), <anonymous>:205:13)
    async /Users/jonhy/PersonalDatas/Codes/github/anysoft/qinglong/node_modules/.pnpm/sequelize@6.37.5_@whyour+sqlite3@1.1.2/node_modules/sequelize/src/sequelize.js:1197:18
    async Object.initializeOperationalSchema (eval at loadSecurityModule (/Users/jonhy/PersonalDatas/Codes/github/anysoft/qinglong/test/helpers/load-security-module.cjs:35:3), <anonymous>:60:5)
  ...
# Subtest: unexpected replacement is preserved with backup and recoverable journal
not ok 253 - unexpected replacement is preserved with backup and recoverable journal
  ---
  duration_ms: 675.081916
  type: 'test'
  location: '/Users/jonhy/PersonalDatas/Codes/github/anysoft/qinglong/tests/phase5/materialization.test.cjs:56:1'
  failureType: 'testCodeFailure'
  error: 'SQLITE_ERROR: no such table: Systems'
  code: 'ERR_TEST_FAILURE'
  name: 'SequelizeDatabaseError'
  stack: |-
    Database.<anonymous> (/Users/jonhy/PersonalDatas/Codes/github/anysoft/qinglong/node_modules/.pnpm/sequelize@6.37.5_@whyour+sqlite3@1.1.2/node_modules/sequelize/src/dialects/sqlite/query.js:236:27)
    /Users/jonhy/PersonalDatas/Codes/github/anysoft/qinglong/node_modules/.pnpm/sequelize@6.37.5_@whyour+sqlite3@1.1.2/node_modules/sequelize/src/dialects/sqlite/query.js:234:50
    new Promise (<anonymous>)
    Query.run (/Users/jonhy/PersonalDatas/Codes/github/anysoft/qinglong/node_modules/.pnpm/sequelize@6.37.5_@whyour+sqlite3@1.1.2/node_modules/sequelize/src/dialects/sqlite/query.js:234:12)
    /Users/jonhy/PersonalDatas/Codes/github/anysoft/qinglong/node_modules/.pnpm/sequelize@6.37.5_@whyour+sqlite3@1.1.2/node_modules/sequelize/src/sequelize.js:650:28
    async triggerTimezone (eval at loadSecurityModule (/Users/jonhy/PersonalDatas/Codes/github/anysoft/qinglong/test/helpers/load-security-module.cjs:35:3), <anonymous>:10:18)
    async createTriggerSchema (eval at loadSecurityModule (/Users/jonhy/PersonalDatas/Codes/github/anysoft/qinglong/test/helpers/load-security-module.cjs:35:3), <anonymous>:35:22)
    async eval (eval at loadSecurityModule (/Users/jonhy/PersonalDatas/Codes/github/anysoft/qinglong/test/helpers/load-security-module.cjs:35:3), <anonymous>:205:13)
    async /Users/jonhy/PersonalDatas/Codes/github/anysoft/qinglong/node_modules/.pnpm/sequelize@6.37.5_@whyour+sqlite3@1.1.2/node_modules/sequelize/src/sequelize.js:1197:18
    async Object.initializeOperationalSchema (eval at loadSecurityModule (/Users/jonhy/PersonalDatas/Codes/github/anysoft/qinglong/test/helpers/load-security-module.cjs:35:3), <anonymous>:60:5)
  ...
# Subtest: pinned revision remains old through asset edit; next resolve sees new revision
not ok 254 - pinned revision remains old through asset edit; next resolve sees new revision
  ---
  duration_ms: 721.952208
  type: 'test'
  location: '/Users/jonhy/PersonalDatas/Codes/github/anysoft/qinglong/tests/phase5/materialization.test.cjs:69:1'
  failureType: 'testCodeFailure'
  error: 'SQLITE_ERROR: no such table: Systems'
  code: 'ERR_TEST_FAILURE'
  name: 'SequelizeDatabaseError'
  stack: |-
    Database.<anonymous> (/Users/jonhy/PersonalDatas/Codes/github/anysoft/qinglong/node_modules/.pnpm/sequelize@6.37.5_@whyour+sqlite3@1.1.2/node_modules/sequelize/src/dialects/sqlite/query.js:236:27)
    /Users/jonhy/PersonalDatas/Codes/github/anysoft/qinglong/node_modules/.pnpm/sequelize@6.37.5_@whyour+sqlite3@1.1.2/node_modules/sequelize/src/dialects/sqlite/query.js:234:50
    new Promise (<anonymous>)
    Query.run (/Users/jonhy/PersonalDatas/Codes/github/anysoft/qinglong/node_modules/.pnpm/sequelize@6.37.5_@whyour+sqlite3@1.1.2/node_modules/sequelize/src/dialects/sqlite/query.js:234:12)
    /Users/jonhy/PersonalDatas/Codes/github/anysoft/qinglong/node_modules/.pnpm/sequelize@6.37.5_@whyour+sqlite3@1.1.2/node_modules/sequelize/src/sequelize.js:650:28
    async triggerTimezone (eval at loadSecurityModule (/Users/jonhy/PersonalDatas/Codes/github/anysoft/qinglong/test/helpers/load-security-module.cjs:35:3), <anonymous>:10:18)
    async createTriggerSchema (eval at loadSecurityModule (/Users/jonhy/PersonalDatas/Codes/github/anysoft/qinglong/test/helpers/load-security-module.cjs:35:3), <anonymous>:35:22)
    async eval (eval at loadSecurityModule (/Users/jonhy/PersonalDatas/Codes/github/anysoft/qinglong/test/helpers/load-security-module.cjs:35:3), <anonymous>:205:13)
    async /Users/jonhy/PersonalDatas/Codes/github/anysoft/qinglong/node_modules/.pnpm/sequelize@6.37.5_@whyour+sqlite3@1.1.2/node_modules/sequelize/src/sequelize.js:1197:18
    async Object.initializeOperationalSchema (eval at loadSecurityModule (/Users/jonhy/PersonalDatas/Codes/github/anysoft/qinglong/test/helpers/load-security-module.cjs:35:3), <anonymous>:60:5)
  ...
# Subtest: recovery rejects a journal task root outside the leased workspace without writing outside
not ok 255 - recovery rejects a journal task root outside the leased workspace without writing outside
  ---
  duration_ms: 712.697416
  type: 'test'
  location: '/Users/jonhy/PersonalDatas/Codes/github/anysoft/qinglong/tests/phase5/materialization.test.cjs:78:1'
  failureType: 'testCodeFailure'
  error: 'SQLITE_ERROR: no such table: Systems'
  code: 'ERR_TEST_FAILURE'
  name: 'SequelizeDatabaseError'
  stack: |-
    Database.<anonymous> (/Users/jonhy/PersonalDatas/Codes/github/anysoft/qinglong/node_modules/.pnpm/sequelize@6.37.5_@whyour+sqlite3@1.1.2/node_modules/sequelize/src/dialects/sqlite/query.js:236:27)
    /Users/jonhy/PersonalDatas/Codes/github/anysoft/qinglong/node_modules/.pnpm/sequelize@6.37.5_@whyour+sqlite3@1.1.2/node_modules/sequelize/src/dialects/sqlite/query.js:234:50
    new Promise (<anonymous>)
    Query.run (/Users/jonhy/PersonalDatas/Codes/github/anysoft/qinglong/node_modules/.pnpm/sequelize@6.37.5_@whyour+sqlite3@1.1.2/node_modules/sequelize/src/dialects/sqlite/query.js:234:12)
    /Users/jonhy/PersonalDatas/Codes/github/anysoft/qinglong/node_modules/.pnpm/sequelize@6.37.5_@whyour+sqlite3@1.1.2/node_modules/sequelize/src/sequelize.js:650:28
    async triggerTimezone (eval at loadSecurityModule (/Users/jonhy/PersonalDatas/Codes/github/anysoft/qinglong/test/helpers/load-security-module.cjs:35:3), <anonymous>:10:18)
    async createTriggerSchema (eval at loadSecurityModule (/Users/jonhy/PersonalDatas/Codes/github/anysoft/qinglong/test/helpers/load-security-module.cjs:35:3), <anonymous>:35:22)
    async eval (eval at loadSecurityModule (/Users/jonhy/PersonalDatas/Codes/github/anysoft/qinglong/test/helpers/load-security-module.cjs:35:3), <anonymous>:205:13)
    async /Users/jonhy/PersonalDatas/Codes/github/anysoft/qinglong/node_modules/.pnpm/sequelize@6.37.5_@whyour+sqlite3@1.1.2/node_modules/sequelize/src/sequelize.js:1197:18
    async Object.initializeOperationalSchema (eval at loadSecurityModule (/Users/jonhy/PersonalDatas/Codes/github/anysoft/qinglong/test/helpers/load-security-module.cjs:35:3), <anonymous>:60:5)
  ...
# Subtest: POSIX group cleanup accepts only a verified dead Darwin group, never live permission failures
ok 256 - POSIX group cleanup accepts only a verified dead Darwin group, never live permission failures
  ---
  duration_ms: 389.551417
  type: 'test'
  ...
# Subtest: Discovery transaction failure preserves resource bindings; retirement preserves history and explicit deletion cascades definitions
not ok 257 - Discovery transaction failure preserves resource bindings; retirement preserves history and explicit deletion cascades definitions
  ---
  duration_ms: 1623.291417
  type: 'test'
  location: '/Users/jonhy/PersonalDatas/Codes/github/anysoft/qinglong/tests/phase5/publication-integrity.test.cjs:5:1'
  failureType: 'testCodeFailure'
  error: 'SQLITE_ERROR: no such table: Systems'
  code: 'ERR_TEST_FAILURE'
  name: 'SequelizeDatabaseError'
  stack: |-
    Database.<anonymous> (/Users/jonhy/PersonalDatas/Codes/github/anysoft/qinglong/node_modules/.pnpm/sequelize@6.37.5_@whyour+sqlite3@1.1.2/node_modules/sequelize/src/dialects/sqlite/query.js:236:27)
    /Users/jonhy/PersonalDatas/Codes/github/anysoft/qinglong/node_modules/.pnpm/sequelize@6.37.5_@whyour+sqlite3@1.1.2/node_modules/sequelize/src/dialects/sqlite/query.js:234:50
    new Promise (<anonymous>)
    Query.run (/Users/jonhy/PersonalDatas/Codes/github/anysoft/qinglong/node_modules/.pnpm/sequelize@6.37.5_@whyour+sqlite3@1.1.2/node_modules/sequelize/src/dialects/sqlite/query.js:234:12)
    /Users/jonhy/PersonalDatas/Codes/github/anysoft/qinglong/node_modules/.pnpm/sequelize@6.37.5_@whyour+sqlite3@1.1.2/node_modules/sequelize/src/sequelize.js:650:28
    async triggerTimezone (eval at loadSecurityModule (/Users/jonhy/PersonalDatas/Codes/github/anysoft/qinglong/test/helpers/load-security-module.cjs:35:3), <anonymous>:10:18)
    async createTriggerSchema (eval at loadSecurityModule (/Users/jonhy/PersonalDatas/Codes/github/anysoft/qinglong/test/helpers/load-security-module.cjs:35:3), <anonymous>:35:22)
    async eval (eval at loadSecurityModule (/Users/jonhy/PersonalDatas/Codes/github/anysoft/qinglong/test/helpers/load-security-module.cjs:35:3), <anonymous>:205:13)
    async /Users/jonhy/PersonalDatas/Codes/github/anysoft/qinglong/node_modules/.pnpm/sequelize@6.37.5_@whyour+sqlite3@1.1.2/node_modules/sequelize/src/sequelize.js:1197:18
    async Object.initializeOperationalSchema (eval at loadSecurityModule (/Users/jonhy/PersonalDatas/Codes/github/anysoft/qinglong/test/helpers/load-security-module.cjs:35:3), <anonymous>:60:5)
  ...
# Subtest: real sh current MAIN bridge, config in all phases, generated Secret patch/redaction and cleanup
not ok 258 - real sh current MAIN bridge, config in all phases, generated Secret patch/redaction and cleanup
  ---
  duration_ms: 1679.338834
  type: 'test'
  location: '/Users/jonhy/PersonalDatas/Codes/github/anysoft/qinglong/tests/phase5/runtime.test.cjs:36:5'
  failureType: 'testCodeFailure'
  error: 'SQLITE_ERROR: no such table: Systems'
  code: 'ERR_TEST_FAILURE'
  name: 'SequelizeDatabaseError'
  stack: |-
    Database.<anonymous> (/Users/jonhy/PersonalDatas/Codes/github/anysoft/qinglong/node_modules/.pnpm/sequelize@6.37.5_@whyour+sqlite3@1.1.2/node_modules/sequelize/src/dialects/sqlite/query.js:236:27)
    /Users/jonhy/PersonalDatas/Codes/github/anysoft/qinglong/node_modules/.pnpm/sequelize@6.37.5_@whyour+sqlite3@1.1.2/node_modules/sequelize/src/dialects/sqlite/query.js:234:50
    new Promise (<anonymous>)
    Query.run (/Users/jonhy/PersonalDatas/Codes/github/anysoft/qinglong/node_modules/.pnpm/sequelize@6.37.5_@whyour+sqlite3@1.1.2/node_modules/sequelize/src/dialects/sqlite/query.js:234:12)
    /Users/jonhy/PersonalDatas/Codes/github/anysoft/qinglong/node_modules/.pnpm/sequelize@6.37.5_@whyour+sqlite3@1.1.2/node_modules/sequelize/src/sequelize.js:650:28
    async triggerTimezone (eval at loadSecurityModule (/Users/jonhy/PersonalDatas/Codes/github/anysoft/qinglong/test/helpers/load-security-module.cjs:35:3), <anonymous>:10:18)
    async createTriggerSchema (eval at loadSecurityModule (/Users/jonhy/PersonalDatas/Codes/github/anysoft/qinglong/test/helpers/load-security-module.cjs:35:3), <anonymous>:35:22)
    async eval (eval at loadSecurityModule (/Users/jonhy/PersonalDatas/Codes/github/anysoft/qinglong/test/helpers/load-security-module.cjs:35:3), <anonymous>:205:13)
    async /Users/jonhy/PersonalDatas/Codes/github/anysoft/qinglong/node_modules/.pnpm/sequelize@6.37.5_@whyour+sqlite3@1.1.2/node_modules/sequelize/src/sequelize.js:1197:18
    async Object.initializeOperationalSchema (eval at loadSecurityModule (/Users/jonhy/PersonalDatas/Codes/github/anysoft/qinglong/test/helpers/load-security-module.cjs:35:3), <anonymous>:60:5)
  ...
# Subtest: real js current MAIN bridge, config in all phases, generated Secret patch/redaction and cleanup
not ok 259 - real js current MAIN bridge, config in all phases, generated Secret patch/redaction and cleanup
  ---
  duration_ms: 783.166833
  type: 'test'
  location: '/Users/jonhy/PersonalDatas/Codes/github/anysoft/qinglong/tests/phase5/runtime.test.cjs:36:5'
  failureType: 'testCodeFailure'
  error: 'SQLITE_ERROR: no such table: Systems'
  code: 'ERR_TEST_FAILURE'
  name: 'SequelizeDatabaseError'
  stack: |-
    Database.<anonymous> (/Users/jonhy/PersonalDatas/Codes/github/anysoft/qinglong/node_modules/.pnpm/sequelize@6.37.5_@whyour+sqlite3@1.1.2/node_modules/sequelize/src/dialects/sqlite/query.js:236:27)
    /Users/jonhy/PersonalDatas/Codes/github/anysoft/qinglong/node_modules/.pnpm/sequelize@6.37.5_@whyour+sqlite3@1.1.2/node_modules/sequelize/src/dialects/sqlite/query.js:234:50
    new Promise (<anonymous>)
    Query.run (/Users/jonhy/PersonalDatas/Codes/github/anysoft/qinglong/node_modules/.pnpm/sequelize@6.37.5_@whyour+sqlite3@1.1.2/node_modules/sequelize/src/dialects/sqlite/query.js:234:12)
    /Users/jonhy/PersonalDatas/Codes/github/anysoft/qinglong/node_modules/.pnpm/sequelize@6.37.5_@whyour+sqlite3@1.1.2/node_modules/sequelize/src/sequelize.js:650:28
    async triggerTimezone (eval at loadSecurityModule (/Users/jonhy/PersonalDatas/Codes/github/anysoft/qinglong/test/helpers/load-security-module.cjs:35:3), <anonymous>:10:18)
    async createTriggerSchema (eval at loadSecurityModule (/Users/jonhy/PersonalDatas/Codes/github/anysoft/qinglong/test/helpers/load-security-module.cjs:35:3), <anonymous>:35:22)
    async eval (eval at loadSecurityModule (/Users/jonhy/PersonalDatas/Codes/github/anysoft/qinglong/test/helpers/load-security-module.cjs:35:3), <anonymous>:205:13)
    async /Users/jonhy/PersonalDatas/Codes/github/anysoft/qinglong/node_modules/.pnpm/sequelize@6.37.5_@whyour+sqlite3@1.1.2/node_modules/sequelize/src/sequelize.js:1197:18
    async Object.initializeOperationalSchema (eval at loadSecurityModule (/Users/jonhy/PersonalDatas/Codes/github/anysoft/qinglong/test/helpers/load-security-module.cjs:35:3), <anonymous>:60:5)
  ...
# Subtest: real py current MAIN bridge, config in all phases, generated Secret patch/redaction and cleanup
not ok 260 - real py current MAIN bridge, config in all phases, generated Secret patch/redaction and cleanup
  ---
  duration_ms: 882.36325
  type: 'test'
  location: '/Users/jonhy/PersonalDatas/Codes/github/anysoft/qinglong/tests/phase5/runtime.test.cjs:36:5'
  failureType: 'testCodeFailure'
  error: 'SQLITE_ERROR: no such table: Systems'
  code: 'ERR_TEST_FAILURE'
  name: 'SequelizeDatabaseError'
  stack: |-
    Database.<anonymous> (/Users/jonhy/PersonalDatas/Codes/github/anysoft/qinglong/node_modules/.pnpm/sequelize@6.37.5_@whyour+sqlite3@1.1.2/node_modules/sequelize/src/dialects/sqlite/query.js:236:27)
    /Users/jonhy/PersonalDatas/Codes/github/anysoft/qinglong/node_modules/.pnpm/sequelize@6.37.5_@whyour+sqlite3@1.1.2/node_modules/sequelize/src/dialects/sqlite/query.js:234:50
    new Promise (<anonymous>)
    Query.run (/Users/jonhy/PersonalDatas/Codes/github/anysoft/qinglong/node_modules/.pnpm/sequelize@6.37.5_@whyour+sqlite3@1.1.2/node_modules/sequelize/src/dialects/sqlite/query.js:234:12)
    /Users/jonhy/PersonalDatas/Codes/github/anysoft/qinglong/node_modules/.pnpm/sequelize@6.37.5_@whyour+sqlite3@1.1.2/node_modules/sequelize/src/sequelize.js:650:28
    async triggerTimezone (eval at loadSecurityModule (/Users/jonhy/PersonalDatas/Codes/github/anysoft/qinglong/test/helpers/load-security-module.cjs:35:3), <anonymous>:10:18)
    async createTriggerSchema (eval at loadSecurityModule (/Users/jonhy/PersonalDatas/Codes/github/anysoft/qinglong/test/helpers/load-security-module.cjs:35:3), <anonymous>:35:22)
    async eval (eval at loadSecurityModule (/Users/jonhy/PersonalDatas/Codes/github/anysoft/qinglong/test/helpers/load-security-module.cjs:35:3), <anonymous>:205:13)
    async /Users/jonhy/PersonalDatas/Codes/github/anysoft/qinglong/node_modules/.pnpm/sequelize@6.37.5_@whyour+sqlite3@1.1.2/node_modules/sequelize/src/sequelize.js:1197:18
    async Object.initializeOperationalSchema (eval at loadSecurityModule (/Users/jonhy/PersonalDatas/Codes/github/anysoft/qinglong/test/helpers/load-security-module.cjs:35:3), <anonymous>:60:5)
  ...
# Subtest: real BEFORE timeout kills descendants, skips remaining BEFORE/MAIN, runs AFTER_FAILURE and FINALLY
not ok 261 - real BEFORE timeout kills descendants, skips remaining BEFORE/MAIN, runs AFTER_FAILURE and FINALLY
  ---
  duration_ms: 857.254791
  type: 'test'
  location: '/Users/jonhy/PersonalDatas/Codes/github/anysoft/qinglong/tests/phase5/runtime.test.cjs:60:1'
  failureType: 'testCodeFailure'
  error: 'SQLITE_ERROR: no such table: Systems'
  code: 'ERR_TEST_FAILURE'
  name: 'SequelizeDatabaseError'
  stack: |-
    Database.<anonymous> (/Users/jonhy/PersonalDatas/Codes/github/anysoft/qinglong/node_modules/.pnpm/sequelize@6.37.5_@whyour+sqlite3@1.1.2/node_modules/sequelize/src/dialects/sqlite/query.js:236:27)
    /Users/jonhy/PersonalDatas/Codes/github/anysoft/qinglong/node_modules/.pnpm/sequelize@6.37.5_@whyour+sqlite3@1.1.2/node_modules/sequelize/src/dialects/sqlite/query.js:234:50
    new Promise (<anonymous>)
    Query.run (/Users/jonhy/PersonalDatas/Codes/github/anysoft/qinglong/node_modules/.pnpm/sequelize@6.37.5_@whyour+sqlite3@1.1.2/node_modules/sequelize/src/dialects/sqlite/query.js:234:12)
    /Users/jonhy/PersonalDatas/Codes/github/anysoft/qinglong/node_modules/.pnpm/sequelize@6.37.5_@whyour+sqlite3@1.1.2/node_modules/sequelize/src/sequelize.js:650:28
    async triggerTimezone (eval at loadSecurityModule (/Users/jonhy/PersonalDatas/Codes/github/anysoft/qinglong/test/helpers/load-security-module.cjs:35:3), <anonymous>:10:18)
    async createTriggerSchema (eval at loadSecurityModule (/Users/jonhy/PersonalDatas/Codes/github/anysoft/qinglong/test/helpers/load-security-module.cjs:35:3), <anonymous>:35:22)
    async eval (eval at loadSecurityModule (/Users/jonhy/PersonalDatas/Codes/github/anysoft/qinglong/test/helpers/load-security-module.cjs:35:3), <anonymous>:205:13)
    async /Users/jonhy/PersonalDatas/Codes/github/anysoft/qinglong/node_modules/.pnpm/sequelize@6.37.5_@whyour+sqlite3@1.1.2/node_modules/sequelize/src/sequelize.js:1197:18
    async Object.initializeOperationalSchema (eval at loadSecurityModule (/Users/jonhy/PersonalDatas/Codes/github/anysoft/qinglong/test/helpers/load-security-module.cjs:35:3), <anonymous>:60:5)
  ...
# Subtest: lifecycle: main failure
not ok 262 - lifecycle: main failure
  ---
  duration_ms: 700.950542
  type: 'test'
  location: '/Users/jonhy/PersonalDatas/Codes/github/anysoft/qinglong/tests/phase5/runtime.test.cjs:88:5'
  failureType: 'testCodeFailure'
  error: 'SQLITE_ERROR: no such table: Systems'
  code: 'ERR_TEST_FAILURE'
  name: 'SequelizeDatabaseError'
  stack: |-
    Database.<anonymous> (/Users/jonhy/PersonalDatas/Codes/github/anysoft/qinglong/node_modules/.pnpm/sequelize@6.37.5_@whyour+sqlite3@1.1.2/node_modules/sequelize/src/dialects/sqlite/query.js:236:27)
    /Users/jonhy/PersonalDatas/Codes/github/anysoft/qinglong/node_modules/.pnpm/sequelize@6.37.5_@whyour+sqlite3@1.1.2/node_modules/sequelize/src/dialects/sqlite/query.js:234:50
    new Promise (<anonymous>)
    Query.run (/Users/jonhy/PersonalDatas/Codes/github/anysoft/qinglong/node_modules/.pnpm/sequelize@6.37.5_@whyour+sqlite3@1.1.2/node_modules/sequelize/src/dialects/sqlite/query.js:234:12)
    /Users/jonhy/PersonalDatas/Codes/github/anysoft/qinglong/node_modules/.pnpm/sequelize@6.37.5_@whyour+sqlite3@1.1.2/node_modules/sequelize/src/sequelize.js:650:28
    async triggerTimezone (eval at loadSecurityModule (/Users/jonhy/PersonalDatas/Codes/github/anysoft/qinglong/test/helpers/load-security-module.cjs:35:3), <anonymous>:10:18)
    async createTriggerSchema (eval at loadSecurityModule (/Users/jonhy/PersonalDatas/Codes/github/anysoft/qinglong/test/helpers/load-security-module.cjs:35:3), <anonymous>:35:22)
    async eval (eval at loadSecurityModule (/Users/jonhy/PersonalDatas/Codes/github/anysoft/qinglong/test/helpers/load-security-module.cjs:35:3), <anonymous>:205:13)
    async /Users/jonhy/PersonalDatas/Codes/github/anysoft/qinglong/node_modules/.pnpm/sequelize@6.37.5_@whyour+sqlite3@1.1.2/node_modules/sequelize/src/sequelize.js:1197:18
    async Object.initializeOperationalSchema (eval at loadSecurityModule (/Users/jonhy/PersonalDatas/Codes/github/anysoft/qinglong/test/helpers/load-security-module.cjs:35:3), <anonymous>:60:5)
  ...
# Subtest: lifecycle: AFTER_SUCCESS failure never triggers AFTER_FAILURE
not ok 263 - lifecycle: AFTER_SUCCESS failure never triggers AFTER_FAILURE
  ---
  duration_ms: 547.949875
  type: 'test'
  location: '/Users/jonhy/PersonalDatas/Codes/github/anysoft/qinglong/tests/phase5/runtime.test.cjs:88:5'
  failureType: 'testCodeFailure'
  error: 'SQLITE_ERROR: no such table: Systems'
  code: 'ERR_TEST_FAILURE'
  name: 'SequelizeDatabaseError'
  stack: |-
    Database.<anonymous> (/Users/jonhy/PersonalDatas/Codes/github/anysoft/qinglong/node_modules/.pnpm/sequelize@6.37.5_@whyour+sqlite3@1.1.2/node_modules/sequelize/src/dialects/sqlite/query.js:236:27)
    /Users/jonhy/PersonalDatas/Codes/github/anysoft/qinglong/node_modules/.pnpm/sequelize@6.37.5_@whyour+sqlite3@1.1.2/node_modules/sequelize/src/dialects/sqlite/query.js:234:50
    new Promise (<anonymous>)
    Query.run (/Users/jonhy/PersonalDatas/Codes/github/anysoft/qinglong/node_modules/.pnpm/sequelize@6.37.5_@whyour+sqlite3@1.1.2/node_modules/sequelize/src/dialects/sqlite/query.js:234:12)
    /Users/jonhy/PersonalDatas/Codes/github/anysoft/qinglong/node_modules/.pnpm/sequelize@6.37.5_@whyour+sqlite3@1.1.2/node_modules/sequelize/src/sequelize.js:650:28
    async triggerTimezone (eval at loadSecurityModule (/Users/jonhy/PersonalDatas/Codes/github/anysoft/qinglong/test/helpers/load-security-module.cjs:35:3), <anonymous>:10:18)
    async createTriggerSchema (eval at loadSecurityModule (/Users/jonhy/PersonalDatas/Codes/github/anysoft/qinglong/test/helpers/load-security-module.cjs:35:3), <anonymous>:35:22)
    async eval (eval at loadSecurityModule (/Users/jonhy/PersonalDatas/Codes/github/anysoft/qinglong/test/helpers/load-security-module.cjs:35:3), <anonymous>:205:13)
    async /Users/jonhy/PersonalDatas/Codes/github/anysoft/qinglong/node_modules/.pnpm/sequelize@6.37.5_@whyour+sqlite3@1.1.2/node_modules/sequelize/src/sequelize.js:1197:18
    async Object.initializeOperationalSchema (eval at loadSecurityModule (/Users/jonhy/PersonalDatas/Codes/github/anysoft/qinglong/test/helpers/load-security-module.cjs:35:3), <anonymous>:60:5)
  ...
# Subtest: lifecycle: FINALLY failure changes success
not ok 264 - lifecycle: FINALLY failure changes success
  ---
  duration_ms: 576.231542
  type: 'test'
  location: '/Users/jonhy/PersonalDatas/Codes/github/anysoft/qinglong/tests/phase5/runtime.test.cjs:88:5'
  failureType: 'testCodeFailure'
  error: 'SQLITE_ERROR: no such table: Systems'
  code: 'ERR_TEST_FAILURE'
  name: 'SequelizeDatabaseError'
  stack: |-
    Database.<anonymous> (/Users/jonhy/PersonalDatas/Codes/github/anysoft/qinglong/node_modules/.pnpm/sequelize@6.37.5_@whyour+sqlite3@1.1.2/node_modules/sequelize/src/dialects/sqlite/query.js:236:27)
    /Users/jonhy/PersonalDatas/Codes/github/anysoft/qinglong/node_modules/.pnpm/sequelize@6.37.5_@whyour+sqlite3@1.1.2/node_modules/sequelize/src/dialects/sqlite/query.js:234:50
    new Promise (<anonymous>)
    Query.run (/Users/jonhy/PersonalDatas/Codes/github/anysoft/qinglong/node_modules/.pnpm/sequelize@6.37.5_@whyour+sqlite3@1.1.2/node_modules/sequelize/src/dialects/sqlite/query.js:234:12)
    /Users/jonhy/PersonalDatas/Codes/github/anysoft/qinglong/node_modules/.pnpm/sequelize@6.37.5_@whyour+sqlite3@1.1.2/node_modules/sequelize/src/sequelize.js:650:28
    async triggerTimezone (eval at loadSecurityModule (/Users/jonhy/PersonalDatas/Codes/github/anysoft/qinglong/test/helpers/load-security-module.cjs:35:3), <anonymous>:10:18)
    async createTriggerSchema (eval at loadSecurityModule (/Users/jonhy/PersonalDatas/Codes/github/anysoft/qinglong/test/helpers/load-security-module.cjs:35:3), <anonymous>:35:22)
    async eval (eval at loadSecurityModule (/Users/jonhy/PersonalDatas/Codes/github/anysoft/qinglong/test/helpers/load-security-module.cjs:35:3), <anonymous>:205:13)
    async /Users/jonhy/PersonalDatas/Codes/github/anysoft/qinglong/node_modules/.pnpm/sequelize@6.37.5_@whyour+sqlite3@1.1.2/node_modules/sequelize/src/sequelize.js:1197:18
    async Object.initializeOperationalSchema (eval at loadSecurityModule (/Users/jonhy/PersonalDatas/Codes/github/anysoft/qinglong/test/helpers/load-security-module.cjs:35:3), <anonymous>:60:5)
  ...
# Subtest: lifecycle: FINALLY failure preserves primary
not ok 265 - lifecycle: FINALLY failure preserves primary
  ---
  duration_ms: 762.100583
  type: 'test'
  location: '/Users/jonhy/PersonalDatas/Codes/github/anysoft/qinglong/tests/phase5/runtime.test.cjs:88:5'
  failureType: 'testCodeFailure'
  error: 'SQLITE_ERROR: no such table: Systems'
  code: 'ERR_TEST_FAILURE'
  name: 'SequelizeDatabaseError'
  stack: |-
    Database.<anonymous> (/Users/jonhy/PersonalDatas/Codes/github/anysoft/qinglong/node_modules/.pnpm/sequelize@6.37.5_@whyour+sqlite3@1.1.2/node_modules/sequelize/src/dialects/sqlite/query.js:236:27)
    /Users/jonhy/PersonalDatas/Codes/github/anysoft/qinglong/node_modules/.pnpm/sequelize@6.37.5_@whyour+sqlite3@1.1.2/node_modules/sequelize/src/dialects/sqlite/query.js:234:50
    new Promise (<anonymous>)
    Query.run (/Users/jonhy/PersonalDatas/Codes/github/anysoft/qinglong/node_modules/.pnpm/sequelize@6.37.5_@whyour+sqlite3@1.1.2/node_modules/sequelize/src/dialects/sqlite/query.js:234:12)
    /Users/jonhy/PersonalDatas/Codes/github/anysoft/qinglong/node_modules/.pnpm/sequelize@6.37.5_@whyour+sqlite3@1.1.2/node_modules/sequelize/src/sequelize.js:650:28
    async triggerTimezone (eval at loadSecurityModule (/Users/jonhy/PersonalDatas/Codes/github/anysoft/qinglong/test/helpers/load-security-module.cjs:35:3), <anonymous>:10:18)
    async createTriggerSchema (eval at loadSecurityModule (/Users/jonhy/PersonalDatas/Codes/github/anysoft/qinglong/test/helpers/load-security-module.cjs:35:3), <anonymous>:35:22)
    async eval (eval at loadSecurityModule (/Users/jonhy/PersonalDatas/Codes/github/anysoft/qinglong/test/helpers/load-security-module.cjs:35:3), <anonymous>:205:13)
    async /Users/jonhy/PersonalDatas/Codes/github/anysoft/qinglong/node_modules/.pnpm/sequelize@6.37.5_@whyour+sqlite3@1.1.2/node_modules/sequelize/src/sequelize.js:1197:18
    async Object.initializeOperationalSchema (eval at loadSecurityModule (/Users/jonhy/PersonalDatas/Codes/github/anysoft/qinglong/test/helpers/load-security-module.cjs:35:3), <anonymous>:60:5)
  ...
# Subtest: lifecycle: CONTINUE before failure permits MAIN
not ok 266 - lifecycle: CONTINUE before failure permits MAIN
  ---
  duration_ms: 666.611208
  type: 'test'
  location: '/Users/jonhy/PersonalDatas/Codes/github/anysoft/qinglong/tests/phase5/runtime.test.cjs:88:5'
  failureType: 'testCodeFailure'
  error: 'SQLITE_ERROR: no such table: Systems'
  code: 'ERR_TEST_FAILURE'
  name: 'SequelizeDatabaseError'
  stack: |-
    Database.<anonymous> (/Users/jonhy/PersonalDatas/Codes/github/anysoft/qinglong/node_modules/.pnpm/sequelize@6.37.5_@whyour+sqlite3@1.1.2/node_modules/sequelize/src/dialects/sqlite/query.js:236:27)
    /Users/jonhy/PersonalDatas/Codes/github/anysoft/qinglong/node_modules/.pnpm/sequelize@6.37.5_@whyour+sqlite3@1.1.2/node_modules/sequelize/src/dialects/sqlite/query.js:234:50
    new Promise (<anonymous>)
    Query.run (/Users/jonhy/PersonalDatas/Codes/github/anysoft/qinglong/node_modules/.pnpm/sequelize@6.37.5_@whyour+sqlite3@1.1.2/node_modules/sequelize/src/dialects/sqlite/query.js:234:12)
    /Users/jonhy/PersonalDatas/Codes/github/anysoft/qinglong/node_modules/.pnpm/sequelize@6.37.5_@whyour+sqlite3@1.1.2/node_modules/sequelize/src/sequelize.js:650:28
    async triggerTimezone (eval at loadSecurityModule (/Users/jonhy/PersonalDatas/Codes/github/anysoft/qinglong/test/helpers/load-security-module.cjs:35:3), <anonymous>:10:18)
    async createTriggerSchema (eval at loadSecurityModule (/Users/jonhy/PersonalDatas/Codes/github/anysoft/qinglong/test/helpers/load-security-module.cjs:35:3), <anonymous>:35:22)
    async eval (eval at loadSecurityModule (/Users/jonhy/PersonalDatas/Codes/github/anysoft/qinglong/test/helpers/load-security-module.cjs:35:3), <anonymous>:205:13)
    async /Users/jonhy/PersonalDatas/Codes/github/anysoft/qinglong/node_modules/.pnpm/sequelize@6.37.5_@whyour+sqlite3@1.1.2/node_modules/sequelize/src/sequelize.js:1197:18
    async Object.initializeOperationalSchema (eval at loadSecurityModule (/Users/jonhy/PersonalDatas/Codes/github/anysoft/qinglong/test/helpers/load-security-module.cjs:35:3), <anonymous>:60:5)
  ...
# Subtest: lifecycle: invalid BEFORE output fails without leaking generated log
not ok 267 - lifecycle: invalid BEFORE output fails without leaking generated log
  ---
  duration_ms: 823.955209
  type: 'test'
  location: '/Users/jonhy/PersonalDatas/Codes/github/anysoft/qinglong/tests/phase5/runtime.test.cjs:88:5'
  failureType: 'testCodeFailure'
  error: 'SQLITE_ERROR: no such table: Systems'
  code: 'ERR_TEST_FAILURE'
  name: 'SequelizeDatabaseError'
  stack: |-
    Database.<anonymous> (/Users/jonhy/PersonalDatas/Codes/github/anysoft/qinglong/node_modules/.pnpm/sequelize@6.37.5_@whyour+sqlite3@1.1.2/node_modules/sequelize/src/dialects/sqlite/query.js:236:27)
    /Users/jonhy/PersonalDatas/Codes/github/anysoft/qinglong/node_modules/.pnpm/sequelize@6.37.5_@whyour+sqlite3@1.1.2/node_modules/sequelize/src/dialects/sqlite/query.js:234:50
    new Promise (<anonymous>)
    Query.run (/Users/jonhy/PersonalDatas/Codes/github/anysoft/qinglong/node_modules/.pnpm/sequelize@6.37.5_@whyour+sqlite3@1.1.2/node_modules/sequelize/src/dialects/sqlite/query.js:234:12)
    /Users/jonhy/PersonalDatas/Codes/github/anysoft/qinglong/node_modules/.pnpm/sequelize@6.37.5_@whyour+sqlite3@1.1.2/node_modules/sequelize/src/sequelize.js:650:28
    async triggerTimezone (eval at loadSecurityModule (/Users/jonhy/PersonalDatas/Codes/github/anysoft/qinglong/test/helpers/load-security-module.cjs:35:3), <anonymous>:10:18)
    async createTriggerSchema (eval at loadSecurityModule (/Users/jonhy/PersonalDatas/Codes/github/anysoft/qinglong/test/helpers/load-security-module.cjs:35:3), <anonymous>:35:22)
    async eval (eval at loadSecurityModule (/Users/jonhy/PersonalDatas/Codes/github/anysoft/qinglong/test/helpers/load-security-module.cjs:35:3), <anonymous>:205:13)
    async /Users/jonhy/PersonalDatas/Codes/github/anysoft/qinglong/node_modules/.pnpm/sequelize@6.37.5_@whyour+sqlite3@1.1.2/node_modules/sequelize/src/sequelize.js:1197:18
    async Object.initializeOperationalSchema (eval at loadSecurityModule (/Users/jonhy/PersonalDatas/Codes/github/anysoft/qinglong/test/helpers/load-security-module.cjs:35:3), <anonymous>:60:5)
  ...
# Subtest: graceful cancellation tee=false executes AFTER_FAILURE/FINALLY with config, then restores original
not ok 268 - graceful cancellation tee=false executes AFTER_FAILURE/FINALLY with config, then restores original
  ---
  duration_ms: 772.717167
  type: 'test'
  location: '/Users/jonhy/PersonalDatas/Codes/github/anysoft/qinglong/tests/phase5/runtime.test.cjs:103:5'
  failureType: 'testCodeFailure'
  error: 'SQLITE_ERROR: no such table: Systems'
  code: 'ERR_TEST_FAILURE'
  name: 'SequelizeDatabaseError'
  stack: |-
    Database.<anonymous> (/Users/jonhy/PersonalDatas/Codes/github/anysoft/qinglong/node_modules/.pnpm/sequelize@6.37.5_@whyour+sqlite3@1.1.2/node_modules/sequelize/src/dialects/sqlite/query.js:236:27)
    /Users/jonhy/PersonalDatas/Codes/github/anysoft/qinglong/node_modules/.pnpm/sequelize@6.37.5_@whyour+sqlite3@1.1.2/node_modules/sequelize/src/dialects/sqlite/query.js:234:50
    new Promise (<anonymous>)
    Query.run (/Users/jonhy/PersonalDatas/Codes/github/anysoft/qinglong/node_modules/.pnpm/sequelize@6.37.5_@whyour+sqlite3@1.1.2/node_modules/sequelize/src/dialects/sqlite/query.js:234:12)
    /Users/jonhy/PersonalDatas/Codes/github/anysoft/qinglong/node_modules/.pnpm/sequelize@6.37.5_@whyour+sqlite3@1.1.2/node_modules/sequelize/src/sequelize.js:650:28
    async triggerTimezone (eval at loadSecurityModule (/Users/jonhy/PersonalDatas/Codes/github/anysoft/qinglong/test/helpers/load-security-module.cjs:35:3), <anonymous>:10:18)
    async createTriggerSchema (eval at loadSecurityModule (/Users/jonhy/PersonalDatas/Codes/github/anysoft/qinglong/test/helpers/load-security-module.cjs:35:3), <anonymous>:35:22)
    async eval (eval at loadSecurityModule (/Users/jonhy/PersonalDatas/Codes/github/anysoft/qinglong/test/helpers/load-security-module.cjs:35:3), <anonymous>:205:13)
    async /Users/jonhy/PersonalDatas/Codes/github/anysoft/qinglong/node_modules/.pnpm/sequelize@6.37.5_@whyour+sqlite3@1.1.2/node_modules/sequelize/src/sequelize.js:1197:18
    async Object.initializeOperationalSchema (eval at loadSecurityModule (/Users/jonhy/PersonalDatas/Codes/github/anysoft/qinglong/test/helpers/load-security-module.cjs:35:3), <anonymous>:60:5)
  ...
# Subtest: graceful cancellation tee=true executes AFTER_FAILURE/FINALLY with config, then restores original
not ok 269 - graceful cancellation tee=true executes AFTER_FAILURE/FINALLY with config, then restores original
  ---
  duration_ms: 699.521333
  type: 'test'
  location: '/Users/jonhy/PersonalDatas/Codes/github/anysoft/qinglong/tests/phase5/runtime.test.cjs:103:5'
  failureType: 'testCodeFailure'
  error: 'SQLITE_ERROR: no such table: Systems'
  code: 'ERR_TEST_FAILURE'
  name: 'SequelizeDatabaseError'
  stack: |-
    Database.<anonymous> (/Users/jonhy/PersonalDatas/Codes/github/anysoft/qinglong/node_modules/.pnpm/sequelize@6.37.5_@whyour+sqlite3@1.1.2/node_modules/sequelize/src/dialects/sqlite/query.js:236:27)
    /Users/jonhy/PersonalDatas/Codes/github/anysoft/qinglong/node_modules/.pnpm/sequelize@6.37.5_@whyour+sqlite3@1.1.2/node_modules/sequelize/src/dialects/sqlite/query.js:234:50
    new Promise (<anonymous>)
    Query.run (/Users/jonhy/PersonalDatas/Codes/github/anysoft/qinglong/node_modules/.pnpm/sequelize@6.37.5_@whyour+sqlite3@1.1.2/node_modules/sequelize/src/dialects/sqlite/query.js:234:12)
    /Users/jonhy/PersonalDatas/Codes/github/anysoft/qinglong/node_modules/.pnpm/sequelize@6.37.5_@whyour+sqlite3@1.1.2/node_modules/sequelize/src/sequelize.js:650:28
    async triggerTimezone (eval at loadSecurityModule (/Users/jonhy/PersonalDatas/Codes/github/anysoft/qinglong/test/helpers/load-security-module.cjs:35:3), <anonymous>:10:18)
    async createTriggerSchema (eval at loadSecurityModule (/Users/jonhy/PersonalDatas/Codes/github/anysoft/qinglong/test/helpers/load-security-module.cjs:35:3), <anonymous>:35:22)
    async eval (eval at loadSecurityModule (/Users/jonhy/PersonalDatas/Codes/github/anysoft/qinglong/test/helpers/load-security-module.cjs:35:3), <anonymous>:205:13)
    async /Users/jonhy/PersonalDatas/Codes/github/anysoft/qinglong/node_modules/.pnpm/sequelize@6.37.5_@whyour+sqlite3@1.1.2/node_modules/sequelize/src/sequelize.js:1197:18
    async Object.initializeOperationalSchema (eval at loadSecurityModule (/Users/jonhy/PersonalDatas/Codes/github/anysoft/qinglong/test/helpers/load-security-module.cjs:35:3), <anonymous>:60:5)
  ...
# Subtest: same workspace BUSY, different workspace parallel, SIGKILL lease recovery restores config
not ok 270 - same workspace BUSY, different workspace parallel, SIGKILL lease recovery restores config
  ---
  duration_ms: 625.666917
  type: 'test'
  location: '/Users/jonhy/PersonalDatas/Codes/github/anysoft/qinglong/tests/phase5/runtime.test.cjs:121:1'
  failureType: 'testCodeFailure'
  error: 'SQLITE_ERROR: no such table: Systems'
  code: 'ERR_TEST_FAILURE'
  name: 'SequelizeDatabaseError'
  stack: |-
    Database.<anonymous> (/Users/jonhy/PersonalDatas/Codes/github/anysoft/qinglong/node_modules/.pnpm/sequelize@6.37.5_@whyour+sqlite3@1.1.2/node_modules/sequelize/src/dialects/sqlite/query.js:236:27)
    /Users/jonhy/PersonalDatas/Codes/github/anysoft/qinglong/node_modules/.pnpm/sequelize@6.37.5_@whyour+sqlite3@1.1.2/node_modules/sequelize/src/dialects/sqlite/query.js:234:50
    new Promise (<anonymous>)
    Query.run (/Users/jonhy/PersonalDatas/Codes/github/anysoft/qinglong/node_modules/.pnpm/sequelize@6.37.5_@whyour+sqlite3@1.1.2/node_modules/sequelize/src/dialects/sqlite/query.js:234:12)
    /Users/jonhy/PersonalDatas/Codes/github/anysoft/qinglong/node_modules/.pnpm/sequelize@6.37.5_@whyour+sqlite3@1.1.2/node_modules/sequelize/src/sequelize.js:650:28
    async triggerTimezone (eval at loadSecurityModule (/Users/jonhy/PersonalDatas/Codes/github/anysoft/qinglong/test/helpers/load-security-module.cjs:35:3), <anonymous>:10:18)
    async createTriggerSchema (eval at loadSecurityModule (/Users/jonhy/PersonalDatas/Codes/github/anysoft/qinglong/test/helpers/load-security-module.cjs:35:3), <anonymous>:35:22)
    async eval (eval at loadSecurityModule (/Users/jonhy/PersonalDatas/Codes/github/anysoft/qinglong/test/helpers/load-security-module.cjs:35:3), <anonymous>:205:13)
    async /Users/jonhy/PersonalDatas/Codes/github/anysoft/qinglong/node_modules/.pnpm/sequelize@6.37.5_@whyour+sqlite3@1.1.2/node_modules/sequelize/src/sequelize.js:1197:18
    async Object.initializeOperationalSchema (eval at loadSecurityModule (/Users/jonhy/PersonalDatas/Codes/github/anysoft/qinglong/test/helpers/load-security-module.cjs:35:3), <anonymous>:60:5)
  ...
# Subtest: live execution pins Config revision, ENV and Hook plan across edits; next run observes new values
not ok 271 - live execution pins Config revision, ENV and Hook plan across edits; next run observes new values
  ---
  duration_ms: 571.424292
  type: 'test'
  location: '/Users/jonhy/PersonalDatas/Codes/github/anysoft/qinglong/tests/phase5/runtime.test.cjs:154:1'
  failureType: 'testCodeFailure'
  error: 'SQLITE_ERROR: no such table: Systems'
  code: 'ERR_TEST_FAILURE'
  name: 'SequelizeDatabaseError'
  stack: |-
    Database.<anonymous> (/Users/jonhy/PersonalDatas/Codes/github/anysoft/qinglong/node_modules/.pnpm/sequelize@6.37.5_@whyour+sqlite3@1.1.2/node_modules/sequelize/src/dialects/sqlite/query.js:236:27)
    /Users/jonhy/PersonalDatas/Codes/github/anysoft/qinglong/node_modules/.pnpm/sequelize@6.37.5_@whyour+sqlite3@1.1.2/node_modules/sequelize/src/dialects/sqlite/query.js:234:50
    new Promise (<anonymous>)
    Query.run (/Users/jonhy/PersonalDatas/Codes/github/anysoft/qinglong/node_modules/.pnpm/sequelize@6.37.5_@whyour+sqlite3@1.1.2/node_modules/sequelize/src/dialects/sqlite/query.js:234:12)
    /Users/jonhy/PersonalDatas/Codes/github/anysoft/qinglong/node_modules/.pnpm/sequelize@6.37.5_@whyour+sqlite3@1.1.2/node_modules/sequelize/src/sequelize.js:650:28
    async triggerTimezone (eval at loadSecurityModule (/Users/jonhy/PersonalDatas/Codes/github/anysoft/qinglong/test/helpers/load-security-module.cjs:35:3), <anonymous>:10:18)
    async createTriggerSchema (eval at loadSecurityModule (/Users/jonhy/PersonalDatas/Codes/github/anysoft/qinglong/test/helpers/load-security-module.cjs:35:3), <anonymous>:35:22)
    async eval (eval at loadSecurityModule (/Users/jonhy/PersonalDatas/Codes/github/anysoft/qinglong/test/helpers/load-security-module.cjs:35:3), <anonymous>:205:13)
    async /Users/jonhy/PersonalDatas/Codes/github/anysoft/qinglong/node_modules/.pnpm/sequelize@6.37.5_@whyour+sqlite3@1.1.2/node_modules/sequelize/src/sequelize.js:1197:18
    async Object.initializeOperationalSchema (eval at loadSecurityModule (/Users/jonhy/PersonalDatas/Codes/github/anysoft/qinglong/test/helpers/load-security-module.cjs:35:3), <anonymous>:60:5)
  ...
# Subtest: retained recovery bridge preserves Config/Hooks; scheduler projection carries Task ID only
not ok 272 - retained recovery bridge preserves Config/Hooks; scheduler projection carries Task ID only
  ---
  duration_ms: 964.589791
  type: 'test'
  location: '/Users/jonhy/PersonalDatas/Codes/github/anysoft/qinglong/tests/phase5/runtime.test.cjs:179:1'
  failureType: 'testCodeFailure'
  error: 'SQLITE_ERROR: no such table: Systems'
  code: 'ERR_TEST_FAILURE'
  name: 'SequelizeDatabaseError'
  stack: |-
    Database.<anonymous> (/Users/jonhy/PersonalDatas/Codes/github/anysoft/qinglong/node_modules/.pnpm/sequelize@6.37.5_@whyour+sqlite3@1.1.2/node_modules/sequelize/src/dialects/sqlite/query.js:236:27)
    /Users/jonhy/PersonalDatas/Codes/github/anysoft/qinglong/node_modules/.pnpm/sequelize@6.37.5_@whyour+sqlite3@1.1.2/node_modules/sequelize/src/dialects/sqlite/query.js:234:50
    new Promise (<anonymous>)
    Query.run (/Users/jonhy/PersonalDatas/Codes/github/anysoft/qinglong/node_modules/.pnpm/sequelize@6.37.5_@whyour+sqlite3@1.1.2/node_modules/sequelize/src/dialects/sqlite/query.js:234:12)
    /Users/jonhy/PersonalDatas/Codes/github/anysoft/qinglong/node_modules/.pnpm/sequelize@6.37.5_@whyour+sqlite3@1.1.2/node_modules/sequelize/src/sequelize.js:650:28
    async triggerTimezone (eval at loadSecurityModule (/Users/jonhy/PersonalDatas/Codes/github/anysoft/qinglong/test/helpers/load-security-module.cjs:35:3), <anonymous>:10:18)
    async createTriggerSchema (eval at loadSecurityModule (/Users/jonhy/PersonalDatas/Codes/github/anysoft/qinglong/test/helpers/load-security-module.cjs:35:3), <anonymous>:35:22)
    async eval (eval at loadSecurityModule (/Users/jonhy/PersonalDatas/Codes/github/anysoft/qinglong/test/helpers/load-security-module.cjs:35:3), <anonymous>:205:13)
    async /Users/jonhy/PersonalDatas/Codes/github/anysoft/qinglong/node_modules/.pnpm/sequelize@6.37.5_@whyour+sqlite3@1.1.2/node_modules/sequelize/src/sequelize.js:1197:18
    async Object.initializeOperationalSchema (eval at loadSecurityModule (/Users/jonhy/PersonalDatas/Codes/github/anysoft/qinglong/test/helpers/load-security-module.cjs:35:3), <anonymous>:60:5)
  ...
# Subtest: PREPARE conflict starts no user phase and preserves existing data
not ok 273 - PREPARE conflict starts no user phase and preserves existing data
  ---
  duration_ms: 744.484292
  type: 'test'
  location: '/Users/jonhy/PersonalDatas/Codes/github/anysoft/qinglong/tests/phase5/runtime.test.cjs:205:1'
  failureType: 'testCodeFailure'
  error: 'SQLITE_ERROR: no such table: Systems'
  code: 'ERR_TEST_FAILURE'
  name: 'SequelizeDatabaseError'
  stack: |-
    Database.<anonymous> (/Users/jonhy/PersonalDatas/Codes/github/anysoft/qinglong/node_modules/.pnpm/sequelize@6.37.5_@whyour+sqlite3@1.1.2/node_modules/sequelize/src/dialects/sqlite/query.js:236:27)
    /Users/jonhy/PersonalDatas/Codes/github/anysoft/qinglong/node_modules/.pnpm/sequelize@6.37.5_@whyour+sqlite3@1.1.2/node_modules/sequelize/src/dialects/sqlite/query.js:234:50
    new Promise (<anonymous>)
    Query.run (/Users/jonhy/PersonalDatas/Codes/github/anysoft/qinglong/node_modules/.pnpm/sequelize@6.37.5_@whyour+sqlite3@1.1.2/node_modules/sequelize/src/dialects/sqlite/query.js:234:12)
    /Users/jonhy/PersonalDatas/Codes/github/anysoft/qinglong/node_modules/.pnpm/sequelize@6.37.5_@whyour+sqlite3@1.1.2/node_modules/sequelize/src/sequelize.js:650:28
    async triggerTimezone (eval at loadSecurityModule (/Users/jonhy/PersonalDatas/Codes/github/anysoft/qinglong/test/helpers/load-security-module.cjs:35:3), <anonymous>:10:18)
    async createTriggerSchema (eval at loadSecurityModule (/Users/jonhy/PersonalDatas/Codes/github/anysoft/qinglong/test/helpers/load-security-module.cjs:35:3), <anonymous>:35:22)
    async eval (eval at loadSecurityModule (/Users/jonhy/PersonalDatas/Codes/github/anysoft/qinglong/test/helpers/load-security-module.cjs:35:3), <anonymous>:205:13)
    async /Users/jonhy/PersonalDatas/Codes/github/anysoft/qinglong/node_modules/.pnpm/sequelize@6.37.5_@whyour+sqlite3@1.1.2/node_modules/sequelize/src/sequelize.js:1197:18
    async Object.initializeOperationalSchema (eval at loadSecurityModule (/Users/jonhy/PersonalDatas/Codes/github/anysoft/qinglong/test/helpers/load-security-module.cjs:35:3), <anonymous>:60:5)
  ...
# Subtest: MAIN timeout invokes failure and finally independently of hook deadlines
ok 274 - MAIN timeout invokes failure and finally independently of hook deadlines
  ---
  duration_ms: 5688.835041
  type: 'test'
  ...
# Subtest: all publication sources share the existing global publication-1 lease
ok 275 - all publication sources share the existing global publication-1 lease
  ---
  duration_ms: 5479.104917
  type: 'test'
  ...
# Subtest: frozen platform v1 upgrades transactionally to identical fresh latest schema and preserves data/hooks
not ok 276 - frozen platform v1 upgrades transactionally to identical fresh latest schema and preserves data/hooks
  ---
  duration_ms: 1609.145375
  type: 'test'
  location: '/Users/jonhy/PersonalDatas/Codes/github/anysoft/qinglong/tests/phase5/schema.test.cjs:6:1'
  failureType: 'testCodeFailure'
  error: 'SQLITE_ERROR: no such table: Systems'
  code: 'ERR_TEST_FAILURE'
  name: 'SequelizeDatabaseError'
  stack: |-
    Database.<anonymous> (/Users/jonhy/PersonalDatas/Codes/github/anysoft/qinglong/node_modules/.pnpm/sequelize@6.37.5_@whyour+sqlite3@1.1.2/node_modules/sequelize/src/dialects/sqlite/query.js:236:27)
    /Users/jonhy/PersonalDatas/Codes/github/anysoft/qinglong/node_modules/.pnpm/sequelize@6.37.5_@whyour+sqlite3@1.1.2/node_modules/sequelize/src/dialects/sqlite/query.js:234:50
    new Promise (<anonymous>)
    Query.run (/Users/jonhy/PersonalDatas/Codes/github/anysoft/qinglong/node_modules/.pnpm/sequelize@6.37.5_@whyour+sqlite3@1.1.2/node_modules/sequelize/src/dialects/sqlite/query.js:234:12)
    /Users/jonhy/PersonalDatas/Codes/github/anysoft/qinglong/node_modules/.pnpm/sequelize@6.37.5_@whyour+sqlite3@1.1.2/node_modules/sequelize/src/sequelize.js:650:28
    async triggerTimezone (eval at loadSecurityModule (/Users/jonhy/PersonalDatas/Codes/github/anysoft/qinglong/test/helpers/load-security-module.cjs:35:3), <anonymous>:10:18)
    async createTriggerSchema (eval at loadSecurityModule (/Users/jonhy/PersonalDatas/Codes/github/anysoft/qinglong/test/helpers/load-security-module.cjs:35:3), <anonymous>:35:22)
    async eval (eval at loadSecurityModule (/Users/jonhy/PersonalDatas/Codes/github/anysoft/qinglong/test/helpers/load-security-module.cjs:35:3), <anonymous>:205:13)
    async /Users/jonhy/PersonalDatas/Codes/github/anysoft/qinglong/node_modules/.pnpm/sequelize@6.37.5_@whyour+sqlite3@1.1.2/node_modules/sequelize/src/sequelize.js:1197:18
    async Object.initializeOperationalSchema (eval at loadSecurityModule (/Users/jonhy/PersonalDatas/Codes/github/anysoft/qinglong/test/helpers/load-security-module.cjs:35:3), <anonymous>:60:5)
  ...
# Subtest: migration failure rolls back DDL, data, hooks and version then permits retry
not ok 277 - migration failure rolls back DDL, data, hooks and version then permits retry
  ---
  duration_ms: 1272.227792
  type: 'test'
  location: '/Users/jonhy/PersonalDatas/Codes/github/anysoft/qinglong/tests/phase5/schema.test.cjs:25:1'
  failureType: 'testCodeFailure'
  error: 'SQLITE_ERROR: no such table: Systems'
  code: 'ERR_TEST_FAILURE'
  name: 'SequelizeDatabaseError'
  stack: |-
    Database.<anonymous> (/Users/jonhy/PersonalDatas/Codes/github/anysoft/qinglong/node_modules/.pnpm/sequelize@6.37.5_@whyour+sqlite3@1.1.2/node_modules/sequelize/src/dialects/sqlite/query.js:236:27)
    /Users/jonhy/PersonalDatas/Codes/github/anysoft/qinglong/node_modules/.pnpm/sequelize@6.37.5_@whyour+sqlite3@1.1.2/node_modules/sequelize/src/dialects/sqlite/query.js:234:50
    new Promise (<anonymous>)
    Query.run (/Users/jonhy/PersonalDatas/Codes/github/anysoft/qinglong/node_modules/.pnpm/sequelize@6.37.5_@whyour+sqlite3@1.1.2/node_modules/sequelize/src/dialects/sqlite/query.js:234:12)
    /Users/jonhy/PersonalDatas/Codes/github/anysoft/qinglong/node_modules/.pnpm/sequelize@6.37.5_@whyour+sqlite3@1.1.2/node_modules/sequelize/src/sequelize.js:650:28
    async triggerTimezone (eval at loadSecurityModule (/Users/jonhy/PersonalDatas/Codes/github/anysoft/qinglong/test/helpers/load-security-module.cjs:35:3), <anonymous>:10:18)
    async createTriggerSchema (eval at loadSecurityModule (/Users/jonhy/PersonalDatas/Codes/github/anysoft/qinglong/test/helpers/load-security-module.cjs:35:3), <anonymous>:35:22)
    async eval (eval at loadSecurityModule (/Users/jonhy/PersonalDatas/Codes/github/anysoft/qinglong/test/helpers/load-security-module.cjs:35:3), <anonymous>:192:17)
    async /Users/jonhy/PersonalDatas/Codes/github/anysoft/qinglong/node_modules/.pnpm/sequelize@6.37.5_@whyour+sqlite3@1.1.2/node_modules/sequelize/src/sequelize.js:1197:18
    async Object.initializeOperationalSchema (eval at loadSecurityModule (/Users/jonhy/PersonalDatas/Codes/github/anysoft/qinglong/test/helpers/load-security-module.cjs:35:3), <anonymous>:60:5)
  ...
# Subtest: unknown and tampered v1 databases fail closed without touching user rows
ok 278 - unknown and tampered v1 databases fail closed without touching user rows
  ---
  duration_ms: 718.300542
  type: 'test'
  ...
# Subtest: late migration failure after old columns drop restores all v1 data and hook fields
not ok 279 - late migration failure after old columns drop restores all v1 data and hook fields
  ---
  duration_ms: 905.404167
  type: 'test'
  location: '/Users/jonhy/PersonalDatas/Codes/github/anysoft/qinglong/tests/phase5/schema.test.cjs:46:1'
  failureType: 'testCodeFailure'
  error: 'SQLITE_ERROR: no such table: Systems'
  code: 'ERR_TEST_FAILURE'
  name: 'SequelizeDatabaseError'
  stack: |-
    Database.<anonymous> (/Users/jonhy/PersonalDatas/Codes/github/anysoft/qinglong/node_modules/.pnpm/sequelize@6.37.5_@whyour+sqlite3@1.1.2/node_modules/sequelize/src/dialects/sqlite/query.js:236:27)
    /Users/jonhy/PersonalDatas/Codes/github/anysoft/qinglong/node_modules/.pnpm/sequelize@6.37.5_@whyour+sqlite3@1.1.2/node_modules/sequelize/src/dialects/sqlite/query.js:234:50
    new Promise (<anonymous>)
    Query.run (/Users/jonhy/PersonalDatas/Codes/github/anysoft/qinglong/node_modules/.pnpm/sequelize@6.37.5_@whyour+sqlite3@1.1.2/node_modules/sequelize/src/dialects/sqlite/query.js:234:12)
    /Users/jonhy/PersonalDatas/Codes/github/anysoft/qinglong/node_modules/.pnpm/sequelize@6.37.5_@whyour+sqlite3@1.1.2/node_modules/sequelize/src/sequelize.js:650:28
    async triggerTimezone (eval at loadSecurityModule (/Users/jonhy/PersonalDatas/Codes/github/anysoft/qinglong/test/helpers/load-security-module.cjs:35:3), <anonymous>:10:18)
    async createTriggerSchema (eval at loadSecurityModule (/Users/jonhy/PersonalDatas/Codes/github/anysoft/qinglong/test/helpers/load-security-module.cjs:35:3), <anonymous>:35:22)
    async eval (eval at loadSecurityModule (/Users/jonhy/PersonalDatas/Codes/github/anysoft/qinglong/test/helpers/load-security-module.cjs:35:3), <anonymous>:192:17)
    async /Users/jonhy/PersonalDatas/Codes/github/anysoft/qinglong/node_modules/.pnpm/sequelize@6.37.5_@whyour+sqlite3@1.1.2/node_modules/sequelize/src/sequelize.js:1197:18
    async Object.initializeOperationalSchema (eval at loadSecurityModule (/Users/jonhy/PersonalDatas/Codes/github/anysoft/qinglong/test/helpers/load-security-module.cjs:35:3), <anonymous>:60:5)
  ...
# Subtest: Script HTTP access is excluded by Config SH lease and blocked by stale journals, then resumes
not ok 280 - Script HTTP access is excluded by Config SH lease and blocked by stale journals, then resumes
  ---
  duration_ms: 1639.379583
  type: 'test'
  location: '/Users/jonhy/PersonalDatas/Codes/github/anysoft/qinglong/tests/phase5/script-access.test.cjs:5:1'
  failureType: 'testCodeFailure'
  error: 'SQLITE_ERROR: no such table: Systems'
  code: 'ERR_TEST_FAILURE'
  name: 'SequelizeDatabaseError'
  stack: |-
    Database.<anonymous> (/Users/jonhy/PersonalDatas/Codes/github/anysoft/qinglong/node_modules/.pnpm/sequelize@6.37.5_@whyour+sqlite3@1.1.2/node_modules/sequelize/src/dialects/sqlite/query.js:236:27)
    /Users/jonhy/PersonalDatas/Codes/github/anysoft/qinglong/node_modules/.pnpm/sequelize@6.37.5_@whyour+sqlite3@1.1.2/node_modules/sequelize/src/dialects/sqlite/query.js:234:50
    new Promise (<anonymous>)
    Query.run (/Users/jonhy/PersonalDatas/Codes/github/anysoft/qinglong/node_modules/.pnpm/sequelize@6.37.5_@whyour+sqlite3@1.1.2/node_modules/sequelize/src/dialects/sqlite/query.js:234:12)
    /Users/jonhy/PersonalDatas/Codes/github/anysoft/qinglong/node_modules/.pnpm/sequelize@6.37.5_@whyour+sqlite3@1.1.2/node_modules/sequelize/src/sequelize.js:650:28
    async triggerTimezone (eval at loadSecurityModule (/Users/jonhy/PersonalDatas/Codes/github/anysoft/qinglong/test/helpers/load-security-module.cjs:35:3), <anonymous>:10:18)
    async createTriggerSchema (eval at loadSecurityModule (/Users/jonhy/PersonalDatas/Codes/github/anysoft/qinglong/test/helpers/load-security-module.cjs:35:3), <anonymous>:35:22)
    async eval (eval at loadSecurityModule (/Users/jonhy/PersonalDatas/Codes/github/anysoft/qinglong/test/helpers/load-security-module.cjs:35:3), <anonymous>:205:13)
    async /Users/jonhy/PersonalDatas/Codes/github/anysoft/qinglong/node_modules/.pnpm/sequelize@6.37.5_@whyour+sqlite3@1.1.2/node_modules/sequelize/src/sequelize.js:1197:18
    async Object.initializeOperationalSchema (eval at loadSecurityModule (/Users/jonhy/PersonalDatas/Codes/github/anysoft/qinglong/test/helpers/load-security-module.cjs:35:3), <anonymous>:60:5)
  ...
# Subtest: Node retains API flock after helper exit through asynchronous action and response completion
not ok 281 - Node retains API flock after helper exit through asynchronous action and response completion
  ---
  duration_ms: 866.894208
  type: 'test'
  location: '/Users/jonhy/PersonalDatas/Codes/github/anysoft/qinglong/tests/phase5/script-access.test.cjs:41:1'
  failureType: 'testCodeFailure'
  error: 'SQLITE_ERROR: no such table: Systems'
  code: 'ERR_TEST_FAILURE'
  name: 'SequelizeDatabaseError'
  stack: |-
    Database.<anonymous> (/Users/jonhy/PersonalDatas/Codes/github/anysoft/qinglong/node_modules/.pnpm/sequelize@6.37.5_@whyour+sqlite3@1.1.2/node_modules/sequelize/src/dialects/sqlite/query.js:236:27)
    /Users/jonhy/PersonalDatas/Codes/github/anysoft/qinglong/node_modules/.pnpm/sequelize@6.37.5_@whyour+sqlite3@1.1.2/node_modules/sequelize/src/dialects/sqlite/query.js:234:50
    new Promise (<anonymous>)
    Query.run (/Users/jonhy/PersonalDatas/Codes/github/anysoft/qinglong/node_modules/.pnpm/sequelize@6.37.5_@whyour+sqlite3@1.1.2/node_modules/sequelize/src/dialects/sqlite/query.js:234:12)
    /Users/jonhy/PersonalDatas/Codes/github/anysoft/qinglong/node_modules/.pnpm/sequelize@6.37.5_@whyour+sqlite3@1.1.2/node_modules/sequelize/src/sequelize.js:650:28
    async triggerTimezone (eval at loadSecurityModule (/Users/jonhy/PersonalDatas/Codes/github/anysoft/qinglong/test/helpers/load-security-module.cjs:35:3), <anonymous>:10:18)
    async createTriggerSchema (eval at loadSecurityModule (/Users/jonhy/PersonalDatas/Codes/github/anysoft/qinglong/test/helpers/load-security-module.cjs:35:3), <anonymous>:35:22)
    async eval (eval at loadSecurityModule (/Users/jonhy/PersonalDatas/Codes/github/anysoft/qinglong/test/helpers/load-security-module.cjs:35:3), <anonymous>:205:13)
    async /Users/jonhy/PersonalDatas/Codes/github/anysoft/qinglong/node_modules/.pnpm/sequelize@6.37.5_@whyour+sqlite3@1.1.2/node_modules/sequelize/src/sequelize.js:1197:18
    async Object.initializeOperationalSchema (eval at loadSecurityModule (/Users/jonhy/PersonalDatas/Codes/github/anysoft/qinglong/test/helpers/load-security-module.cjs:35:3), <anonymous>:60:5)
  ...
# Subtest: Runtime API returns tracked async IDs, denies arbitrary commands/paths and sanitizes every error
not ok 282 - Runtime API returns tracked async IDs, denies arbitrary commands/paths and sanitizes every error
  ---
  duration_ms: 1605.355041
  type: 'test'
  location: '/Users/jonhy/PersonalDatas/Codes/github/anysoft/qinglong/tests/phase6/api.test.cjs:5:1'
  failureType: 'testCodeFailure'
  error: 'SQLITE_ERROR: no such table: Systems'
  code: 'ERR_TEST_FAILURE'
  name: 'SequelizeDatabaseError'
  stack: |-
    Database.<anonymous> (/Users/jonhy/PersonalDatas/Codes/github/anysoft/qinglong/node_modules/.pnpm/sequelize@6.37.5_@whyour+sqlite3@1.1.2/node_modules/sequelize/src/dialects/sqlite/query.js:236:27)
    /Users/jonhy/PersonalDatas/Codes/github/anysoft/qinglong/node_modules/.pnpm/sequelize@6.37.5_@whyour+sqlite3@1.1.2/node_modules/sequelize/src/dialects/sqlite/query.js:234:50
    new Promise (<anonymous>)
    Query.run (/Users/jonhy/PersonalDatas/Codes/github/anysoft/qinglong/node_modules/.pnpm/sequelize@6.37.5_@whyour+sqlite3@1.1.2/node_modules/sequelize/src/dialects/sqlite/query.js:234:12)
    /Users/jonhy/PersonalDatas/Codes/github/anysoft/qinglong/node_modules/.pnpm/sequelize@6.37.5_@whyour+sqlite3@1.1.2/node_modules/sequelize/src/sequelize.js:650:28
    async triggerTimezone (eval at loadSecurityModule (/Users/jonhy/PersonalDatas/Codes/github/anysoft/qinglong/test/helpers/load-security-module.cjs:35:3), <anonymous>:10:18)
    async createTriggerSchema (eval at loadSecurityModule (/Users/jonhy/PersonalDatas/Codes/github/anysoft/qinglong/test/helpers/load-security-module.cjs:35:3), <anonymous>:35:22)
    async eval (eval at loadSecurityModule (/Users/jonhy/PersonalDatas/Codes/github/anysoft/qinglong/test/helpers/load-security-module.cjs:35:3), <anonymous>:205:13)
    async /Users/jonhy/PersonalDatas/Codes/github/anysoft/qinglong/node_modules/.pnpm/sequelize@6.37.5_@whyour+sqlite3@1.1.2/node_modules/sequelize/src/sequelize.js:1197:18
    async Object.initializeOperationalSchema (eval at loadSecurityModule (/Users/jonhy/PersonalDatas/Codes/github/anysoft/qinglong/test/helpers/load-security-module.cjs:35:3), <anonymous>:60:5)
  ...
# Subtest: backend SIGKILL retains inherited provider lease until supervised descendants exit, then recovery succeeds
not ok 283 - backend SIGKILL retains inherited provider lease until supervised descendants exit, then recovery succeeds
  ---
  duration_ms: 1566.305584
  type: 'test'
  location: '/Users/jonhy/PersonalDatas/Codes/github/anysoft/qinglong/tests/phase6/failures.test.cjs:10:1'
  failureType: 'testCodeFailure'
  error: 'SQLITE_ERROR: no such table: Systems'
  code: 'ERR_TEST_FAILURE'
  name: 'SequelizeDatabaseError'
  stack: |-
    Database.<anonymous> (/Users/jonhy/PersonalDatas/Codes/github/anysoft/qinglong/node_modules/.pnpm/sequelize@6.37.5_@whyour+sqlite3@1.1.2/node_modules/sequelize/src/dialects/sqlite/query.js:236:27)
    /Users/jonhy/PersonalDatas/Codes/github/anysoft/qinglong/node_modules/.pnpm/sequelize@6.37.5_@whyour+sqlite3@1.1.2/node_modules/sequelize/src/dialects/sqlite/query.js:234:50
    new Promise (<anonymous>)
    Query.run (/Users/jonhy/PersonalDatas/Codes/github/anysoft/qinglong/node_modules/.pnpm/sequelize@6.37.5_@whyour+sqlite3@1.1.2/node_modules/sequelize/src/dialects/sqlite/query.js:234:12)
    /Users/jonhy/PersonalDatas/Codes/github/anysoft/qinglong/node_modules/.pnpm/sequelize@6.37.5_@whyour+sqlite3@1.1.2/node_modules/sequelize/src/sequelize.js:650:28
    async triggerTimezone (eval at loadSecurityModule (/Users/jonhy/PersonalDatas/Codes/github/anysoft/qinglong/test/helpers/load-security-module.cjs:35:3), <anonymous>:10:18)
    async createTriggerSchema (eval at loadSecurityModule (/Users/jonhy/PersonalDatas/Codes/github/anysoft/qinglong/test/helpers/load-security-module.cjs:35:3), <anonymous>:35:22)
    async eval (eval at loadSecurityModule (/Users/jonhy/PersonalDatas/Codes/github/anysoft/qinglong/test/helpers/load-security-module.cjs:35:3), <anonymous>:205:13)
    async /Users/jonhy/PersonalDatas/Codes/github/anysoft/qinglong/node_modules/.pnpm/sequelize@6.37.5_@whyour+sqlite3@1.1.2/node_modules/sequelize/src/sequelize.js:1197:18
    async Object.initializeOperationalSchema (eval at loadSecurityModule (/Users/jonhy/PersonalDatas/Codes/github/anysoft/qinglong/test/helpers/load-security-module.cjs:35:3), <anonymous>:60:5)
  ...
# Subtest: partial remove failure retains record and ownership for retry; provider failure preserves interpreter
not ok 284 - partial remove failure retains record and ownership for retry; provider failure preserves interpreter
  ---
  duration_ms: 771.243959
  type: 'test'
  location: '/Users/jonhy/PersonalDatas/Codes/github/anysoft/qinglong/tests/phase6/failures.test.cjs:37:1'
  failureType: 'testCodeFailure'
  error: 'SQLITE_ERROR: no such table: Systems'
  code: 'ERR_TEST_FAILURE'
  name: 'SequelizeDatabaseError'
  stack: |-
    Database.<anonymous> (/Users/jonhy/PersonalDatas/Codes/github/anysoft/qinglong/node_modules/.pnpm/sequelize@6.37.5_@whyour+sqlite3@1.1.2/node_modules/sequelize/src/dialects/sqlite/query.js:236:27)
    /Users/jonhy/PersonalDatas/Codes/github/anysoft/qinglong/node_modules/.pnpm/sequelize@6.37.5_@whyour+sqlite3@1.1.2/node_modules/sequelize/src/dialects/sqlite/query.js:234:50
    new Promise (<anonymous>)
    Query.run (/Users/jonhy/PersonalDatas/Codes/github/anysoft/qinglong/node_modules/.pnpm/sequelize@6.37.5_@whyour+sqlite3@1.1.2/node_modules/sequelize/src/dialects/sqlite/query.js:234:12)
    /Users/jonhy/PersonalDatas/Codes/github/anysoft/qinglong/node_modules/.pnpm/sequelize@6.37.5_@whyour+sqlite3@1.1.2/node_modules/sequelize/src/sequelize.js:650:28
    async triggerTimezone (eval at loadSecurityModule (/Users/jonhy/PersonalDatas/Codes/github/anysoft/qinglong/test/helpers/load-security-module.cjs:35:3), <anonymous>:10:18)
    async createTriggerSchema (eval at loadSecurityModule (/Users/jonhy/PersonalDatas/Codes/github/anysoft/qinglong/test/helpers/load-security-module.cjs:35:3), <anonymous>:35:22)
    async eval (eval at loadSecurityModule (/Users/jonhy/PersonalDatas/Codes/github/anysoft/qinglong/test/helpers/load-security-module.cjs:35:3), <anonymous>:205:13)
    async /Users/jonhy/PersonalDatas/Codes/github/anysoft/qinglong/node_modules/.pnpm/sequelize@6.37.5_@whyour+sqlite3@1.1.2/node_modules/sequelize/src/sequelize.js:1197:18
    async Object.initializeOperationalSchema (eval at loadSecurityModule (/Users/jonhy/PersonalDatas/Codes/github/anysoft/qinglong/test/helpers/load-security-module.cjs:35:3), <anonymous>:60:5)
  ...
# Subtest: disk full and command failures produce bounded static errors and leave partial runtime repairable
not ok 285 - disk full and command failures produce bounded static errors and leave partial runtime repairable
  ---
  duration_ms: 810.13825
  type: 'test'
  location: '/Users/jonhy/PersonalDatas/Codes/github/anysoft/qinglong/tests/phase6/failures.test.cjs:55:1'
  failureType: 'testCodeFailure'
  error: 'SQLITE_ERROR: no such table: Systems'
  code: 'ERR_TEST_FAILURE'
  name: 'SequelizeDatabaseError'
  stack: |-
    Database.<anonymous> (/Users/jonhy/PersonalDatas/Codes/github/anysoft/qinglong/node_modules/.pnpm/sequelize@6.37.5_@whyour+sqlite3@1.1.2/node_modules/sequelize/src/dialects/sqlite/query.js:236:27)
    /Users/jonhy/PersonalDatas/Codes/github/anysoft/qinglong/node_modules/.pnpm/sequelize@6.37.5_@whyour+sqlite3@1.1.2/node_modules/sequelize/src/dialects/sqlite/query.js:234:50
    new Promise (<anonymous>)
    Query.run (/Users/jonhy/PersonalDatas/Codes/github/anysoft/qinglong/node_modules/.pnpm/sequelize@6.37.5_@whyour+sqlite3@1.1.2/node_modules/sequelize/src/dialects/sqlite/query.js:234:12)
    /Users/jonhy/PersonalDatas/Codes/github/anysoft/qinglong/node_modules/.pnpm/sequelize@6.37.5_@whyour+sqlite3@1.1.2/node_modules/sequelize/src/sequelize.js:650:28
    async triggerTimezone (eval at loadSecurityModule (/Users/jonhy/PersonalDatas/Codes/github/anysoft/qinglong/test/helpers/load-security-module.cjs:35:3), <anonymous>:10:18)
    async createTriggerSchema (eval at loadSecurityModule (/Users/jonhy/PersonalDatas/Codes/github/anysoft/qinglong/test/helpers/load-security-module.cjs:35:3), <anonymous>:35:22)
    async eval (eval at loadSecurityModule (/Users/jonhy/PersonalDatas/Codes/github/anysoft/qinglong/test/helpers/load-security-module.cjs:35:3), <anonymous>:205:13)
    async /Users/jonhy/PersonalDatas/Codes/github/anysoft/qinglong/node_modules/.pnpm/sequelize@6.37.5_@whyour+sqlite3@1.1.2/node_modules/sequelize/src/sequelize.js:1197:18
    async Object.initializeOperationalSchema (eval at loadSecurityModule (/Users/jonhy/PersonalDatas/Codes/github/anysoft/qinglong/test/helpers/load-security-module.cjs:35:3), <anonymous>:60:5)
  ...
# Subtest: bounded runtime logs drain oversized output without exposing private HOME or symlink targets
not ok 286 - bounded runtime logs drain oversized output without exposing private HOME or symlink targets
  ---
  duration_ms: 767.408666
  type: 'test'
  location: '/Users/jonhy/PersonalDatas/Codes/github/anysoft/qinglong/tests/phase6/failures.test.cjs:68:1'
  failureType: 'testCodeFailure'
  error: 'SQLITE_ERROR: no such table: Systems'
  code: 'ERR_TEST_FAILURE'
  name: 'SequelizeDatabaseError'
  stack: |-
    Database.<anonymous> (/Users/jonhy/PersonalDatas/Codes/github/anysoft/qinglong/node_modules/.pnpm/sequelize@6.37.5_@whyour+sqlite3@1.1.2/node_modules/sequelize/src/dialects/sqlite/query.js:236:27)
    /Users/jonhy/PersonalDatas/Codes/github/anysoft/qinglong/node_modules/.pnpm/sequelize@6.37.5_@whyour+sqlite3@1.1.2/node_modules/sequelize/src/dialects/sqlite/query.js:234:50
    new Promise (<anonymous>)
    Query.run (/Users/jonhy/PersonalDatas/Codes/github/anysoft/qinglong/node_modules/.pnpm/sequelize@6.37.5_@whyour+sqlite3@1.1.2/node_modules/sequelize/src/dialects/sqlite/query.js:234:12)
    /Users/jonhy/PersonalDatas/Codes/github/anysoft/qinglong/node_modules/.pnpm/sequelize@6.37.5_@whyour+sqlite3@1.1.2/node_modules/sequelize/src/sequelize.js:650:28
    async triggerTimezone (eval at loadSecurityModule (/Users/jonhy/PersonalDatas/Codes/github/anysoft/qinglong/test/helpers/load-security-module.cjs:35:3), <anonymous>:10:18)
    async createTriggerSchema (eval at loadSecurityModule (/Users/jonhy/PersonalDatas/Codes/github/anysoft/qinglong/test/helpers/load-security-module.cjs:35:3), <anonymous>:35:22)
    async eval (eval at loadSecurityModule (/Users/jonhy/PersonalDatas/Codes/github/anysoft/qinglong/test/helpers/load-security-module.cjs:35:3), <anonymous>:205:13)
    async /Users/jonhy/PersonalDatas/Codes/github/anysoft/qinglong/node_modules/.pnpm/sequelize@6.37.5_@whyour+sqlite3@1.1.2/node_modules/sequelize/src/sequelize.js:1197:18
    async Object.initializeOperationalSchema (eval at loadSecurityModule (/Users/jonhy/PersonalDatas/Codes/github/anysoft/qinglong/test/helpers/load-security-module.cjs:35:3), <anonymous>:60:5)
  ...
# Subtest: real provider validation rejects dirty code, mismatched revision and .git symlink before execution
not ok 287 - real provider validation rejects dirty code, mismatched revision and .git symlink before execution
  ---
  duration_ms: 1181.724042
  type: 'test'
  location: '/Users/jonhy/PersonalDatas/Codes/github/anysoft/qinglong/tests/phase6/provider.test.cjs:5:1'
  failureType: 'testCodeFailure'
  error: 'SQLITE_ERROR: no such table: Systems'
  code: 'ERR_TEST_FAILURE'
  name: 'SequelizeDatabaseError'
  stack: |-
    Database.<anonymous> (/Users/jonhy/PersonalDatas/Codes/github/anysoft/qinglong/node_modules/.pnpm/sequelize@6.37.5_@whyour+sqlite3@1.1.2/node_modules/sequelize/src/dialects/sqlite/query.js:236:27)
    /Users/jonhy/PersonalDatas/Codes/github/anysoft/qinglong/node_modules/.pnpm/sequelize@6.37.5_@whyour+sqlite3@1.1.2/node_modules/sequelize/src/dialects/sqlite/query.js:234:50
    new Promise (<anonymous>)
    Query.run (/Users/jonhy/PersonalDatas/Codes/github/anysoft/qinglong/node_modules/.pnpm/sequelize@6.37.5_@whyour+sqlite3@1.1.2/node_modules/sequelize/src/dialects/sqlite/query.js:234:12)
    /Users/jonhy/PersonalDatas/Codes/github/anysoft/qinglong/node_modules/.pnpm/sequelize@6.37.5_@whyour+sqlite3@1.1.2/node_modules/sequelize/src/sequelize.js:650:28
    async triggerTimezone (eval at loadSecurityModule (/Users/jonhy/PersonalDatas/Codes/github/anysoft/qinglong/test/helpers/load-security-module.cjs:35:3), <anonymous>:10:18)
    async createTriggerSchema (eval at loadSecurityModule (/Users/jonhy/PersonalDatas/Codes/github/anysoft/qinglong/test/helpers/load-security-module.cjs:35:3), <anonymous>:35:22)
    async eval (eval at loadSecurityModule (/Users/jonhy/PersonalDatas/Codes/github/anysoft/qinglong/test/helpers/load-security-module.cjs:35:3), <anonymous>:205:13)
    async /Users/jonhy/PersonalDatas/Codes/github/anysoft/qinglong/node_modules/.pnpm/sequelize@6.37.5_@whyour+sqlite3@1.1.2/node_modules/sequelize/src/sequelize.js:1197:18
    async Object.initializeOperationalSchema (eval at loadSecurityModule (/Users/jonhy/PersonalDatas/Codes/github/anysoft/qinglong/test/helpers/load-security-module.cjs:35:3), <anonymous>:60:5)
  ...
# Subtest: unknown nonempty provider root is preserved; symlinked cache reports missing requirement
not ok 288 - unknown nonempty provider root is preserved; symlinked cache reports missing requirement
  ---
  duration_ms: 885.188125
  type: 'test'
  location: '/Users/jonhy/PersonalDatas/Codes/github/anysoft/qinglong/tests/phase6/provider.test.cjs:34:1'
  failureType: 'testCodeFailure'
  error: 'SQLITE_ERROR: no such table: Systems'
  code: 'ERR_TEST_FAILURE'
  name: 'SequelizeDatabaseError'
  stack: |-
    Database.<anonymous> (/Users/jonhy/PersonalDatas/Codes/github/anysoft/qinglong/node_modules/.pnpm/sequelize@6.37.5_@whyour+sqlite3@1.1.2/node_modules/sequelize/src/dialects/sqlite/query.js:236:27)
    /Users/jonhy/PersonalDatas/Codes/github/anysoft/qinglong/node_modules/.pnpm/sequelize@6.37.5_@whyour+sqlite3@1.1.2/node_modules/sequelize/src/dialects/sqlite/query.js:234:50
    new Promise (<anonymous>)
    Query.run (/Users/jonhy/PersonalDatas/Codes/github/anysoft/qinglong/node_modules/.pnpm/sequelize@6.37.5_@whyour+sqlite3@1.1.2/node_modules/sequelize/src/dialects/sqlite/query.js:234:12)
    /Users/jonhy/PersonalDatas/Codes/github/anysoft/qinglong/node_modules/.pnpm/sequelize@6.37.5_@whyour+sqlite3@1.1.2/node_modules/sequelize/src/sequelize.js:650:28
    async triggerTimezone (eval at loadSecurityModule (/Users/jonhy/PersonalDatas/Codes/github/anysoft/qinglong/test/helpers/load-security-module.cjs:35:3), <anonymous>:10:18)
    async createTriggerSchema (eval at loadSecurityModule (/Users/jonhy/PersonalDatas/Codes/github/anysoft/qinglong/test/helpers/load-security-module.cjs:35:3), <anonymous>:35:22)
    async eval (eval at loadSecurityModule (/Users/jonhy/PersonalDatas/Codes/github/anysoft/qinglong/test/helpers/load-security-module.cjs:35:3), <anonymous>:205:13)
    async /Users/jonhy/PersonalDatas/Codes/github/anysoft/qinglong/node_modules/.pnpm/sequelize@6.37.5_@whyour+sqlite3@1.1.2/node_modules/sequelize/src/sequelize.js:1197:18
    async Object.initializeOperationalSchema (eval at loadSecurityModule (/Users/jonhy/PersonalDatas/Codes/github/anysoft/qinglong/test/helpers/load-security-module.cjs:35:3), <anonymous>:60:5)
  ...
# Subtest: fixed interpreter diagnostic rejects incorrect version and prefix even on first installation
not ok 289 - fixed interpreter diagnostic rejects incorrect version and prefix even on first installation
  ---
  duration_ms: 952.86
  type: 'test'
  location: '/Users/jonhy/PersonalDatas/Codes/github/anysoft/qinglong/tests/phase6/provider.test.cjs:46:1'
  failureType: 'testCodeFailure'
  error: 'SQLITE_ERROR: no such table: Systems'
  code: 'ERR_TEST_FAILURE'
  name: 'SequelizeDatabaseError'
  stack: |-
    Database.<anonymous> (/Users/jonhy/PersonalDatas/Codes/github/anysoft/qinglong/node_modules/.pnpm/sequelize@6.37.5_@whyour+sqlite3@1.1.2/node_modules/sequelize/src/dialects/sqlite/query.js:236:27)
    /Users/jonhy/PersonalDatas/Codes/github/anysoft/qinglong/node_modules/.pnpm/sequelize@6.37.5_@whyour+sqlite3@1.1.2/node_modules/sequelize/src/dialects/sqlite/query.js:234:50
    new Promise (<anonymous>)
    Query.run (/Users/jonhy/PersonalDatas/Codes/github/anysoft/qinglong/node_modules/.pnpm/sequelize@6.37.5_@whyour+sqlite3@1.1.2/node_modules/sequelize/src/dialects/sqlite/query.js:234:12)
    /Users/jonhy/PersonalDatas/Codes/github/anysoft/qinglong/node_modules/.pnpm/sequelize@6.37.5_@whyour+sqlite3@1.1.2/node_modules/sequelize/src/sequelize.js:650:28
    async triggerTimezone (eval at loadSecurityModule (/Users/jonhy/PersonalDatas/Codes/github/anysoft/qinglong/test/helpers/load-security-module.cjs:35:3), <anonymous>:10:18)
    async createTriggerSchema (eval at loadSecurityModule (/Users/jonhy/PersonalDatas/Codes/github/anysoft/qinglong/test/helpers/load-security-module.cjs:35:3), <anonymous>:35:22)
    async eval (eval at loadSecurityModule (/Users/jonhy/PersonalDatas/Codes/github/anysoft/qinglong/test/helpers/load-security-module.cjs:35:3), <anonymous>:205:13)
    async /Users/jonhy/PersonalDatas/Codes/github/anysoft/qinglong/node_modules/.pnpm/sequelize@6.37.5_@whyour+sqlite3@1.1.2/node_modules/sequelize/src/sequelize.js:1197:18
    async Object.initializeOperationalSchema (eval at loadSecurityModule (/Users/jonhy/PersonalDatas/Codes/github/anysoft/qinglong/test/helpers/load-security-module.cjs:35:3), <anonymous>:60:5)
  ...
# Subtest: exact catalog filters implementations, prereleases and injection
not ok 290 - exact catalog filters implementations, prereleases and injection
  ---
  duration_ms: 1465.148209
  type: 'test'
  location: '/Users/jonhy/PersonalDatas/Codes/github/anysoft/qinglong/tests/phase6/runtime.test.cjs:5:1'
  failureType: 'testCodeFailure'
  error: 'SQLITE_ERROR: no such table: Systems'
  code: 'ERR_TEST_FAILURE'
  name: 'SequelizeDatabaseError'
  stack: |-
    Database.<anonymous> (/Users/jonhy/PersonalDatas/Codes/github/anysoft/qinglong/node_modules/.pnpm/sequelize@6.37.5_@whyour+sqlite3@1.1.2/node_modules/sequelize/src/dialects/sqlite/query.js:236:27)
    /Users/jonhy/PersonalDatas/Codes/github/anysoft/qinglong/node_modules/.pnpm/sequelize@6.37.5_@whyour+sqlite3@1.1.2/node_modules/sequelize/src/dialects/sqlite/query.js:234:50
    new Promise (<anonymous>)
    Query.run (/Users/jonhy/PersonalDatas/Codes/github/anysoft/qinglong/node_modules/.pnpm/sequelize@6.37.5_@whyour+sqlite3@1.1.2/node_modules/sequelize/src/dialects/sqlite/query.js:234:12)
    /Users/jonhy/PersonalDatas/Codes/github/anysoft/qinglong/node_modules/.pnpm/sequelize@6.37.5_@whyour+sqlite3@1.1.2/node_modules/sequelize/src/sequelize.js:650:28
    async triggerTimezone (eval at loadSecurityModule (/Users/jonhy/PersonalDatas/Codes/github/anysoft/qinglong/test/helpers/load-security-module.cjs:35:3), <anonymous>:10:18)
    async createTriggerSchema (eval at loadSecurityModule (/Users/jonhy/PersonalDatas/Codes/github/anysoft/qinglong/test/helpers/load-security-module.cjs:35:3), <anonymous>:35:22)
    async eval (eval at loadSecurityModule (/Users/jonhy/PersonalDatas/Codes/github/anysoft/qinglong/test/helpers/load-security-module.cjs:35:3), <anonymous>:205:13)
    async /Users/jonhy/PersonalDatas/Codes/github/anysoft/qinglong/node_modules/.pnpm/sequelize@6.37.5_@whyour+sqlite3@1.1.2/node_modules/sequelize/src/sequelize.js:1197:18
    async Object.initializeOperationalSchema (eval at loadSecurityModule (/Users/jonhy/PersonalDatas/Codes/github/anysoft/qinglong/test/helpers/load-security-module.cjs:35:3), <anonymous>:60:5)
  ...
# Subtest: provider setup, two runtimes, explicit verify/repair/remove preserve sibling and snapshots
not ok 291 - provider setup, two runtimes, explicit verify/repair/remove preserve sibling and snapshots
  ---
  duration_ms: 973.392417
  type: 'test'
  location: '/Users/jonhy/PersonalDatas/Codes/github/anysoft/qinglong/tests/phase6/runtime.test.cjs:14:1'
  failureType: 'testCodeFailure'
  error: 'SQLITE_ERROR: no such table: Systems'
  code: 'ERR_TEST_FAILURE'
  name: 'SequelizeDatabaseError'
  stack: |-
    Database.<anonymous> (/Users/jonhy/PersonalDatas/Codes/github/anysoft/qinglong/node_modules/.pnpm/sequelize@6.37.5_@whyour+sqlite3@1.1.2/node_modules/sequelize/src/dialects/sqlite/query.js:236:27)
    /Users/jonhy/PersonalDatas/Codes/github/anysoft/qinglong/node_modules/.pnpm/sequelize@6.37.5_@whyour+sqlite3@1.1.2/node_modules/sequelize/src/dialects/sqlite/query.js:234:50
    new Promise (<anonymous>)
    Query.run (/Users/jonhy/PersonalDatas/Codes/github/anysoft/qinglong/node_modules/.pnpm/sequelize@6.37.5_@whyour+sqlite3@1.1.2/node_modules/sequelize/src/dialects/sqlite/query.js:234:12)
    /Users/jonhy/PersonalDatas/Codes/github/anysoft/qinglong/node_modules/.pnpm/sequelize@6.37.5_@whyour+sqlite3@1.1.2/node_modules/sequelize/src/sequelize.js:650:28
    async triggerTimezone (eval at loadSecurityModule (/Users/jonhy/PersonalDatas/Codes/github/anysoft/qinglong/test/helpers/load-security-module.cjs:35:3), <anonymous>:10:18)
    async createTriggerSchema (eval at loadSecurityModule (/Users/jonhy/PersonalDatas/Codes/github/anysoft/qinglong/test/helpers/load-security-module.cjs:35:3), <anonymous>:35:22)
    async eval (eval at loadSecurityModule (/Users/jonhy/PersonalDatas/Codes/github/anysoft/qinglong/test/helpers/load-security-module.cjs:35:3), <anonymous>:205:13)
    async /Users/jonhy/PersonalDatas/Codes/github/anysoft/qinglong/node_modules/.pnpm/sequelize@6.37.5_@whyour+sqlite3@1.1.2/node_modules/sequelize/src/sequelize.js:1197:18
    async Object.initializeOperationalSchema (eval at loadSecurityModule (/Users/jonhy/PersonalDatas/Codes/github/anysoft/qinglong/test/helpers/load-security-module.cjs:35:3), <anonymous>:60:5)
  ...
# Subtest: cross-service lock, cancel and timeout keep operation ownership and descendants bounded
not ok 292 - cross-service lock, cancel and timeout keep operation ownership and descendants bounded
  ---
  duration_ms: 848.712084
  type: 'test'
  location: '/Users/jonhy/PersonalDatas/Codes/github/anysoft/qinglong/tests/phase6/runtime.test.cjs:38:1'
  failureType: 'testCodeFailure'
  error: 'SQLITE_ERROR: no such table: Systems'
  code: 'ERR_TEST_FAILURE'
  name: 'SequelizeDatabaseError'
  stack: |-
    Database.<anonymous> (/Users/jonhy/PersonalDatas/Codes/github/anysoft/qinglong/node_modules/.pnpm/sequelize@6.37.5_@whyour+sqlite3@1.1.2/node_modules/sequelize/src/dialects/sqlite/query.js:236:27)
    /Users/jonhy/PersonalDatas/Codes/github/anysoft/qinglong/node_modules/.pnpm/sequelize@6.37.5_@whyour+sqlite3@1.1.2/node_modules/sequelize/src/dialects/sqlite/query.js:234:50
    new Promise (<anonymous>)
    Query.run (/Users/jonhy/PersonalDatas/Codes/github/anysoft/qinglong/node_modules/.pnpm/sequelize@6.37.5_@whyour+sqlite3@1.1.2/node_modules/sequelize/src/dialects/sqlite/query.js:234:12)
    /Users/jonhy/PersonalDatas/Codes/github/anysoft/qinglong/node_modules/.pnpm/sequelize@6.37.5_@whyour+sqlite3@1.1.2/node_modules/sequelize/src/sequelize.js:650:28
    async triggerTimezone (eval at loadSecurityModule (/Users/jonhy/PersonalDatas/Codes/github/anysoft/qinglong/test/helpers/load-security-module.cjs:35:3), <anonymous>:10:18)
    async createTriggerSchema (eval at loadSecurityModule (/Users/jonhy/PersonalDatas/Codes/github/anysoft/qinglong/test/helpers/load-security-module.cjs:35:3), <anonymous>:35:22)
    async eval (eval at loadSecurityModule (/Users/jonhy/PersonalDatas/Codes/github/anysoft/qinglong/test/helpers/load-security-module.cjs:35:3), <anonymous>:205:13)
    async /Users/jonhy/PersonalDatas/Codes/github/anysoft/qinglong/node_modules/.pnpm/sequelize@6.37.5_@whyour+sqlite3@1.1.2/node_modules/sequelize/src/sequelize.js:1197:18
    async Object.initializeOperationalSchema (eval at loadSecurityModule (/Users/jonhy/PersonalDatas/Codes/github/anysoft/qinglong/test/helpers/load-security-module.cjs:35:3), <anonymous>:60:5)
  ...
# Subtest: paths reject unknown roots, version symlink, parent symlink and executable escape
not ok 293 - paths reject unknown roots, version symlink, parent symlink and executable escape
  ---
  duration_ms: 750.188709
  type: 'test'
  location: '/Users/jonhy/PersonalDatas/Codes/github/anysoft/qinglong/tests/phase6/runtime.test.cjs:51:1'
  failureType: 'testCodeFailure'
  error: 'SQLITE_ERROR: no such table: Systems'
  code: 'ERR_TEST_FAILURE'
  name: 'SequelizeDatabaseError'
  stack: |-
    Database.<anonymous> (/Users/jonhy/PersonalDatas/Codes/github/anysoft/qinglong/node_modules/.pnpm/sequelize@6.37.5_@whyour+sqlite3@1.1.2/node_modules/sequelize/src/dialects/sqlite/query.js:236:27)
    /Users/jonhy/PersonalDatas/Codes/github/anysoft/qinglong/node_modules/.pnpm/sequelize@6.37.5_@whyour+sqlite3@1.1.2/node_modules/sequelize/src/dialects/sqlite/query.js:234:50
    new Promise (<anonymous>)
    Query.run (/Users/jonhy/PersonalDatas/Codes/github/anysoft/qinglong/node_modules/.pnpm/sequelize@6.37.5_@whyour+sqlite3@1.1.2/node_modules/sequelize/src/dialects/sqlite/query.js:234:12)
    /Users/jonhy/PersonalDatas/Codes/github/anysoft/qinglong/node_modules/.pnpm/sequelize@6.37.5_@whyour+sqlite3@1.1.2/node_modules/sequelize/src/sequelize.js:650:28
    async triggerTimezone (eval at loadSecurityModule (/Users/jonhy/PersonalDatas/Codes/github/anysoft/qinglong/test/helpers/load-security-module.cjs:35:3), <anonymous>:10:18)
    async createTriggerSchema (eval at loadSecurityModule (/Users/jonhy/PersonalDatas/Codes/github/anysoft/qinglong/test/helpers/load-security-module.cjs:35:3), <anonymous>:35:22)
    async eval (eval at loadSecurityModule (/Users/jonhy/PersonalDatas/Codes/github/anysoft/qinglong/test/helpers/load-security-module.cjs:35:3), <anonymous>:205:13)
    async /Users/jonhy/PersonalDatas/Codes/github/anysoft/qinglong/node_modules/.pnpm/sequelize@6.37.5_@whyour+sqlite3@1.1.2/node_modules/sequelize/src/sequelize.js:1197:18
    async Object.initializeOperationalSchema (eval at loadSecurityModule (/Users/jonhy/PersonalDatas/Codes/github/anysoft/qinglong/test/helpers/load-security-module.cjs:35:3), <anonymous>:60:5)
  ...
# Subtest: recovery never kills stored PID or adopts unknown versions; reference checks block removal
not ok 294 - recovery never kills stored PID or adopts unknown versions; reference checks block removal
  ---
  duration_ms: 662.956834
  type: 'test'
  location: '/Users/jonhy/PersonalDatas/Codes/github/anysoft/qinglong/tests/phase6/runtime.test.cjs:63:1'
  failureType: 'testCodeFailure'
  error: 'SQLITE_ERROR: no such table: Systems'
  code: 'ERR_TEST_FAILURE'
  name: 'SequelizeDatabaseError'
  stack: |-
    Database.<anonymous> (/Users/jonhy/PersonalDatas/Codes/github/anysoft/qinglong/node_modules/.pnpm/sequelize@6.37.5_@whyour+sqlite3@1.1.2/node_modules/sequelize/src/dialects/sqlite/query.js:236:27)
    /Users/jonhy/PersonalDatas/Codes/github/anysoft/qinglong/node_modules/.pnpm/sequelize@6.37.5_@whyour+sqlite3@1.1.2/node_modules/sequelize/src/dialects/sqlite/query.js:234:50
    new Promise (<anonymous>)
    Query.run (/Users/jonhy/PersonalDatas/Codes/github/anysoft/qinglong/node_modules/.pnpm/sequelize@6.37.5_@whyour+sqlite3@1.1.2/node_modules/sequelize/src/dialects/sqlite/query.js:234:12)
    /Users/jonhy/PersonalDatas/Codes/github/anysoft/qinglong/node_modules/.pnpm/sequelize@6.37.5_@whyour+sqlite3@1.1.2/node_modules/sequelize/src/sequelize.js:650:28
    async triggerTimezone (eval at loadSecurityModule (/Users/jonhy/PersonalDatas/Codes/github/anysoft/qinglong/test/helpers/load-security-module.cjs:35:3), <anonymous>:10:18)
    async createTriggerSchema (eval at loadSecurityModule (/Users/jonhy/PersonalDatas/Codes/github/anysoft/qinglong/test/helpers/load-security-module.cjs:35:3), <anonymous>:35:22)
    async eval (eval at loadSecurityModule (/Users/jonhy/PersonalDatas/Codes/github/anysoft/qinglong/test/helpers/load-security-module.cjs:35:3), <anonymous>:205:13)
    async /Users/jonhy/PersonalDatas/Codes/github/anysoft/qinglong/node_modules/.pnpm/sequelize@6.37.5_@whyour+sqlite3@1.1.2/node_modules/sequelize/src/sequelize.js:1197:18
    async Object.initializeOperationalSchema (eval at loadSecurityModule (/Users/jonhy/PersonalDatas/Codes/github/anysoft/qinglong/test/helpers/load-security-module.cjs:35:3), <anonymous>:60:5)
  ...
# Subtest: build environment excludes backend/user secrets and logs redact split UTF-8 secrets
not ok 295 - build environment excludes backend/user secrets and logs redact split UTF-8 secrets
  ---
  duration_ms: 687.097917
  type: 'test'
  location: '/Users/jonhy/PersonalDatas/Codes/github/anysoft/qinglong/tests/phase6/runtime.test.cjs:79:1'
  failureType: 'testCodeFailure'
  error: 'SQLITE_ERROR: no such table: Systems'
  code: 'ERR_TEST_FAILURE'
  name: 'SequelizeDatabaseError'
  stack: |-
    Database.<anonymous> (/Users/jonhy/PersonalDatas/Codes/github/anysoft/qinglong/node_modules/.pnpm/sequelize@6.37.5_@whyour+sqlite3@1.1.2/node_modules/sequelize/src/dialects/sqlite/query.js:236:27)
    /Users/jonhy/PersonalDatas/Codes/github/anysoft/qinglong/node_modules/.pnpm/sequelize@6.37.5_@whyour+sqlite3@1.1.2/node_modules/sequelize/src/dialects/sqlite/query.js:234:50
    new Promise (<anonymous>)
    Query.run (/Users/jonhy/PersonalDatas/Codes/github/anysoft/qinglong/node_modules/.pnpm/sequelize@6.37.5_@whyour+sqlite3@1.1.2/node_modules/sequelize/src/dialects/sqlite/query.js:234:12)
    /Users/jonhy/PersonalDatas/Codes/github/anysoft/qinglong/node_modules/.pnpm/sequelize@6.37.5_@whyour+sqlite3@1.1.2/node_modules/sequelize/src/sequelize.js:650:28
    async triggerTimezone (eval at loadSecurityModule (/Users/jonhy/PersonalDatas/Codes/github/anysoft/qinglong/test/helpers/load-security-module.cjs:35:3), <anonymous>:10:18)
    async createTriggerSchema (eval at loadSecurityModule (/Users/jonhy/PersonalDatas/Codes/github/anysoft/qinglong/test/helpers/load-security-module.cjs:35:3), <anonymous>:35:22)
    async eval (eval at loadSecurityModule (/Users/jonhy/PersonalDatas/Codes/github/anysoft/qinglong/test/helpers/load-security-module.cjs:35:3), <anonymous>:205:13)
    async /Users/jonhy/PersonalDatas/Codes/github/anysoft/qinglong/node_modules/.pnpm/sequelize@6.37.5_@whyour+sqlite3@1.1.2/node_modules/sequelize/src/sequelize.js:1197:18
    async Object.initializeOperationalSchema (eval at loadSecurityModule (/Users/jonhy/PersonalDatas/Codes/github/anysoft/qinglong/test/helpers/load-security-module.cjs:35:3), <anonymous>:60:5)
  ...
# Subtest: frozen v2 migrates to identical fresh latest schema, preserves ENV/Config/Hooks and enforces runtime CHECK/FK constraints
not ok 296 - frozen v2 migrates to identical fresh latest schema, preserves ENV/Config/Hooks and enforces runtime CHECK/FK constraints
  ---
  duration_ms: 1589.969916
  type: 'test'
  location: '/Users/jonhy/PersonalDatas/Codes/github/anysoft/qinglong/tests/phase6/schema.test.cjs:12:1'
  failureType: 'testCodeFailure'
  error: 'SQLITE_ERROR: no such table: Systems'
  code: 'ERR_TEST_FAILURE'
  name: 'SequelizeDatabaseError'
  stack: |-
    Database.<anonymous> (/Users/jonhy/PersonalDatas/Codes/github/anysoft/qinglong/node_modules/.pnpm/sequelize@6.37.5_@whyour+sqlite3@1.1.2/node_modules/sequelize/src/dialects/sqlite/query.js:236:27)
    /Users/jonhy/PersonalDatas/Codes/github/anysoft/qinglong/node_modules/.pnpm/sequelize@6.37.5_@whyour+sqlite3@1.1.2/node_modules/sequelize/src/dialects/sqlite/query.js:234:50
    new Promise (<anonymous>)
    Query.run (/Users/jonhy/PersonalDatas/Codes/github/anysoft/qinglong/node_modules/.pnpm/sequelize@6.37.5_@whyour+sqlite3@1.1.2/node_modules/sequelize/src/dialects/sqlite/query.js:234:12)
    /Users/jonhy/PersonalDatas/Codes/github/anysoft/qinglong/node_modules/.pnpm/sequelize@6.37.5_@whyour+sqlite3@1.1.2/node_modules/sequelize/src/sequelize.js:650:28
    async triggerTimezone (eval at loadSecurityModule (/Users/jonhy/PersonalDatas/Codes/github/anysoft/qinglong/test/helpers/load-security-module.cjs:35:3), <anonymous>:10:18)
    async createTriggerSchema (eval at loadSecurityModule (/Users/jonhy/PersonalDatas/Codes/github/anysoft/qinglong/test/helpers/load-security-module.cjs:35:3), <anonymous>:35:22)
    async eval (eval at loadSecurityModule (/Users/jonhy/PersonalDatas/Codes/github/anysoft/qinglong/test/helpers/load-security-module.cjs:35:3), <anonymous>:205:13)
    async /Users/jonhy/PersonalDatas/Codes/github/anysoft/qinglong/node_modules/.pnpm/sequelize@6.37.5_@whyour+sqlite3@1.1.2/node_modules/sequelize/src/sequelize.js:1197:18
    async Object.initializeOperationalSchema (eval at loadSecurityModule (/Users/jonhy/PersonalDatas/Codes/github/anysoft/qinglong/test/helpers/load-security-module.cjs:35:3), <anonymous>:60:5)
  ...
# Subtest: v2 late migration failure rolls back runtime tables, metadata and data, then retries
not ok 297 - v2 late migration failure rolls back runtime tables, metadata and data, then retries
  ---
  duration_ms: 1183.60175
  type: 'test'
  location: '/Users/jonhy/PersonalDatas/Codes/github/anysoft/qinglong/tests/phase6/schema.test.cjs:30:1'
  failureType: 'testCodeFailure'
  error: 'SQLITE_ERROR: no such table: Systems'
  code: 'ERR_TEST_FAILURE'
  name: 'SequelizeDatabaseError'
  stack: |-
    Database.<anonymous> (/Users/jonhy/PersonalDatas/Codes/github/anysoft/qinglong/node_modules/.pnpm/sequelize@6.37.5_@whyour+sqlite3@1.1.2/node_modules/sequelize/src/dialects/sqlite/query.js:236:27)
    /Users/jonhy/PersonalDatas/Codes/github/anysoft/qinglong/node_modules/.pnpm/sequelize@6.37.5_@whyour+sqlite3@1.1.2/node_modules/sequelize/src/dialects/sqlite/query.js:234:50
    new Promise (<anonymous>)
    Query.run (/Users/jonhy/PersonalDatas/Codes/github/anysoft/qinglong/node_modules/.pnpm/sequelize@6.37.5_@whyour+sqlite3@1.1.2/node_modules/sequelize/src/dialects/sqlite/query.js:234:12)
    /Users/jonhy/PersonalDatas/Codes/github/anysoft/qinglong/node_modules/.pnpm/sequelize@6.37.5_@whyour+sqlite3@1.1.2/node_modules/sequelize/src/sequelize.js:650:28
    async triggerTimezone (eval at loadSecurityModule (/Users/jonhy/PersonalDatas/Codes/github/anysoft/qinglong/test/helpers/load-security-module.cjs:35:3), <anonymous>:10:18)
    async createTriggerSchema (eval at loadSecurityModule (/Users/jonhy/PersonalDatas/Codes/github/anysoft/qinglong/test/helpers/load-security-module.cjs:35:3), <anonymous>:35:22)
    async eval (eval at loadSecurityModule (/Users/jonhy/PersonalDatas/Codes/github/anysoft/qinglong/test/helpers/load-security-module.cjs:35:3), <anonymous>:192:17)
    async /Users/jonhy/PersonalDatas/Codes/github/anysoft/qinglong/node_modules/.pnpm/sequelize@6.37.5_@whyour+sqlite3@1.1.2/node_modules/sequelize/src/sequelize.js:1197:18
    async Object.initializeOperationalSchema (eval at loadSecurityModule (/Users/jonhy/PersonalDatas/Codes/github/anysoft/qinglong/test/helpers/load-security-module.cjs:35:3), <anonymous>:60:5)
  ...
# Subtest: tampered v2 signature and unknown version fail closed
ok 298 - tampered v2 signature and unknown version fail closed
  ---
  duration_ms: 1300.540917
  type: 'test'
  ...
# Subtest: Environment API scopes, strict input, definitions, optimistic revisions, reference protection and safe empty deletion
not ok 299 - Environment API scopes, strict input, definitions, optimistic revisions, reference protection and safe empty deletion
  ---
  duration_ms: 1474.617292
  type: 'test'
  location: '/Users/jonhy/PersonalDatas/Codes/github/anysoft/qinglong/tests/phase7/api.test.cjs:5:1'
  failureType: 'testCodeFailure'
  error: 'SQLITE_ERROR: no such table: Systems'
  code: 'ERR_TEST_FAILURE'
  name: 'SequelizeDatabaseError'
  stack: |-
    Database.<anonymous> (/Users/jonhy/PersonalDatas/Codes/github/anysoft/qinglong/node_modules/.pnpm/sequelize@6.37.5_@whyour+sqlite3@1.1.2/node_modules/sequelize/src/dialects/sqlite/query.js:236:27)
    /Users/jonhy/PersonalDatas/Codes/github/anysoft/qinglong/node_modules/.pnpm/sequelize@6.37.5_@whyour+sqlite3@1.1.2/node_modules/sequelize/src/dialects/sqlite/query.js:234:50
    new Promise (<anonymous>)
    Query.run (/Users/jonhy/PersonalDatas/Codes/github/anysoft/qinglong/node_modules/.pnpm/sequelize@6.37.5_@whyour+sqlite3@1.1.2/node_modules/sequelize/src/dialects/sqlite/query.js:234:12)
    /Users/jonhy/PersonalDatas/Codes/github/anysoft/qinglong/node_modules/.pnpm/sequelize@6.37.5_@whyour+sqlite3@1.1.2/node_modules/sequelize/src/sequelize.js:650:28
    async triggerTimezone (eval at loadSecurityModule (/Users/jonhy/PersonalDatas/Codes/github/anysoft/qinglong/test/helpers/load-security-module.cjs:35:3), <anonymous>:10:18)
    async createTriggerSchema (eval at loadSecurityModule (/Users/jonhy/PersonalDatas/Codes/github/anysoft/qinglong/test/helpers/load-security-module.cjs:35:3), <anonymous>:35:22)
    async eval (eval at loadSecurityModule (/Users/jonhy/PersonalDatas/Codes/github/anysoft/qinglong/test/helpers/load-security-module.cjs:35:3), <anonymous>:205:13)
    async /Users/jonhy/PersonalDatas/Codes/github/anysoft/qinglong/node_modules/.pnpm/sequelize@6.37.5_@whyour+sqlite3@1.1.2/node_modules/sequelize/src/sequelize.js:1197:18
    async Object.initializeOperationalSchema (eval at loadSecurityModule (/Users/jonhy/PersonalDatas/Codes/github/anysoft/qinglong/test/helpers/load-security-module.cjs:35:3), <anonymous>:60:5)
  ...
# Subtest: staging write failure, timeout and cancellation release locks, never publish or damage Runtime
not ok 300 - staging write failure, timeout and cancellation release locks, never publish or damage Runtime
  ---
  duration_ms: 1502.683
  type: 'test'
  location: '/Users/jonhy/PersonalDatas/Codes/github/anysoft/qinglong/tests/phase7/failures.test.cjs:5:1'
  failureType: 'testCodeFailure'
  error: 'SQLITE_ERROR: no such table: Systems'
  code: 'ERR_TEST_FAILURE'
  name: 'SequelizeDatabaseError'
  stack: |-
    Database.<anonymous> (/Users/jonhy/PersonalDatas/Codes/github/anysoft/qinglong/node_modules/.pnpm/sequelize@6.37.5_@whyour+sqlite3@1.1.2/node_modules/sequelize/src/dialects/sqlite/query.js:236:27)
    /Users/jonhy/PersonalDatas/Codes/github/anysoft/qinglong/node_modules/.pnpm/sequelize@6.37.5_@whyour+sqlite3@1.1.2/node_modules/sequelize/src/dialects/sqlite/query.js:234:50
    new Promise (<anonymous>)
    Query.run (/Users/jonhy/PersonalDatas/Codes/github/anysoft/qinglong/node_modules/.pnpm/sequelize@6.37.5_@whyour+sqlite3@1.1.2/node_modules/sequelize/src/dialects/sqlite/query.js:234:12)
    /Users/jonhy/PersonalDatas/Codes/github/anysoft/qinglong/node_modules/.pnpm/sequelize@6.37.5_@whyour+sqlite3@1.1.2/node_modules/sequelize/src/sequelize.js:650:28
    async triggerTimezone (eval at loadSecurityModule (/Users/jonhy/PersonalDatas/Codes/github/anysoft/qinglong/test/helpers/load-security-module.cjs:35:3), <anonymous>:10:18)
    async createTriggerSchema (eval at loadSecurityModule (/Users/jonhy/PersonalDatas/Codes/github/anysoft/qinglong/test/helpers/load-security-module.cjs:35:3), <anonymous>:35:22)
    async eval (eval at loadSecurityModule (/Users/jonhy/PersonalDatas/Codes/github/anysoft/qinglong/test/helpers/load-security-module.cjs:35:3), <anonymous>:205:13)
    async /Users/jonhy/PersonalDatas/Codes/github/anysoft/qinglong/node_modules/.pnpm/sequelize@6.37.5_@whyour+sqlite3@1.1.2/node_modules/sequelize/src/sequelize.js:1197:18
    async Object.initializeOperationalSchema (eval at loadSecurityModule (/Users/jonhy/PersonalDatas/Codes/github/anysoft/qinglong/test/helpers/load-security-module.cjs:35:3), <anonymous>:60:5)
  ...
# Subtest: partial filesystem deletion remains ERROR and retryable; publication DB failure never switches Current
not ok 301 - partial filesystem deletion remains ERROR and retryable; publication DB failure never switches Current
  ---
  duration_ms: 811.355458
  type: 'test'
  location: '/Users/jonhy/PersonalDatas/Codes/github/anysoft/qinglong/tests/phase7/failures.test.cjs:30:1'
  failureType: 'testCodeFailure'
  error: 'SQLITE_ERROR: no such table: Systems'
  code: 'ERR_TEST_FAILURE'
  name: 'SequelizeDatabaseError'
  stack: |-
    Database.<anonymous> (/Users/jonhy/PersonalDatas/Codes/github/anysoft/qinglong/node_modules/.pnpm/sequelize@6.37.5_@whyour+sqlite3@1.1.2/node_modules/sequelize/src/dialects/sqlite/query.js:236:27)
    /Users/jonhy/PersonalDatas/Codes/github/anysoft/qinglong/node_modules/.pnpm/sequelize@6.37.5_@whyour+sqlite3@1.1.2/node_modules/sequelize/src/dialects/sqlite/query.js:234:50
    new Promise (<anonymous>)
    Query.run (/Users/jonhy/PersonalDatas/Codes/github/anysoft/qinglong/node_modules/.pnpm/sequelize@6.37.5_@whyour+sqlite3@1.1.2/node_modules/sequelize/src/dialects/sqlite/query.js:234:12)
    /Users/jonhy/PersonalDatas/Codes/github/anysoft/qinglong/node_modules/.pnpm/sequelize@6.37.5_@whyour+sqlite3@1.1.2/node_modules/sequelize/src/sequelize.js:650:28
    async triggerTimezone (eval at loadSecurityModule (/Users/jonhy/PersonalDatas/Codes/github/anysoft/qinglong/test/helpers/load-security-module.cjs:35:3), <anonymous>:10:18)
    async createTriggerSchema (eval at loadSecurityModule (/Users/jonhy/PersonalDatas/Codes/github/anysoft/qinglong/test/helpers/load-security-module.cjs:35:3), <anonymous>:35:22)
    async eval (eval at loadSecurityModule (/Users/jonhy/PersonalDatas/Codes/github/anysoft/qinglong/test/helpers/load-security-module.cjs:35:3), <anonymous>:205:13)
    async /Users/jonhy/PersonalDatas/Codes/github/anysoft/qinglong/node_modules/.pnpm/sequelize@6.37.5_@whyour+sqlite3@1.1.2/node_modules/sequelize/src/sequelize.js:1197:18
    async Object.initializeOperationalSchema (eval at loadSecurityModule (/Users/jonhy/PersonalDatas/Codes/github/anysoft/qinglong/test/helpers/load-security-module.cjs:35:3), <anonymous>:60:5)
  ...
# Subtest: Environment ownership refuses symlinks, replaced roots, foreign IDs, unknown files and lease collisions
not ok 302 - Environment ownership refuses symlinks, replaced roots, foreign IDs, unknown files and lease collisions
  ---
  duration_ms: 1525.7045
  type: 'test'
  location: '/Users/jonhy/PersonalDatas/Codes/github/anysoft/qinglong/tests/phase7/paths.test.cjs:5:1'
  failureType: 'testCodeFailure'
  error: 'SQLITE_ERROR: no such table: Systems'
  code: 'ERR_TEST_FAILURE'
  name: 'SequelizeDatabaseError'
  stack: |-
    Database.<anonymous> (/Users/jonhy/PersonalDatas/Codes/github/anysoft/qinglong/node_modules/.pnpm/sequelize@6.37.5_@whyour+sqlite3@1.1.2/node_modules/sequelize/src/dialects/sqlite/query.js:236:27)
    /Users/jonhy/PersonalDatas/Codes/github/anysoft/qinglong/node_modules/.pnpm/sequelize@6.37.5_@whyour+sqlite3@1.1.2/node_modules/sequelize/src/dialects/sqlite/query.js:234:50
    new Promise (<anonymous>)
    Query.run (/Users/jonhy/PersonalDatas/Codes/github/anysoft/qinglong/node_modules/.pnpm/sequelize@6.37.5_@whyour+sqlite3@1.1.2/node_modules/sequelize/src/dialects/sqlite/query.js:234:12)
    /Users/jonhy/PersonalDatas/Codes/github/anysoft/qinglong/node_modules/.pnpm/sequelize@6.37.5_@whyour+sqlite3@1.1.2/node_modules/sequelize/src/sequelize.js:650:28
    async triggerTimezone (eval at loadSecurityModule (/Users/jonhy/PersonalDatas/Codes/github/anysoft/qinglong/test/helpers/load-security-module.cjs:35:3), <anonymous>:10:18)
    async createTriggerSchema (eval at loadSecurityModule (/Users/jonhy/PersonalDatas/Codes/github/anysoft/qinglong/test/helpers/load-security-module.cjs:35:3), <anonymous>:35:22)
    async eval (eval at loadSecurityModule (/Users/jonhy/PersonalDatas/Codes/github/anysoft/qinglong/test/helpers/load-security-module.cjs:35:3), <anonymous>:205:13)
    async /Users/jonhy/PersonalDatas/Codes/github/anysoft/qinglong/node_modules/.pnpm/sequelize@6.37.5_@whyour+sqlite3@1.1.2/node_modules/sequelize/src/sequelize.js:1197:18
    async Object.initializeOperationalSchema (eval at loadSecurityModule (/Users/jonhy/PersonalDatas/Codes/github/anysoft/qinglong/test/helpers/load-security-module.cjs:35:3), <anonymous>:60:5)
  ...
# Subtest: frozen v3 to v4 is transactional, preserves runtime/history and equals fresh signature
not ok 303 - frozen v3 to v4 is transactional, preserves runtime/history and equals fresh signature
  ---
  duration_ms: 1459.012875
  type: 'test'
  location: '/Users/jonhy/PersonalDatas/Codes/github/anysoft/qinglong/tests/phase7/schema.test.cjs:9:1'
  failureType: 'testCodeFailure'
  error: 'SQLITE_ERROR: no such table: Systems'
  code: 'ERR_TEST_FAILURE'
  name: 'SequelizeDatabaseError'
  stack: |-
    Database.<anonymous> (/Users/jonhy/PersonalDatas/Codes/github/anysoft/qinglong/node_modules/.pnpm/sequelize@6.37.5_@whyour+sqlite3@1.1.2/node_modules/sequelize/src/dialects/sqlite/query.js:236:27)
    /Users/jonhy/PersonalDatas/Codes/github/anysoft/qinglong/node_modules/.pnpm/sequelize@6.37.5_@whyour+sqlite3@1.1.2/node_modules/sequelize/src/dialects/sqlite/query.js:234:50
    new Promise (<anonymous>)
    Query.run (/Users/jonhy/PersonalDatas/Codes/github/anysoft/qinglong/node_modules/.pnpm/sequelize@6.37.5_@whyour+sqlite3@1.1.2/node_modules/sequelize/src/dialects/sqlite/query.js:234:12)
    /Users/jonhy/PersonalDatas/Codes/github/anysoft/qinglong/node_modules/.pnpm/sequelize@6.37.5_@whyour+sqlite3@1.1.2/node_modules/sequelize/src/sequelize.js:650:28
    async triggerTimezone (eval at loadSecurityModule (/Users/jonhy/PersonalDatas/Codes/github/anysoft/qinglong/test/helpers/load-security-module.cjs:35:3), <anonymous>:10:18)
    async createTriggerSchema (eval at loadSecurityModule (/Users/jonhy/PersonalDatas/Codes/github/anysoft/qinglong/test/helpers/load-security-module.cjs:35:3), <anonymous>:35:22)
    async eval (eval at loadSecurityModule (/Users/jonhy/PersonalDatas/Codes/github/anysoft/qinglong/test/helpers/load-security-module.cjs:35:3), <anonymous>:205:13)
    async /Users/jonhy/PersonalDatas/Codes/github/anysoft/qinglong/node_modules/.pnpm/sequelize@6.37.5_@whyour+sqlite3@1.1.2/node_modules/sequelize/src/sequelize.js:1197:18
    async Object.initializeOperationalSchema (eval at loadSecurityModule (/Users/jonhy/PersonalDatas/Codes/github/anysoft/qinglong/test/helpers/load-security-module.cjs:35:3), <anonymous>:60:5)
  ...
# Subtest: v3 tampering fails closed before any schema or user-data changes
ok 304 - v3 tampering fails closed before any schema or user-data changes
  ---
  duration_ms: 1926.04375
  type: 'test'
  ...
# Subtest: actual SQLite constraints protect immutable revisions, build identity, current ownership and runtime FKs
ok 305 - actual SQLite constraints protect immutable revisions, build identity, current ownership and runtime FKs
  ---
  duration_ms: 1197.559542
  type: 'test'
  ...
# Subtest: Node panel-only strict API, identity scoping, optimistic definitions and resource-owned operations
not ok 306 - Node panel-only strict API, identity scoping, optimistic definitions and resource-owned operations
  ---
  duration_ms: 1525.456083
  type: 'test'
  location: '/Users/jonhy/PersonalDatas/Codes/github/anysoft/qinglong/tests/phase8/api.test.cjs:5:1'
  failureType: 'testCodeFailure'
  error: 'SQLITE_ERROR: no such table: Systems'
  code: 'ERR_TEST_FAILURE'
  name: 'SequelizeDatabaseError'
  stack: |-
    Database.<anonymous> (/Users/jonhy/PersonalDatas/Codes/github/anysoft/qinglong/node_modules/.pnpm/sequelize@6.37.5_@whyour+sqlite3@1.1.2/node_modules/sequelize/src/dialects/sqlite/query.js:236:27)
    /Users/jonhy/PersonalDatas/Codes/github/anysoft/qinglong/node_modules/.pnpm/sequelize@6.37.5_@whyour+sqlite3@1.1.2/node_modules/sequelize/src/dialects/sqlite/query.js:234:50
    new Promise (<anonymous>)
    Query.run (/Users/jonhy/PersonalDatas/Codes/github/anysoft/qinglong/node_modules/.pnpm/sequelize@6.37.5_@whyour+sqlite3@1.1.2/node_modules/sequelize/src/dialects/sqlite/query.js:234:12)
    /Users/jonhy/PersonalDatas/Codes/github/anysoft/qinglong/node_modules/.pnpm/sequelize@6.37.5_@whyour+sqlite3@1.1.2/node_modules/sequelize/src/sequelize.js:650:28
    async triggerTimezone (eval at loadSecurityModule (/Users/jonhy/PersonalDatas/Codes/github/anysoft/qinglong/test/helpers/load-security-module.cjs:35:3), <anonymous>:10:18)
    async createTriggerSchema (eval at loadSecurityModule (/Users/jonhy/PersonalDatas/Codes/github/anysoft/qinglong/test/helpers/load-security-module.cjs:35:3), <anonymous>:35:22)
    async eval (eval at loadSecurityModule (/Users/jonhy/PersonalDatas/Codes/github/anysoft/qinglong/test/helpers/load-security-module.cjs:35:3), <anonymous>:205:13)
    async /Users/jonhy/PersonalDatas/Codes/github/anysoft/qinglong/node_modules/.pnpm/sequelize@6.37.5_@whyour+sqlite3@1.1.2/node_modules/sequelize/src/sequelize.js:1197:18
    async Object.initializeOperationalSchema (eval at loadSecurityModule (/Users/jonhy/PersonalDatas/Codes/github/anysoft/qinglong/test/helpers/load-security-module.cjs:35:3), <anonymous>:60:5)
  ...
# Subtest: Node Build publish transaction failure and ENOSPC keep Current and Runtime healthy
not ok 307 - Node Build publish transaction failure and ENOSPC keep Current and Runtime healthy
  ---
  duration_ms: 1781.796583
  type: 'test'
  location: '/Users/jonhy/PersonalDatas/Codes/github/anysoft/qinglong/tests/phase8/failures.test.cjs:6:1'
  failureType: 'testCodeFailure'
  error: 'SQLITE_ERROR: no such table: Systems'
  code: 'ERR_TEST_FAILURE'
  name: 'SequelizeDatabaseError'
  stack: |-
    Database.<anonymous> (/Users/jonhy/PersonalDatas/Codes/github/anysoft/qinglong/node_modules/.pnpm/sequelize@6.37.5_@whyour+sqlite3@1.1.2/node_modules/sequelize/src/dialects/sqlite/query.js:236:27)
    /Users/jonhy/PersonalDatas/Codes/github/anysoft/qinglong/node_modules/.pnpm/sequelize@6.37.5_@whyour+sqlite3@1.1.2/node_modules/sequelize/src/dialects/sqlite/query.js:234:50
    new Promise (<anonymous>)
    Query.run (/Users/jonhy/PersonalDatas/Codes/github/anysoft/qinglong/node_modules/.pnpm/sequelize@6.37.5_@whyour+sqlite3@1.1.2/node_modules/sequelize/src/dialects/sqlite/query.js:234:12)
    /Users/jonhy/PersonalDatas/Codes/github/anysoft/qinglong/node_modules/.pnpm/sequelize@6.37.5_@whyour+sqlite3@1.1.2/node_modules/sequelize/src/sequelize.js:650:28
    async triggerTimezone (eval at loadSecurityModule (/Users/jonhy/PersonalDatas/Codes/github/anysoft/qinglong/test/helpers/load-security-module.cjs:35:3), <anonymous>:10:18)
    async createTriggerSchema (eval at loadSecurityModule (/Users/jonhy/PersonalDatas/Codes/github/anysoft/qinglong/test/helpers/load-security-module.cjs:35:3), <anonymous>:35:22)
    async eval (eval at loadSecurityModule (/Users/jonhy/PersonalDatas/Codes/github/anysoft/qinglong/test/helpers/load-security-module.cjs:35:3), <anonymous>:205:13)
    async /Users/jonhy/PersonalDatas/Codes/github/anysoft/qinglong/node_modules/.pnpm/sequelize@6.37.5_@whyour+sqlite3@1.1.2/node_modules/sequelize/src/sequelize.js:1197:18
    async Object.initializeOperationalSchema (eval at loadSecurityModule (/Users/jonhy/PersonalDatas/Codes/github/anysoft/qinglong/test/helpers/load-security-module.cjs:35:3), <anonymous>:60:5)
  ...
# Subtest: Node partial filesystem deletion remains ERROR, preserves unknown files, and explicit retry finalizes DB
ok 308 - Node partial filesystem deletion remains ERROR, preserves unknown files, and explicit retry finalizes DB
  ---
  duration_ms: 5155.289208
  type: 'test'
  ...
# Subtest: official-provider download boundary: checksum mismatch and cancellation never publish Runtime and clean private staging
not ok 309 - official-provider download boundary: checksum mismatch and cancellation never publish Runtime and clean private staging
  ---
  duration_ms: 1952.401333
  type: 'test'
  location: '/Users/jonhy/PersonalDatas/Codes/github/anysoft/qinglong/tests/phase8/provider.test.cjs:5:1'
  failureType: 'testCodeFailure'
  error: 'SQLITE_ERROR: no such table: Systems'
  code: 'ERR_TEST_FAILURE'
  name: 'SequelizeDatabaseError'
  stack: |-
    Database.<anonymous> (/Users/jonhy/PersonalDatas/Codes/github/anysoft/qinglong/node_modules/.pnpm/sequelize@6.37.5_@whyour+sqlite3@1.1.2/node_modules/sequelize/src/dialects/sqlite/query.js:236:27)
    /Users/jonhy/PersonalDatas/Codes/github/anysoft/qinglong/node_modules/.pnpm/sequelize@6.37.5_@whyour+sqlite3@1.1.2/node_modules/sequelize/src/dialects/sqlite/query.js:234:50
    new Promise (<anonymous>)
    Query.run (/Users/jonhy/PersonalDatas/Codes/github/anysoft/qinglong/node_modules/.pnpm/sequelize@6.37.5_@whyour+sqlite3@1.1.2/node_modules/sequelize/src/dialects/sqlite/query.js:234:12)
    /Users/jonhy/PersonalDatas/Codes/github/anysoft/qinglong/node_modules/.pnpm/sequelize@6.37.5_@whyour+sqlite3@1.1.2/node_modules/sequelize/src/sequelize.js:650:28
    async triggerTimezone (eval at loadSecurityModule (/Users/jonhy/PersonalDatas/Codes/github/anysoft/qinglong/test/helpers/load-security-module.cjs:35:3), <anonymous>:10:18)
    async createTriggerSchema (eval at loadSecurityModule (/Users/jonhy/PersonalDatas/Codes/github/anysoft/qinglong/test/helpers/load-security-module.cjs:35:3), <anonymous>:35:22)
    async eval (eval at loadSecurityModule (/Users/jonhy/PersonalDatas/Codes/github/anysoft/qinglong/test/helpers/load-security-module.cjs:35:3), <anonymous>:205:13)
    async /Users/jonhy/PersonalDatas/Codes/github/anysoft/qinglong/node_modules/.pnpm/sequelize@6.37.5_@whyour+sqlite3@1.1.2/node_modules/sequelize/src/sequelize.js:1197:18
    async Object.initializeOperationalSchema (eval at loadSecurityModule (/Users/jonhy/PersonalDatas/Codes/github/anysoft/qinglong/test/helpers/load-security-module.cjs:35:3), <anonymous>:60:5)
  ...
# Subtest: v4 → v5 preserves real Python environment references; fresh matches migration and late failure rolls back
not ok 310 - v4 → v5 preserves real Python environment references; fresh matches migration and late failure rolls back
  ---
  duration_ms: 2368.261208
  type: 'test'
  location: '/Users/jonhy/PersonalDatas/Codes/github/anysoft/qinglong/tests/phase8/schema.test.cjs:8:1'
  failureType: 'testCodeFailure'
  error: 'SQLITE_ERROR: no such table: Systems'
  code: 'ERR_TEST_FAILURE'
  name: 'SequelizeDatabaseError'
  stack: |-
    Database.<anonymous> (/Users/jonhy/PersonalDatas/Codes/github/anysoft/qinglong/node_modules/.pnpm/sequelize@6.37.5_@whyour+sqlite3@1.1.2/node_modules/sequelize/src/dialects/sqlite/query.js:236:27)
    /Users/jonhy/PersonalDatas/Codes/github/anysoft/qinglong/node_modules/.pnpm/sequelize@6.37.5_@whyour+sqlite3@1.1.2/node_modules/sequelize/src/dialects/sqlite/query.js:234:50
    new Promise (<anonymous>)
    Query.run (/Users/jonhy/PersonalDatas/Codes/github/anysoft/qinglong/node_modules/.pnpm/sequelize@6.37.5_@whyour+sqlite3@1.1.2/node_modules/sequelize/src/dialects/sqlite/query.js:234:12)
    /Users/jonhy/PersonalDatas/Codes/github/anysoft/qinglong/node_modules/.pnpm/sequelize@6.37.5_@whyour+sqlite3@1.1.2/node_modules/sequelize/src/sequelize.js:650:28
    async triggerTimezone (eval at loadSecurityModule (/Users/jonhy/PersonalDatas/Codes/github/anysoft/qinglong/test/helpers/load-security-module.cjs:35:3), <anonymous>:10:18)
    async createTriggerSchema (eval at loadSecurityModule (/Users/jonhy/PersonalDatas/Codes/github/anysoft/qinglong/test/helpers/load-security-module.cjs:35:3), <anonymous>:35:22)
    async eval (eval at loadSecurityModule (/Users/jonhy/PersonalDatas/Codes/github/anysoft/qinglong/test/helpers/load-security-module.cjs:35:3), <anonymous>:192:17)
    async /Users/jonhy/PersonalDatas/Codes/github/anysoft/qinglong/node_modules/.pnpm/sequelize@6.37.5_@whyour+sqlite3@1.1.2/node_modules/sequelize/src/sequelize.js:1197:18
    async Object.initializeOperationalSchema (eval at loadSecurityModule (/Users/jonhy/PersonalDatas/Codes/github/anysoft/qinglong/test/helpers/load-security-module.cjs:35:3), <anonymous>:60:5)
  ...
# Subtest: v4 tampering is rejected without mutation
ok 311 - v4 tampering is rejected without mutation
  ---
  duration_ms: 1047.589625
  type: 'test'
  ...
# Subtest: Node actual SQLite constraints protect language/toolchain and immutable revision/build ownership
ok 312 - Node actual SQLite constraints protect language/toolchain and immutable revision/build ownership
  ---
  duration_ms: 1403.831708
  type: 'test'
  ...
# Subtest: archive preflight rejects traversal, absolute paths, symlink/hardlink escape, special files and link ancestors before extraction
ok 313 - archive preflight rejects traversal, absolute paths, symlink/hardlink escape, special files and link ancestors before extraction
  ---
  duration_ms: 2119.118
  type: 'test'
  ...
# Subtest: Node resource IDs, ownership, inode and symlink boundary fail closed without deleting unknown data
ok 314 - Node resource IDs, ownership, inode and symlink boundary fail closed without deleting unknown data
  ---
  duration_ms: 2737.306459
  type: 'test'
  ...
# Subtest: Node catalog, exact versions, platform and registry credential/source policy
ok 315 - Node catalog, exact versions, platform and registry credential/source policy
  ---
  duration_ms: 1527.016459
  type: 'test'
  ...
# Subtest: Task HTTP definitions stay independent of legacy scheduler; API/MANUAL sources explicit
ok 316 - Task HTTP definitions stay independent of legacy scheduler; API/MANUAL sources explicit
  ---
  duration_ms: 5828.866584
  type: 'test'
  ...
# Subtest: Task CRUD, optimistic version, literal arguments, enable readiness and clone secrets
ok 317 - Task CRUD, optimistic version, literal arguments, enable readiness and clone secrets
  ---
  duration_ms: 3191.548208
  type: 'test'
  ...
# Subtest: runtime inheritance changes readiness dynamically, explicit override wins, references protect deletion
ok 318 - runtime inheritance changes readiness dynamically, explicit override wins, references protect deletion
  ---
  duration_ms: 1762.282167
  type: 'test'
  ...
# Subtest: cross-repository source/profile updates roll back atomically and client paths are rejected
ok 319 - cross-repository source/profile updates roll back atomically and client paths are rejected
  ---
  duration_ms: 1247.408334
  type: 'test'
  ...
# Subtest: 1000 Task list uses bounded batch queries and does not expose execution paths
ok 320 - 1000 Task list uses bounded batch queries and does not expose execution paths
  ---
  duration_ms: 13978.852417
  type: 'test'
  ...
# Subtest: Python/JS/TS/Shell binding matrix, missing/wrong environments and effective references
ok 321 - Python/JS/TS/Shell binding matrix, missing/wrong environments and effective references
  ---
  duration_ms: 3708.821875
  type: 'test'
  ...
# Subtest: Task > Subscription > Repository precedence and clone retain subscription-owned logical resources
ok 322 - Task > Subscription > Repository precedence and clone retain subscription-owned logical resources
  ---
  duration_ms: 1732.411375
  type: 'test'
  ...
# Subtest: readiness responds to source loss, disabled profile and malformed Config/Hook without execution snapshots
ok 323 - readiness responds to source loss, disabled profile and malformed Config/Hook without execution snapshots
  ---
  duration_ms: 1360.471334
  type: 'test'
  ...
# Subtest: clone copies Config/Hooks/settings while Task delete keeps independent resources and run history
ok 324 - clone copies Config/Hooks/settings while Task delete keeps independent resources and run history
  ---
  duration_ms: 1018.273291
  type: 'test'
  ...
# Subtest: v5 and fresh Task schema have identical signatures and valid foreign keys
ok 325 - v5 and fresh Task schema have identical signatures and valid foreign keys
  ---
  duration_ms: 2903.728709
  type: 'test'
  ...
# Subtest: v5 command-only task ID and owned secrets survive; failed migration rolls back and retries
ok 326 - v5 command-only task ID and owned secrets survive; failed migration rolls back and retries
  ---
  duration_ms: 1012.701542
  type: 'test'
  ...
# Subtest: v5 populated migration preserves discovery, ENV, Config, Hooks, runtimes, statistics and execution IDs
ok 327 - v5 populated migration preserves discovery, ENV, Config, Hooks, runtimes, statistics and execution IDs
  ---
  duration_ms: 1276.310167
  type: 'test'
  ...
# Subtest: source paths reject traversal, absolute paths, Windows paths, control characters and ambiguous segments
ok 328 - source paths reject traversal, absolute paths, Windows paths, control characters and ambiguous segments
  ---
  duration_ms: 0.767542
  type: 'test'
  ...
# Subtest: arguments are literal structured strings; settings and runtime languages are bounded
ok 329 - arguments are literal structured strings; settings and runtime languages are bounded
  ---
  duration_ms: 0.61775
  type: 'test'
  ...
# Subtest: deep source validation rejects internal and escaping symlinks, directories, FIFO and socket
ok 330 - deep source validation rejects internal and escaping symlinks, directories, FIFO and socket
  ---
  duration_ms: 163.786791
  type: 'test'
  ...
# Subtest: subscription deletion protects discovered Tasks; explicit cascade is atomic and leaves manual Tasks intact
not ok 331 - subscription deletion protects discovered Tasks; explicit cascade is atomic and leaves manual Tasks intact
  ---
  duration_ms: 2774.567917
  type: 'test'
  location: '/Users/jonhy/PersonalDatas/Codes/github/anysoft/qinglong/tests/phase9/subscription-delete.test.cjs:5:1'
  failureType: 'testCodeFailure'
  error: 'Missing expected rejection.'
  code: 'ERR_ASSERTION'
  name: 'AssertionError'
  expected:
  operator: 'rejects'
  stack: |-
    async TestContext.<anonymous> (/Users/jonhy/PersonalDatas/Codes/github/anysoft/qinglong/tests/phase9/subscription-delete.test.cjs:2:1034)
    async Test.run (node:internal/test_runner/test:1054:7)
    async startSubtestAfterBootstrap (node:internal/test_runner/harness:296:3)
  ...
# Subtest: script filename route is removed while the detail API remains
ok 332 - script filename route is removed while the detail API remains
  ---
  duration_ms: 474.84825
  type: 'test'
  ...
# Subtest: log filename route is removed while the detail API remains
ok 333 - log filename route is removed while the detail API remains
  ---
  duration_ms: 156.154667
  type: 'test'
  ...
# Subtest: arbitrary Config editor has no public controller or service
ok 334 - arbitrary Config editor has no public controller or service
  ---
  duration_ms: 0.155959
  type: 'test'
  ...
# Subtest: fresh seed is local, idempotent and creates no usable password or legacy startup task
ok 335 - fresh seed is local, idempotent and creates no usable password or legacy startup task
  ---
  duration_ms: 57.772916
  type: 'test'
  ...
# Subtest: database loader rejects initialization failure rather than allowing workers to start
ok 336 - database loader rejects initialization failure rather than allowing workers to start
  ---
  duration_ms: 952.721875
  type: 'test'
  ...
# Subtest: A/B/D/H/I: stable identity, reusable credentials, secret replacement and deletion protection
ok 337 - A/B/D/H/I: stable identity, reusable credentials, secret replacement and deletion protection
  ---
  duration_ms: 1658.153209
  type: 'test'
  ...
# Subtest: C: encrypted SSH key validation derives public key, preserves secret privacy and supports reuse
ok 338 - C: encrypted SSH key validation derives public key, preserves secret privacy and supports reuse
  ---
  duration_ms: 2741.076125
  type: 'test'
  ...
# Subtest: access tests use only ls-remote, update status, hide remote errors and clean contexts
ok 339 - access tests use only ls-remote, update status, hide remote errors and clean contexts
  ---
  duration_ms: 668.882416
  type: 'test'
  ...
# Subtest: credential update does not mutate the snapshot of a running invocation
ok 340 - credential update does not mutate the snapshot of a running invocation
  ---
  duration_ms: 376.122125
  type: 'test'
  ...
# Subtest: scoped sh account concurrency keeps split secrets in private temporary logs
ok 341 - scoped sh account concurrency keeps split secrets in private temporary logs
  ---
  duration_ms: 2612.524083
  type: 'test'
  ...
# Subtest: scoped js account concurrency keeps split secrets in private temporary logs
ok 342 - scoped js account concurrency keeps split secrets in private temporary logs
  ---
  duration_ms: 2193.757958
  type: 'test'
  ...
# Subtest: scoped py account concurrency keeps split secrets in private temporary logs
ok 343 - scoped py account concurrency keeps split secrets in private temporary logs
  ---
  duration_ms: 2579.053667
  type: 'test'
  ...
# Subtest: real HTTP APIs mask secrets and validation errors, enforce scope and block open access
ok 344 - real HTTP APIs mask secrets and validation errors, enforce scope and block open access
  ---
  duration_ms: 1365.501584
  type: 'test'
  ...
# Subtest: profile CRUD, uniqueness, default, clone secrets, and reference protection
ok 345 - profile CRUD, uniqueness, default, clone secrets, and reference protection
  ---
  duration_ms: 1269.24875
  type: 'test'
  ...
# Subtest: secret keep/replace/clear, metadata edits, atomic batch rollback and safe errors
ok 346 - secret keep/replace/clear, metadata edits, atomic batch rollback and safe errors
  ---
  duration_ms: 1056.748625
  type: 'test'
  ...
# Subtest: profile precedence, manual task, disabled and wrong repository fail closed
ok 347 - profile precedence, manual task, disabled and wrong repository fail closed
  ---
  duration_ms: 957.208583
  type: 'test'
  ...
# Subtest: SET/UNSET/disabled/empty precedence, immutable snapshot and parent isolation
ok 348 - SET/UNSET/disabled/empty precedence, immutable snapshot and parent isolation
  ---
  duration_ms: 468.702333
  type: 'test'
  ...
# Subtest: Global unique contract masks secrets across SDK responses and rejects inherited backend secrets
ok 349 - Global unique contract masks secrets across SDK responses and rejects inherited backend secrets
  ---
  duration_ms: 837.670833
  type: 'test'
  ...
# Subtest: real ID-to-SQLite shell bridge resolves current config, cleans per-run files and fails disabled profiles
ok 350 - real ID-to-SQLite shell bridge resolves current config, cleans per-run files and fails disabled profiles
  ---
  duration_ms: 7196.034375
  type: 'test'
  ...
# Subtest: actual Python/Node/Shell snapshot complex values, UNSET, no interpolation or secret logs
ok 351 - actual Python/Node/Shell snapshot complex values, UNSET, no interpolation or secret logs
  ---
  duration_ms: 6342.865458
  type: 'test'
  ...
# Subtest: 50 simultaneously live runs across repositories/profiles/tasks isolate snapshots and preserve A across update to B
ok 352 - 50 simultaneously live runs across repositories/profiles/tasks isolate snapshots and preserve A across update to B
  ---
  duration_ms: 12457.3385
  type: 'test'
  ...
# Subtest: cross-repository and same-repository profiles stay isolated with task overrides; next unscoped run has no residue
ok 353 - cross-repository and same-repository profiles stay isolated with task overrides; next unscoped run has no residue
  ---
  duration_ms: 3882.756958
  type: 'test'
  ...
# Subtest: malformed scoped request JSON is never echoed by the HTTP error boundary
ok 354 - malformed scoped request JSON is never echoed by the HTTP error boundary
  ---
  duration_ms: 720.706791
  type: 'test'
  ...
# Subtest: streaming secret redaction preserves UTF-8 and masks literal and JSON-escaped multiline values
ok 355 - streaming secret redaction preserves UTF-8 and masks literal and JSON-escaped multiline values
  ---
  duration_ms: 238.611625
  type: 'test'
  ...
# Subtest: snapshot cleanup preserves live owners, removes stale dead owners, rejects symlinks and oversized environment
ok 356 - snapshot cleanup preserves live owners, removes stale dead owners, rejects symlinks and oversized environment
  ---
  duration_ms: 1178.164042
  type: 'test'
  ...
# Subtest: global-only execution allocates a private full snapshot
ok 357 - global-only execution allocates a private full snapshot
  ---
  duration_ms: 731.681125
  type: 'test'
  ...
# Subtest: empty data root creates v4, all bridge/core tables, and restarts without schema writes
ok 358 - empty data root creates v4, all bridge/core tables, and restarts without schema writes
  ---
  duration_ms: 832.811042
  type: 'test'
  ...
# Subtest: unknown nonempty database fails closed and preserves rows and schema
ok 359 - unknown nonempty database fails closed and preserves rows and schema
  ---
  duration_ms: 235.65475
  type: 'test'
  ...
# Subtest: partial DDL failure rolls back all objects and allows a clean retry
not ok 360 - partial DDL failure rolls back all objects and allows a clean retry
  ---
  duration_ms: 641.539167
  type: 'test'
  location: '/Users/jonhy/PersonalDatas/Codes/github/anysoft/qinglong/tests/platform/fresh-schema.test.cjs:54:1'
  failureType: 'testCodeFailure'
  error: 'Missing expected rejection.'
  code: 'ERR_ASSERTION'
  name: 'AssertionError'
  expected:
  operator: 'rejects'
  stack: |-
    async TestContext.<anonymous> (/Users/jonhy/PersonalDatas/Codes/github/anysoft/qinglong/tests/platform/fresh-schema.test.cjs:53:3)
    async Test.run (node:internal/test_runner/test:1054:7)
    async Test.processPendingSubtests (node:internal/test_runner/test:744:7)
  ...
# Subtest: unexpected schema objects are rejected on restart
ok 361 - unexpected schema objects are rejected on restart
  ---
  duration_ms: 706.452375
  type: 'test'
  ...
# Subtest: fresh directory bootstrap refuses symlinked database directory
ok 362 - fresh directory bootstrap refuses symlinked database directory
  ---
  duration_ms: 4.157042
  type: 'test'
  ...
# Subtest: worktree deletion DB failure is recoverable by reconstruction without resetting local history
ok 363 - worktree deletion DB failure is recoverable by reconstruction without resetting local history
  ---
  duration_ms: 10584.358875
  type: 'test'
  ...
# Subtest: repository delete can retry after filesystem success and DB failure
ok 364 - repository delete can retry after filesystem success and DB failure
  ---
  duration_ms: 3439.28825
  type: 'test'
  ...
# Subtest: operation timeout persists ERROR and releases mutation lease
ok 365 - operation timeout persists ERROR and releases mutation lease
  ---
  duration_ms: 2599.6575
  type: 'test'
  ...
# Subtest: ignored files and symlink replacement protect user data; orphan worktrees are diagnosed
ok 366 - ignored files and symlink replacement protect user data; orphan worktrees are diagnosed
  ---
  duration_ms: 4991.100084
  type: 'test'
  ...
# Subtest: remote spelling changes preserve identity, storage and subscription references
ok 367 - remote spelling changes preserve identity, storage and subscription references
  ---
  duration_ms: 2704.2625
  type: 'test'
  ...
# Subtest: Git core.worktree override cannot redirect status or mutations outside managed checkout
ok 368 - Git core.worktree override cannot redirect status or mutations outside managed checkout
  ---
  duration_ms: 2765.075708
  type: 'test'
  ...
# Subtest: dependency command generation retains global Node and optional Python prefix without installing packages
ok 369 - dependency command generation retains global Node and optional Python prefix without installing packages
  ---
  duration_ms: 596.1285
  type: 'test'
  ...
# Subtest: real node-schedule trigger reaches production runTask and drains stdout/stderr
ok 370 - real node-schedule trigger reaches production runTask and drains stdout/stderr
  ---
  duration_ms: 332.68
  type: 'test'
  ...
# Subtest: repository required at domain and DB boundaries; obsolete API fields cannot become persisted columns
ok 371 - repository required at domain and DB boundaries; obsolete API fields cannot become persisted columns
  ---
  duration_ms: 2193.6535
  type: 'test'
  ...
# Subtest: CRUD, cron/interval registration, manual dispatch, stop and ID log identity use one pipeline
ok 372 - CRUD, cron/interval registration, manual dispatch, stop and ID log identity use one pipeline
  ---
  duration_ms: 1997.185041
  type: 'test'
  ...
# Subtest: only repository credential is resolved; disabled credential fails instead of anonymous fallback
ok 373 - only repository credential is resolved; disabled credential fails instead of anonymous fallback
  ---
  duration_ms: 892.350875
  type: 'test'
  ...
# Subtest: staging Bash timeout kills its process group and releases the existing POSIX lease
ok 374 - staging Bash timeout kills its process group and releases the existing POSIX lease
  ---
  duration_ms: 2688.598375
  type: 'test'
  ...
# Subtest: preflight refuses an execution lease instead of accepting cached clean status
ok 375 - preflight refuses an execution lease instead of accepting cached clean status
  ---
  duration_ms: 9329.166167
  type: 'test'
  ...
# Subtest: actual ORM tables, automatic and manual tasks, and execution exit code in isolated SQLite
ok 376 - actual ORM tables, automatic and manual tasks, and execution exit code in isolated SQLite
  ---
  duration_ms: 1663.464792
  type: 'test'
  ...
# Subtest: managed paths use IDs, reject traversal, symlink escape and case collisions
ok 377 - managed paths use IDs, reject traversal, symlink escape and case collisions
  ---
  duration_ms: 130.729958
  type: 'test'
  ...
1..377
# tests 379
# suites 0
# pass 272
# fail 104
# cancelled 0
# skipped 3
# todo 0
# duration_ms 111259.526709
